{"service": "komuter_utara", "origin": "Kamunting", "latest_date": "2026-06-14", "destinations": {"Alor Setar": {"baseline": [1.0, 1.0, 1.0, 1.0, 1.0, 1.3529411764705883, 1.8255813953488371, 1.3703703703703705, 1.1951219512195121, 1.6111111111111112, 1.3703703703703705, 1.5686274509803921, 1.2608695652173914, 1.3846153846153846, 1.5714285714285714, 1.7894736842105263, 1.1785714285714286, 1.2666666666666666, 1.4583333333333333, 1.1764705882352942, 1.125, 1.0, 1.5714285714285714, null], "baseline_730": [1.0, 1.0, 1.0, 1.0, 1.0, 1.3529411764705883, 1.8255813953488371, 1.3703703703703705, 1.1951219512195121, 1.6111111111111112, 1.3703703703703705, 1.5686274509803921, 1.2608695652173914, 1.3846153846153846, 1.5714285714285714, 1.7894736842105263, 1.1785714285714286, 1.2666666666666666, 1.4583333333333333, 1.1764705882352942, 1.125, 1.0, 1.5714285714285714, null], "today": [null, null, null, null, null, null, null, null, null, null, null, 1.0, null, null, null, null, null, 1.0, null, null, null, null, null, null]}, "Anak Bukit": {"baseline": [1.125, 1.0, null, null, 1.0, 1.1428571428571428, 1.6923076923076923, 1.5, 1.0, 1.462962962962963, 1.4666666666666666, 1.619047619047619, 1.4285714285714286, 1.5952380952380953, 1.1666666666666667, 1.9285714285714286, 1.3888888888888888, 1.68, 1.6097560975609757, 1.1, 1.2727272727272727, 1.25, 2.5, null], "baseline_730": [1.125, 1.0, null, null, 1.0, 1.1428571428571428, 1.6923076923076923, 1.5, 1.0, 1.462962962962963, 1.4666666666666666, 1.619047619047619, 1.4285714285714286, 1.5952380952380953, 1.1666666666666667, 1.9285714285714286, 1.3888888888888888, 1.68, 1.6097560975609757, 1.1, 1.2727272727272727, 1.25, 2.5, null], "today": [null, null, null, null, null, null, 1.0, null, null, null, null, null, null, null, null, null, null, null, null, null, null, null, null, null]}, "Arau": {"baseline": [1.0909090909090908, 1.0, 1.0, null, 1.0, 1.6216216216216217, 2.0853658536585367, 1.4210526315789473, 1.5161290322580645, 2.0428571428571427, 1.6538461538461537, 1.75, 1.3611111111111112, 1.6101694915254237, 1.5142857142857142, 2.1857142857142855, 1.3055555555555556, 1.7692307692307692, 1.6727272727272726, 1.5, 1.0769230769230769, 1.1, 3.0, 1.5], "baseline_730": [1.0909090909090908, 1.0, 1.0, null, 1.0, 1.6216216216216217, 2.0853658536585367, 1.4210526315789473, 1.5161290322580645, 2.0428571428571427, 1.6538461538461537, 1.75, 1.3611111111111112, 1.6101694915254237, 1.5142857142857142, 2.1857142857142855, 1.3055555555555556, 1.7692307692307692, 1.6727272727272726, 1.5, 1.0769230769230769, 1.1, 3.0, 1.5], "today": [null, null, null, null, 4.0, null, 1.0, null, null, 1.0, null, null, null, 1.0, 1.0, null, 1.0, 2.0, 1.0, null, null, null, null, 1.0]}, "Bagan Serai": {"baseline": [1.6666666666666667, 1.0, null, 1.0, 1.0, 1.0, 1.3888888888888888, 1.2, 1.0, 1.7857142857142858, 1.0, 1.2857142857142858, 1.25, 1.6538461538461537, 1.0833333333333333, 1.4871794871794872, 1.7333333333333334, 1.6538461538461537, 1.3333333333333333, 1.2857142857142858, 1.0, null, null, null], "baseline_730": [1.6666666666666667, 1.0, null, 1.0, 1.0, 1.0, 1.3888888888888888, 1.2, 1.0, 1.7857142857142858, 1.0, 1.2857142857142858, 1.25, 1.6538461538461537, 1.0833333333333333, 1.4871794871794872, 1.7333333333333334, 1.6538461538461537, 1.3333333333333333, 1.2857142857142858, 1.0, null, null, null], "today": [null, null, null, null, null, null, null, null, null, null, null, null, null, null, null, null, null, null, null, null, null, null, null, null]}, "Bukit Ketri": {"baseline": [null, null, null, null, null, 1.4285714285714286, 1.2666666666666666, 1.5, 1.5, 1.5, 1.0, 1.3157894736842106, 1.0, 1.2142857142857142, 1.0, 1.1904761904761905, 1.25, 1.2666666666666666, 1.0, 1.0, 1.1, 1.0, 1.0, 1.2], "baseline_730": [null, null, null, null, null, 1.4285714285714286, 1.2666666666666666, 1.5, 1.5, 1.5, 1.0, 1.3157894736842106, 1.0, 1.2142857142857142, 1.0, 1.1904761904761905, 1.25, 1.2666666666666666, 1.0, 1.0, 1.1, 1.0, 1.0, 1.2], "today": [null, null, null, null, null, null, null, null, null, null, null, null, null, null, null, null, null, null, null, null, null, null, null, null]}, "Bukit Mertajam": {"baseline": [1.1030927835051547, 1.0, 1.0, 1.5, 1.0, 1.2692307692307692, 3.176056338028169, 3.3503649635036497, 2.639344262295082, 2.4711538461538463, 1.6, 2.205357142857143, 1.6363636363636365, 1.927710843373494, 1.3174603174603174, 2.020618556701031, 1.6376811594202898, 3.0265486725663715, 2.5072463768115942, 1.6363636363636365, 1.1470588235294117, null, 8.0, null], "baseline_730": [1.1030927835051547, 1.0, 1.0, 1.5, 1.0, 1.2692307692307692, 3.176056338028169, 3.3503649635036497, 2.639344262295082, 2.4711538461538463, 1.6, 2.205357142857143, 1.6363636363636365, 1.927710843373494, 1.3174603174603174, 2.020618556701031, 1.6376811594202898, 3.0265486725663715, 2.5072463768115942, 1.6363636363636365, 1.1470588235294117, null, 8.0, null], "today": [null, null, null, null, null, null, 3.0, 7.0, null, 2.0, null, 2.0, null, 5.0, null, 1.0, 3.0, null, 3.0, 2.0, null, null, null, null]}, "Bukit Tengah": {"baseline": [2.2, 1.0, 1.0, 1.0, 1.0, 1.1666666666666667, 4.0, 1.991150442477876, 1.6105263157894736, 1.607843137254902, 1.2037037037037037, 1.5128205128205128, 1.4, 1.8, 1.1875, 1.5833333333333333, 1.25, 2.015151515151515, 1.6785714285714286, 1.5892857142857142, 1.0666666666666667, 1.0, 5.5, null], "baseline_730": [2.2, 1.0, 1.0, 1.0, 1.0, 1.1666666666666667, 4.0, 1.991150442477876, 1.6105263157894736, 1.607843137254902, 1.2037037037037037, 1.5128205128205128, 1.4, 1.8, 1.1875, 1.5833333333333333, 1.25, 2.015151515151515, 1.6785714285714286, 1.5892857142857142, 1.0666666666666667, 1.0, 5.5, null], "today": [null, null, null, null, null, 1.0, 1.0, 1.0, null, null, null, 1.0, 1.0, null, 1.0, null, 3.0, 1.0, 2.0, 3.0, null, null, null, null]}, "Butterworth": {"baseline": [1.9333333333333333, 2.0, 1.0, 1.1666666666666667, 1.0833333333333333, 2.1578947368421053, 4.703225806451613, 2.4692307692307693, 2.28099173553719, 3.5985401459854014, 2.1758241758241756, 3.0916030534351147, 1.5735294117647058, 2.9017857142857144, 2.0588235294117645, 2.396694214876033, 1.9411764705882353, 2.5076923076923077, 2.3203125, 1.8857142857142857, 1.0869565217391304, 1.0, 3.0, null], "baseline_730": [1.9333333333333333, 2.0, 1.0, 1.1666666666666667, 1.0833333333333333, 2.1578947368421053, 4.703225806451613, 2.4692307692307693, 2.28099173553719, 3.5985401459854014, 2.1758241758241756, 3.0916030534351147, 1.5735294117647058, 2.9017857142857144, 2.0588235294117645, 2.396694214876033, 1.9411764705882353, 2.5076923076923077, 2.3203125, 1.8857142857142857, 1.0869565217391304, 1.0, 3.0, null], "today": [null, null, null, null, null, null, 5.0, 2.0, 1.0, 2.0, null, 3.0, null, null, null, 5.0, 2.0, 6.0, 3.0, 1.0, null, null, null, null]}, "Gurun": {"baseline": [1.0, 1.0, 1.0, null, null, 1.0714285714285714, 1.15625, 1.25, 1.2727272727272727, 1.7272727272727273, 1.4, 1.4444444444444444, 1.2222222222222223, 1.5263157894736843, 1.0, 1.5454545454545454, 1.5833333333333333, 1.48, 1.411764705882353, 1.0, 1.0, 1.0, 1.25, null], "baseline_730": [1.0, 1.0, 1.0, null, null, 1.0714285714285714, 1.15625, 1.25, 1.2727272727272727, 1.7272727272727273, 1.4, 1.4444444444444444, 1.2222222222222223, 1.5263157894736843, 1.0, 1.5454545454545454, 1.5833333333333333, 1.48, 1.411764705882353, 1.0, 1.0, 1.0, 1.25, null], "today": [null, null, null, null, null, 1.0, null, null, null, null, null, null, null, null, null, null, null, null, null, null, null, null, null, null]}, "Ipoh": {"baseline": [1.6, 1.1875, 1.125, 1.3333333333333333, 1.1818181818181819, 2.190082644628099, 8.937888198757763, 9.226415094339623, 4.58273381294964, 4.7924528301886795, 2.107843137254902, 2.795918367346939, 4.028368794326241, 2.31, 4.190476190476191, 2.147727272727273, 3.6879432624113475, 2.0, 2.8993288590604025, 2.5284552845528454, 1.6842105263157894, 1.2166666666666666, 5.25, null],