{"service": "komuter_utara", "origin": "Kodiang", "latest_date": "2026-06-14", "destinations": {"Alor Setar": {"baseline": [2.1538461538461537, 1.2, 1.75, 1.0, 1.0, 1.7142857142857142, 2.920289855072464, 3.7379310344827585, 3.7464788732394365, 2.488095238095238, 5.632352941176471, 3.032258064516129, 4.6, 2.493150684931507, 4.154471544715447, 4.744, 3.5272727272727273, 3.1503759398496243, 1.6835443037974684, 2.03125, 1.3870967741935485, 1.3555555555555556, 2.0, null], "baseline_730": [2.1538461538461537, 1.2, 1.75, 1.0, 1.0, 1.7142857142857142, 2.920289855072464, 3.7379310344827585, 3.7464788732394365, 2.488095238095238, 5.632352941176471, 3.032258064516129, 4.6, 2.493150684931507, 4.154471544715447, 4.744, 3.5272727272727273, 3.1503759398496243, 1.6835443037974684, 2.03125, 1.3870967741935485, 1.3555555555555556, 2.0, null], "today": [null, null, null, null, null, null, 5.0, 2.0, 3.0, null, 4.0, 1.0, 1.0, null, 2.0, null, 1.0, 1.0, 1.0, null, null, 1.0, 1.0, null]}, "Anak Bukit": {"baseline": [1.0, 1.3333333333333333, 1.0, 1.0, 1.0, 1.1666666666666667, 1.9663865546218486, 1.6477272727272727, 1.6145833333333333, 1.162162162162162, 1.6744186046511629, 1.4230769230769231, 1.75, 1.3, 2.1818181818181817, 1.7627118644067796, 1.326086956521739, 1.5555555555555556, 1.5609756097560976, 1.8108108108108107, 1.0476190476190477, 1.5, 1.5, null], "baseline_730": [1.0, 1.3333333333333333, 1.0, 1.0, 1.0, 1.1666666666666667, 1.9663865546218486, 1.6477272727272727, 1.6145833333333333, 1.162162162162162, 1.6744186046511629, 1.4230769230769231, 1.75, 1.3, 2.1818181818181817, 1.7627118644067796, 1.326086956521739, 1.5555555555555556, 1.5609756097560976, 1.8108108108108107, 1.0476190476190477, 1.5, 1.5, null], "today": [null, null, null, null, null, null, null, 2.0, 2.0, null, null, null, null, null, null, null, 1.0, null, null, null, null, null, null, null]}, "Arau": {"baseline": [1.0, null, null, null, null, 1.5, 1.2777777777777777, 1.0909090909090908, 1.4186046511627908, 1.368421052631579, 1.1538461538461537, 1.6, 1.6153846153846154, 1.7619047619047619, 1.0, 1.4761904761904763, 1.5777777777777777, 1.4782608695652173, 1.5714285714285714, 1.631578947368421, 1.0689655172413792, 1.0, 1.0, 1.0], "baseline_730": [1.0, null, null, null, null, 1.5, 1.2777777777777777, 1.0909090909090908, 1.4186046511627908, 1.368421052631579, 1.1538461538461537, 1.6, 1.6153846153846154, 1.7619047619047619, 1.0, 1.4761904761904763, 1.5777777777777777, 1.4782608695652173, 1.5714285714285714, 1.631578947368421, 1.0689655172413792, 1.0, 1.0, 1.0], "today": [null, null, null, null, null, null, null, null, null, null, null, null, null, null, null, 1.0, null, null, null, null, null, null, null, null]}, "Bagan Serai": {"baseline": [3.0, null, 1.0, 1.0, 1.0, 1.135135135135135, 1.15, 1.4705882352941178, 1.4, 1.5, 1.2380952380952381, 3.3333333333333335, 1.3571428571428572, 2.4, 1.7878787878787878, 1.1875, 1.2222222222222223, 1.1, 1.0, 1.0, 1.0, null, null, null], "baseline_730": [3.0, null, 1.0, 1.0, 1.0, 1.135135135135135, 1.15, 1.4705882352941178, 1.4, 1.5, 1.2380952380952381, 3.3333333333333335, 1.3571428571428572, 2.4, 1.7878787878787878, 1.1875, 1.2222222222222223, 1.1, 1.0, 1.0, 1.0, null, null, null], "today": [null, null, null, null, null, 1.0, null, null, null, null, null, null, 1.0, null, null, null, null, null, null, null, null, null, null, null]}, "Bukit Ketri": {"baseline": [null, null, 1.0, null, 1.0, null, 1.2, 1.0, 1.0, 1.2, 1.2, 1.5714285714285714, 1.0, 1.875, 1.0, 1.2222222222222223, 1.736842105263158, 1.1, 1.0, 1.4, 1.0, null, null, 1.0], "baseline_730": [null, null, 1.0, null, 1.0, null, 1.2, 1.0, 1.0, 1.2, 1.2, 1.5714285714285714, 1.0, 1.875, 1.0, 1.2222222222222223, 1.736842105263158, 1.1, 1.0, 1.4, 1.0, null, null, 1.0], "today": [null, null, null, null, null, null, null, null, null, null, null, null, null, null, null, null, null, null, 2.0, null, null, null, null, null]}, "Bukit Mertajam": {"baseline": [2.8333333333333335, 1.0714285714285714, 1.0, 1.5, 1.28, 2.526315789473684, 4.972972972972973, 3.732394366197183, 3.538961038961039, 1.6428571428571428, 2.927536231884058, 1.7142857142857142, 2.603448275862069, 1.76, 2.6370967741935485, 2.2900763358778624, 2.576, 2.588235294117647, 2.6545454545454548, 2.6283185840707963, 1.8070175438596492, 3.5118110236220472, 12.0, 1.511111111111111], "baseline_730": [2.8333333333333335, 1.0714285714285714, 1.0, 1.5, 1.28, 2.526315789473684, 4.972972972972973, 3.732394366197183, 3.538961038961039, 1.6428571428571428, 2.927536231884058, 1.7142857142857142, 2.603448275862069, 1.76, 2.6370967741935485, 2.2900763358778624, 2.576, 2.588235294117647, 2.6545454545454548, 2.6283185840707963, 1.8070175438596492, 3.5118110236220472, 12.0, 1.511111111111111], "today": [null, null, null, null, null, 1.0, 3.0, null, 5.0, null, 1.0, null, null, 2.0, 2.0, 2.0, 6.0, 4.0, 2.0, 8.0, 3.0, 7.0, null, null]}, "Bukit Tengah": {"baseline": [1.9090909090909092, 1.0, 1.0, 1.0, 1.0476190476190477, 3.529850746268657, 6.245161290322581, 3.870967741935484, 2.380952380952381, 1.411764705882353, 3.022222222222222, 2.0, 2.819548872180451, 1.673913043478261, 2.5785123966942147, 2.7559055118110236, 2.2956521739130435, 2.873015873015873, 2.5081967213114753, 2.7540983606557377, 1.690721649484536, 4.729166666666667, 7.25, 1.4266666666666667], "baseline_730": [1.9090909090909092, 1.0, 1.0, 1.0, 1.0476190476190477, 3.529850746268657, 6.245161290322581, 3.870967741935484, 2.380952380952381, 1.411764705882353, 3.022222222222222, 2.0, 2.819548872180451, 1.673913043478261, 2.5785123966942147, 2.7559055118110236, 2.2956521739130435, 2.873015873015873, 2.5081967213114753, 2.7540983606557377, 1.690721649484536, 4.729166666666667, 7.25, 1.4266666666666667], "today": [null, null, null, null, null, 1.0, 6.0, null, 2.0, 1.0, 2.0, 1.0, 1.0, null, 5.0, 8.0, 3.0, 4.0, 5.0, 2.0, 2.0, 9.0, null, 2.0]}, "Butterworth": {"baseline": [1.84, 1.8888888888888888, 1.0, 1.6666666666666667, 1.4285714285714286, 2.6363636363636362, 5.0, 3.5833333333333335, 4.442176870748299, 2.0412371134020617, 3.9863945578231292, 1.9910714285714286, 3.3909774436090228, 2.2533333333333334, 3.717391304347826, 3.0, 2.937007874015748, 3.1315789473684212, 2.7235772357723578, 2.94392523364486, 1.5753424657534247, 2.4146341463414633, 6.4, 1.2285714285714286], "baseline_730": [1.84, 1.8888888888888888, 1.0, 1.6666666666666667, 1.4285714285714286, 2.6363636363636362, 5.0, 3.5833333333333335, 4.442176870748299, 2.0412371134020617, 3.9863945578231292, 1.9910714285714286, 3.3909774436090228, 2.2533333333333334, 3.717391304347826, 3.0, 2.937007874015748, 3.1315789473684212, 2.7235772357723578, 2.94392523364486, 1.5753424657534247, 2.4146341463414633, 6.4, 1.2285714285714286], "today": [null, null, null, null, 2.0, 1.0, 4.0, 3.0, 5.0, 3.0, 3.0, 1.0, 1.0, 1.0, 3.0, null, 5.0, 4.0, 1.0, 8.0, 2.0, 3.0, null, 2.0]}, "Gurun": {"baseline": [1.0, 1.3333333333333333, 1.6666666666666667, 1.0, 2.0, 1.3950617283950617, 2.8134328358208953, 1.8771929824561404, 1.6363636363636365, 1.588235294117647, 1.6935483870967742, 1.7413793103448276, 1.8153846153846154, 1.911764705882353, 3.180327868852459, 2.4153846153846152, 2.2470588235294118, 2.108108108108108, 1.830188679245283, 1.3333333333333333, 1.3529411764705883, 1.6935483870967742, 1.5714285714285714, null], "baseline_730": [1.0, 1.3333333333333333, 1.6666666666666667, 1.0, 2.0, 1.3950617283950617, 2.8134328358208953, 1.8771929824561404, 1.6363636363636365, 1.588235294117647, 1.6935483870967742, 1.7413793103448276, 1.8153846153846154, 1.911764705882353, 3.180327868852459, 2.4153846153846152, 2.2470588235294118, 2.108108108108108, 1.830188679245283, 1.3333333333333333, 1.3529411764705883, 1.6935483870967742, 1.5714285714285714, null], "today": [null, null, null, null, null, null, null, 1.0, null, null, null, null, null, null, null, 1.0, 4.0, 2.0, null, 2.0, null, null, null, null]},