{"service": "komuter_utara", "origin": "Sungai Siput", "latest_date": "2026-06-14", "destinations": {"Alor Setar": {"baseline": [1.2, null, 1.0, 1.0, 1.105263157894737, 1.3, 1.75, 1.2727272727272727, 1.5294117647058822, 1.25, 1.3888888888888888, 1.8125, 1.95, 1.2105263157894737, 1.2272727272727273, 1.0714285714285714, 1.6, 1.1428571428571428, 1.5, 1.0, 1.0, null, 2.0, null], "baseline_730": [1.2, null, 1.0, 1.0, 1.105263157894737, 1.3, 1.75, 1.2727272727272727, 1.5294117647058822, 1.25, 1.3888888888888888, 1.8125, 1.95, 1.2105263157894737, 1.2272727272727273, 1.0714285714285714, 1.6, 1.1428571428571428, 1.5, 1.0, 1.0, null, 2.0, null], "today": [null, null, null, null, 1.0, null, null, null, null, null, null, null, null, null, null, null, null, null, null, null, null, null, null, null]}, "Anak Bukit": {"baseline": [1.0, 1.0, 1.0, null, 1.1666666666666667, 1.1111111111111112, 1.5625, 1.0, 1.125, 1.4, 1.3, 1.125, 1.0909090909090908, 1.3333333333333333, 1.6666666666666667, 1.4, 1.3055555555555556, 1.4444444444444444, 1.3333333333333333, null, 1.0, 1.0, 1.0, null], "baseline_730": [1.0, 1.0, 1.0, null, 1.1666666666666667, 1.1111111111111112, 1.5625, 1.0, 1.125, 1.4, 1.3, 1.125, 1.0909090909090908, 1.3333333333333333, 1.6666666666666667, 1.4, 1.3055555555555556, 1.4444444444444444, 1.3333333333333333, null, 1.0, 1.0, 1.0, null], "today": [null, null, null, null, null, null, null, null, null, 1.0, null, null, null, null, null, null, null, null, null, null, null, null, null, null]}, "Arau": {"baseline": [1.8888888888888888, 1.0, 1.0, 1.0, 1.2307692307692308, 1.1818181818181819, 1.4666666666666666, 1.3529411764705883, 1.6136363636363635, 1.4545454545454546, 1.6521739130434783, 1.2580645161290323, 1.3191489361702127, 1.0909090909090908, 1.6545454545454545, 1.1, 1.411764705882353, 1.34375, 1.1, null, 1.2, 1.2, null, null], "baseline_730": [1.8888888888888888, 1.0, 1.0, 1.0, 1.2307692307692308, 1.1818181818181819, 1.4666666666666666, 1.3529411764705883, 1.6136363636363635, 1.4545454545454546, 1.6521739130434783, 1.2580645161290323, 1.3191489361702127, 1.0909090909090908, 1.6545454545454545, 1.1, 1.411764705882353, 1.34375, 1.1, null, 1.2, 1.2, null, null], "today": [null, null, null, null, null, 1.0, null, null, 1.0, 2.0, null, null, null, null, null, 1.0, null, 1.0, null, null, null, 1.0, null, null]}, "Bagan Serai": {"baseline": [null, 4.0, null, null, null, 1.0, 1.2105263157894737, 1.105263157894737, 1.1666666666666667, 1.1111111111111112, 1.625, 1.2, 1.875, 1.1666666666666667, 1.1222222222222222, 1.0, 1.2857142857142858, 1.1666666666666667, 1.0833333333333333, 1.0, 1.0, 1.0, 1.0, null], "baseline_730": [null, 4.0, null, null, null, 1.0, 1.2105263157894737, 1.105263157894737, 1.1666666666666667, 1.1111111111111112, 1.625, 1.2, 1.875, 1.1666666666666667, 1.1222222222222222, 1.0, 1.2857142857142858, 1.1666666666666667, 1.0833333333333333, 1.0, 1.0, 1.0, 1.0, null], "today": [null, null, null, null, null, null, null, null, null, null, 4.0, null, null, 1.0, 1.0, null, null, null, null, null, null, null, null, null]}, "Bukit Ketri": {"baseline": [null, null, null, null, 2.0, null, 2.0, 1.0, 1.4285714285714286, 1.0, 1.5, 1.5, 1.1, 1.0, 1.4, 1.0, 1.0588235294117647, 1.0, 1.0, null, 1.0, 1.4, null, null], "baseline_730": [null, null, null, null, 2.0, null, 2.0, 1.0, 1.4285714285714286, 1.0, 1.5, 1.5, 1.1, 1.0, 1.4, 1.0, 1.0588235294117647, 1.0, 1.0, null, 1.0, 1.4, null, null], "today": [null, null, null, null, null, null, null, null, null, null, null, null, null, null, null, null, null, null, null, null, null, null, null, null]}, "Bukit Mertajam": {"baseline": [1.2307692307692308, 1.0, 1.0, 1.0, 1.75, 1.75, 1.7191011235955056, 1.4444444444444444, 1.7407407407407407, 1.525, 1.7236842105263157, 1.3653846153846154, 1.7377049180327868, 1.8709677419354838, 1.962962962962963, 1.5135135135135136, 1.7692307692307692, 1.876543209876543, 1.8103448275862069, 1.4705882352941178, 1.3103448275862069, 2.0, 3.0, 1.0], "baseline_730": [1.2307692307692308, 1.0, 1.0, 1.0, 1.75, 1.75, 1.7191011235955056, 1.4444444444444444, 1.7407407407407407, 1.525, 1.7236842105263157, 1.3653846153846154, 1.7377049180327868, 1.8709677419354838, 1.962962962962963, 1.5135135135135136, 1.7692307692307692, 1.876543209876543, 1.8103448275862069, 1.4705882352941178, 1.3103448275862069, 2.0, 3.0, 1.0], "today": [null, null, null, null, null, null, null, null, null, 1.0, 1.0, null, null, 2.0, null, null, 4.0, 3.0, 3.0, null, null, null, null, null]}, "Bukit Tengah": {"baseline": [1.0, null, null, null, 1.0, 1.45, 1.5714285714285714, 1.105263157894737, 1.3636363636363635, 1.2352941176470589, 1.2571428571428571, 1.15, 1.1, 1.1428571428571428, 1.125, 1.5263157894736843, 1.5833333333333333, 1.2857142857142858, 1.7241379310344827, 1.2222222222222223, 1.0909090909090908, 1.5, 3.0, 1.0], "baseline_730": [1.0, null, null, null, 1.0, 1.45, 1.5714285714285714, 1.105263157894737, 1.3636363636363635, 1.2352941176470589, 1.2571428571428571, 1.15, 1.1, 1.1428571428571428, 1.125, 1.5263157894736843, 1.5833333333333333, 1.2857142857142858, 1.7241379310344827, 1.2222222222222223, 1.0909090909090908, 1.5, 3.0, 1.0], "today": [null, null, null, null, null, null, null, null, null, null, null, null, null, null, 3.0, null, null, 1.0, null, null, null, null, null, null]}, "Butterworth": {"baseline": [1.3571428571428572, 1.0666666666666667, 1.2857142857142858, 1.1666666666666667, 1.7272727272727273, 1.7777777777777777, 3.0234375, 1.8181818181818181, 3.0, 1.9285714285714286, 2.2747252747252746, 1.831578947368421, 2.1379310344827585, 1.9322033898305084, 2.234042553191489, 1.4509803921568627, 1.8266666666666667, 1.6901408450704225, 1.864864864864865, 1.2, 1.173913043478261, null, 3.6, null], "baseline_730": [1.3571428571428572, 1.0666666666666667, 1.2857142857142858, 1.1666666666666667, 1.7272727272727273, 1.7777777777777777, 3.0234375, 1.8181818181818181, 3.0, 1.9285714285714286, 2.2747252747252746, 1.831578947368421, 2.1379310344827585, 1.9322033898305084, 2.234042553191489, 1.4509803921568627, 1.8266666666666667, 1.6901408450704225, 1.864864864864865, 1.2, 1.173913043478261, null, 3.6, null], "today": [1.0, null, null, null, null, null, 2.0, null, null, null, 2.0, 1.0, 1.0, 3.0, 1.0, 2.0, null, 2.0, 3.0, null, 1.0, null, null, null]}, "Gurun": {"baseline": [1.0, 1.0, null, null, 1.0, 1.0, 1.0625, 1.0, 1.3333333333333333, 1.0, 1.5454545454545454, 1.0, 1.3636363636363635, 1.25, 1.2727272727272727, 1.0833333333333333, 1.2352941176470589, 1.3478260869565217, 1.3333333333333333, 1.0, 1.0, null, 2.0, null], "baseline_730": [1.0, 1.0, null, null, 1.0, 1.0, 1.0625, 1.0, 1.3333333333333333, 1.0, 1.5454545454545454, 1.0, 1.3636363636363635, 1.25, 1.2727272727272727, 1.0833333333333333, 1.2352941176470589, 1.3478260869565217, 1.3333333333333333, 1.0, 1.0, null, 2.0, null], "today": [null, null, null, null, null, null, 1.0, null, null, null, null, null, null, null, null, null, null, null, null, null, null, null, null, null]}, "Ipoh": {"baseline": [1.8125, 1.5714285714285714, 1.3333333333333333, 1.0, 1.0, 1.6, 6.248322147651007, 8.019480519480519, 7.032467532467533, 2.4054054054054053, 3.8680555555555554, 2.366412213740458, 1.7777777777777777, 3.2232142857142856, 1.858695652173913, 2.0224719101123596, 1.6, 1.9684210526315788, 1.8737864077669903, 1.7358490566037736, 1.2083333333333333, 1.2857142857142858, 8.0, null], "baseline_730": [1.8125, 1.5714285714285714, 1.3333333333333333, 1.0, 1.0, 1.6, 6.248322147651007, 8.019480519480519, 7.032467532467533, 2.4054054054054053, 3.8680555555555554, 2.366412213740458, 1.7777777777777777, 3.2232142857142856, 1.858695652173913, 2.0224719101123596, 1.6, 1.9684210526315788, 1.8737864077669903, 1.7358490566037736, 1.2083333333333333, 1.2857142857142858, 8.0, null], "today": [null, null, null, 1.0, null, null, 3.0, 5.0, 2.0, null, 3.0, 4.0, null, 1.0, 1.0, 2.0, null, null, 2.0, null, null, null, null, null]},