{"min_lat": 4.776524, "max_lat": 6.37066, "min_lon": 100.30266, "max_lon": 100.932601}