{"service": "komuter_utara", "origin": "Arau", "latest_date": "2025-12-31", "destinations": {"Alor Setar": {"baseline": [2.4166666666666665, 2.0840336134453783, 1.6842105263157894, 1.3513513513513513, 1.5098039215686274, 2.1358490566037736, 11.914600550964188, 20.256906077348066, 22.686813186813186, 11.923943661971832, 31.607142857142858, 12.385674931129477, 23.821428571428573, 9.893854748603353, 19.09090909090909, 16.052197802197803, 11.218232044198896, 14.347107438016529, 10.434540389972145, 8.696969696969697, 2.921232876712329, 3.7191358024691357, 1.7951219512195122, 1.9166666666666667], "today": [null, null, 2.0, null, null, 1.0, 14.0, 13.0, 23.0, 3.0, 23.0, 6.0, 21.0, 6.0, 19.0, 14.0, 19.0, 17.0, 20.0, 21.0, 3.0, 18.0, 4.0, null]}, "Anak Bukit": {"baseline": [1.5795454545454546, 1.4509803921568627, 1.1818181818181819, 1.1666666666666667, 1.2105263157894737, 2.05726872246696, 6.46067415730337, 8.192200557103064, 7.302777777777778, 2.834983498349835, 4.6314199395770395, 3.6533333333333333, 5.394029850746269, 3.6493055555555554, 5.501519756838905, 5.511428571428572, 5.6173913043478265, 7.853932584269663, 6.067796610169491, 6.110795454545454, 2.0969162995594712, 2.3284132841328415, 1.4933333333333334, 2.4], "today": [2.0, null, null, null, 1.0, null, 5.0, 9.0, 6.0, 3.0, 2.0, 2.0, 8.0, 1.0, 5.0, 7.0, 8.0, 7.0, 6.0, 14.0, 2.0, 5.0, null, null]}, "Arau": {"baseline": [1.0, null, null, 1.0, null, null, 1.2432432432432432, 1.1818181818181819, 1.0, 1.0, 1.0714285714285714, 1.1666666666666667, 1.0, 1.1, 1.0476190476190477, 1.0909090909090908, 1.2, 1.0, 1.2, 1.0, 1.2, 1.0909090909090908, 1.3333333333333333, null], "today": [null, null, null, null, null, null, 3.0, null, null, null, null, null, null, null, null, null, null, null, null, null, null, null, null, null]}, "Bagan Serai": {"baseline": [1.0476190476190477, 1.0, 1.0, 1.0, 1.0, 1.2686567164179106, 1.3875, 1.5517241379310345, 1.6142857142857143, 1.607843137254902, 1.94375, 1.7777777777777777, 2.187878787878788, 1.7521367521367521, 2.3, 1.955223880597015, 2.12, 2.1052631578947367, 1.3061224489795917, 1.2407407407407407, 1.1428571428571428, 1.25, 1.25, null], "today": [null, null, null, null, null, 1.0, null, null, null, null, null, null, 2.0, null, null, null, 3.0, 1.0, null, null, null, null, null, null]}, "Bukit Ketri": {"baseline": [1.0, null, 1.0, 1.0, 1.0, 1.6666666666666667, 1.25, 1.3902439024390243, 1.263157894736842, 1.380952380952381, 1.0909090909090908, 1.7666666666666666, 1.0357142857142858, 1.7674418604651163, 1.2972972972972974, 1.3076923076923077, 1.9367088607594938, 1.3191489361702127, 1.6545454545454545, 1.78125, 1.84375, 1.8, 1.6666666666666667, 1.0], "today": [null, null, null, null, null, null, null, null, 1.0, null, null, null, null, 1.0, null, null, null, null, null, 1.0, null, null, null, null]}, "Bukit Mertajam": {"baseline": [1.6546762589928057, 1.27, 1.3387096774193548, 1.375, 1.5510204081632653, 4.85459940652819, 7.856338028169014, 9.209366391184574, 8.740331491712707, 5.972222222222222, 10.848484848484848, 4.9447852760736195, 10.92797783933518, 5.130030959752322, 12.377410468319558, 9.320441988950277, 11.74931129476584, 10.558333333333334, 11.314049586776859, 8.696378830083566, 4.665706051873199, 7.311111111111111, 1.3636363636363635, 1.8355555555555556], "today": [null, null, 1.0, 3.0, null, 1.0, 11.0, 16.0, 5.0, 5.0, 21.0, 7.0, 9.0, 3.0, 8.0, 13.0, 7.0, 20.0, 24.0, 15.0, 7.0, 7.0, 1.0, 7.0]}, "Bukit Tengah": {"baseline": [1.5512820512820513, 1.411764705882353, 1.21875, 1.2142857142857142, 1.7122641509433962, 9.961764705882352, 12.317548746518106, 13.225626740947074, 5.356741573033708, 2.5072463768115942, 6.069252077562327, 2.6785714285714284, 5.762569832402234, 2.4785992217898833, 5.94017094017094, 4.836676217765043, 5.743661971830986, 5.252124645892351, 5.9147727272727275, 6.193732193732194, 3.7610619469026547, 8.330578512396695, 1.2727272727272727, 1.9779735682819384], "today": [1.0, 1.0, 1.0, null, 1.0, 6.0, 19.0, 20.0, 5.0, 1.0, 6.0, 6.0, 5.0, null, 5.0, 4.0, 5.0, 9.0, 20.0, 3.0, 2.0, 8.0, null, null]}, "Butterworth": {"baseline": [2.7510548523206753, 1.8980891719745223, 1.6568627450980393, 1.5694444444444444, 1.9634146341463414, 10.452513966480447, 14.543956043956044, 18.706043956043956, 17.774725274725274, 9.647222222222222, 20.67032967032967, 8.042492917847026, 21.274725274725274, 8.57703081232493, 21.181318681318682, 14.513736263736265, 16.305785123966942, 14.87603305785124, 12.884615384615385, 10.895316804407713, 4.480597014925373, 6.621848739495798, 1.5, 1.7912621359223302], "today": [1.0, 2.0, null, null, 1.0, 8.0, 11.0, 37.0, 31.0, 19.0, 28.0, 13.0, 31.0, 8.0, 31.0, 30.0, 26.0, 40.0, 27.0, 43.0, 9.0, 16.0, null, 2.0]}, "Gurun": {"baseline": [1.5384615384615385, 1.1304347826086956, 1.0, 1.1428571428571428, 1.0, 1.5965665236051503, 6.184873949579832, 6.174785100286533, 3.471299093655589, 2.539094650205761, 3.8461538461538463, 2.8659420289855073, 4.444444444444445, 3.458823529411765, 5.5064935064935066, 5.041543026706232, 5.774285714285714, 8.071633237822349, 7.5413105413105415, 4.205787781350482, 2.1707317073170733, 2.6496350364963503, 1.3047619047619048, 2.0], "today": [null, null, null, null, null, 2.0, 10.0, 3.0, 2.0, 2.0, 1.0, 2.0, 5.0, 2.0, 2.0, 2.0, 3.0, 11.0, 19.0, 11.0, 3.0, 8.0, null, null]}, "Ipoh": {"baseline": [1.8251748251748252, 1.5794392523364487, 1.2380952380952381, 1.2545454545454546, 1.8699186991869918, 2.444015444015444, 3.570909090909091, 5.4766355140186915, 2.9809885931558937, 3.356401384083045, 5.283185840707965, 4.169871794871795, 5.982248520710059, 3.5714285714285716, 7.108882521489972, 4.26158940397351, 5.059561128526646, 3.7577854671280275, 2.2045454545454546, 1.6754385964912282, 1.9787234042553192, 2.0833333333333335, 1.2916666666666667, 1.6666666666666667], "today": [null, 2.0, null, null, null, 5.0, 2.0, 8.0, 2.0, 2.0, 7.0, null, 6.0, 1.0, 11.0, 7.0, 13.0, 7.0, 2.0, 4.0, 2.0, 1.0, null, null]}, "Kamunting": {"baseline": [1.1333333333333333, 1.0833333333333333, 1.0, 1.0, 1.1666666666666667, 1.2758620689655173, 1.4774774774774775, 1.7372262773722629, 1.4782608695652173, 1.4767441860465116, 1.9794520547945205, 1.6619718309859155, 1.8571428571428572, 1.603960396039604, 1.9885057471264367, 1.8979591836734695, 1.9705882352941178, 2.0279329608938546, 1.2758620689655173, 1.3125, 1.09375, 1.3333333333333333, 1.0, null], "today": [null, null, null, null, null, null, null, 1.0, null, null, 1.0, 1.0, null, 4.0, null, null, null, null, null, null, null, null, null, null]}, "Kobah": {"baseline": [1.1607142857142858, 1.0454545454545454, 1.0, 1.0, 1.2, 1.164021164021164, 2.9492063492063494, 4.681818181818182, 2.746376811594203, 2.5867768595041323, 3.2716535433070866, 2.8547008547008548, 3.868512110726644, 2.9670781893004117, 4.36551724137931, 3.9220779220779223, 4.4125, 5.623853211009174, 4.153374233128834, 3.1630094043887147, 2.019455252918288, 2.0358744394618835, 1.3529411764705883, 1.25], "today": [null, null, null, null, null, null, 3.0, 4.0, 3.0, null, 1.0, 1.0, 1.0, 2.0, 1.0, 2.0, 5.0, 6.0, 14.0, 9.0, 2.0, 3.0, 3.0, null]}, "Kodiang": {"baseline": [1.6666666666666667, 1.0, null, 1.0, 1.0, 1.0769230769230769, 1.0555555555555556, 1.127659574468085, 1.4594594594594594, 1.2105263157894737, 1.3333333333333333, 1.21875, 1.4098360655737705, 1.3953488372093024, 1.4366197183098592, 1.4426229508196722, 1.3703703703703705, 1.3611111111111112, 1.2105263157894737, 1.3225806451612903, 1.25, 1.3333333333333333, 1.1666666666666667, 1.0], "today": [null, null, null, null, null, null, null, null, null, null, null, null, null, null, null, null, null, null, 1.0, null, null, null, null, null]},