{"service": "komuter_utara", "origin": "Bagan Serai", "latest_date": "2026-06-29", "destinations": {"Alor Setar": {"baseline": [1.0, 1.0, null, null, null, 1.1428571428571428, 1.484375, 1.3714285714285714, 1.5714285714285714, 1.4153846153846155, 1.1363636363636365, 1.606060606060606, 1.6666666666666667, 1.5098039215686274, 1.5666666666666667, 1.7083333333333333, 1.4857142857142858, 1.4761904761904763, 1.25, 1.3783783783783783, 1.0, 1.0, 1.0, null], "baseline_730": [1.0, 1.0, null, null, null, 1.1428571428571428, 1.484375, 1.3714285714285714, 1.5714285714285714, 1.4153846153846155, 1.1363636363636365, 1.606060606060606, 1.6666666666666667, 1.5098039215686274, 1.5666666666666667, 1.7083333333333333, 1.4857142857142858, 1.4761904761904763, 1.25, 1.3783783783783783, 1.0, 1.0, 1.0, null], "today": [null, null, null, null, null, null, null, 1.0, null, null, null, null, null, null, 1.0, 1.0, null, null, null, null, null, null, null, null]}, "Anak Bukit": {"baseline": [1.25, 1.4, 1.0, null, 1.0, 1.2666666666666666, 1.186046511627907, 1.2835820895522387, 1.75, 1.5471698113207548, 1.2941176470588236, 1.5625, 1.25, 1.711111111111111, 1.25, 1.8444444444444446, 2.0, 1.303030303030303, 1.2432432432432432, 1.0555555555555556, 1.0, 1.0, 1.0, null], "baseline_730": [1.25, 1.4, 1.0, null, 1.0, 1.2666666666666666, 1.186046511627907, 1.2835820895522387, 1.75, 1.5471698113207548, 1.2941176470588236, 1.5625, 1.25, 1.711111111111111, 1.25, 1.8444444444444446, 2.0, 1.303030303030303, 1.2432432432432432, 1.0555555555555556, 1.0, 1.0, 1.0, null], "today": [null, null, null, null, null, null, null, null, null, null, null, null, null, null, null, null, null, null, null, null, null, null, null, null]}, "Arau": {"baseline": [1.0, 1.0, 1.0, 1.0, 2.6666666666666665, 1.4186046511627908, 1.8311688311688312, 1.8823529411764706, 1.2162162162162162, 1.9859154929577465, 1.6666666666666667, 1.8596491228070176, 1.3773584905660377, 2.0434782608695654, 1.6724137931034482, 2.3411764705882354, 1.721311475409836, 1.8636363636363635, 1.8571428571428572, 1.0, 1.3333333333333333, 1.1428571428571428, null, 1.0], "baseline_730": [1.0, 1.0, 1.0, 1.0, 2.6666666666666665, 1.4186046511627908, 1.8311688311688312, 1.8823529411764706, 1.2162162162162162, 1.9859154929577465, 1.6666666666666667, 1.8596491228070176, 1.3773584905660377, 2.0434782608695654, 1.6724137931034482, 2.3411764705882354, 1.721311475409836, 1.8636363636363635, 1.8571428571428572, 1.0, 1.3333333333333333, 1.1428571428571428, null, 1.0], "today": [null, null, null, null, null, null, 3.0, null, null, 2.0, 1.0, null, 2.0, 3.0, 1.0, 1.0, null, null, 1.0, null, null, null, null, null]}, "Bagan Serai": {"baseline": [null, null, null, null, null, null, 1.0, 1.5, 1.0, null, 2.0, 1.0, null, 1.0, null, 1.3333333333333333, 1.3333333333333333, 1.0, 1.0, null, null, null, null, null], "baseline_730": [null, null, null, null, null, null, 1.0, 1.5, 1.0, null, 2.0, 1.0, null, 1.0, null, 1.3333333333333333, 1.3333333333333333, 1.0, 1.0, null, null, null, null, null], "today": [null, null, null, null, null, null, null, null, null, null, null, null, null, null, null, null, null, null, null, null, null, null, null, null]}, "Bukit Ketri": {"baseline": [null, null, null, null, null, 1.0, 1.0869565217391304, 1.5454545454545454, 1.0769230769230769, 1.25, 1.375, 1.5, 1.0, 1.0833333333333333, 1.0, 1.0769230769230769, 1.0625, 1.0338983050847457, 1.1333333333333333, 1.5, 1.0, 1.0, 2.0, null], "baseline_730": [null, null, null, null, null, 1.0, 1.0869565217391304, 1.5454545454545454, 1.0769230769230769, 1.25, 1.375, 1.5, 1.0, 1.0833333333333333, 1.0, 1.0769230769230769, 1.0625, 1.0338983050847457, 1.1333333333333333, 1.5, 1.0, 1.0, 2.0, null], "today": [null, null, null, null, null, null, null, null, 1.0, null, null, 2.0, null, null, null, null, null, null, null, null, null, null, null, null]}, "Bukit Mertajam": {"baseline": [1.8333333333333333, 1.2, 1.3333333333333333, 1.0, 1.2, 1.346938775510204, 2.3503649635036497, 6.565217391304348, 3.6842105263157894, 2.21875, 2.0172413793103448, 1.8359375, 1.802325581395349, 1.9885057471264367, 1.6363636363636365, 1.923913043478261, 2.1785714285714284, 1.8842105263157896, 2.4285714285714284, 1.7532467532467533, 1.0, null, 4.0, 1.0], "baseline_730": [1.8333333333333333, 1.2, 1.3333333333333333, 1.0, 1.2, 1.346938775510204, 2.3503649635036497, 6.565217391304348, 3.6842105263157894, 2.21875, 2.0172413793103448, 1.8359375, 1.802325581395349, 1.9885057471264367, 1.6363636363636365, 1.923913043478261, 2.1785714285714284, 1.8842105263157896, 2.4285714285714284, 1.7532467532467533, 1.0, null, 4.0, 1.0], "today": [null, null, null, null, null, null, 4.0, 9.0, 3.0, null, null, 1.0, null, null, 1.0, null, 1.0, 2.0, 1.0, null, null, null, null, null]}, "Bukit Tengah": {"baseline": [1.0, 1.0, 1.0, null, null, 1.1408450704225352, 2.125, 1.7394957983193278, 1.2280701754385965, 1.6511627906976745, 1.3265306122448979, 1.3703703703703705, 1.2820512820512822, 1.8974358974358974, 1.2916666666666667, 1.5294117647058822, 1.2962962962962963, 1.5454545454545454, 1.3548387096774193, 1.5277777777777777, 1.3333333333333333, null, 1.0, null], "baseline_730": [1.0, 1.0, 1.0, null, null, 1.1408450704225352, 2.125, 1.7394957983193278, 1.2280701754385965, 1.6511627906976745, 1.3265306122448979, 1.3703703703703705, 1.2820512820512822, 1.8974358974358974, 1.2916666666666667, 1.5294117647058822, 1.2962962962962963, 1.5454545454545454, 1.3548387096774193, 1.5277777777777777, 1.3333333333333333, null, 1.0, null], "today": [null, null, null, null, null, null, 2.0, 1.0, null, null, null, 1.0, null, null, null, null, null, null, null, null, null, null, null, null]}, "Butterworth": {"baseline": [1.25, 1.25, 1.3, 1.0, 1.125, 1.9038461538461537, 4.2405063291139244, 4.903030303030303, 3.128205128205128, 3.142857142857143, 2.206611570247934, 2.9193548387096775, 2.3563218390804597, 2.377049180327869, 1.8085106382978724, 2.6018518518518516, 1.898989898989899, 2.491228070175439, 2.204379562043796, 2.0, 1.1176470588235294, 1.3333333333333333, 3.7142857142857144, null], "baseline_730": [1.25, 1.25, 1.3, 1.0, 1.125, 1.9038461538461537, 4.2405063291139244, 4.903030303030303, 3.128205128205128, 3.142857142857143, 2.206611570247934, 2.9193548387096775, 2.3563218390804597, 2.377049180327869, 1.8085106382978724, 2.6018518518518516, 1.898989898989899, 2.491228070175439, 2.204379562043796, 2.0, 1.1176470588235294, 1.3333333333333333, 3.7142857142857144, null], "today": [null, null, null, null, 1.0, 2.0, 10.0, 9.0, 2.0, 1.0, null, 1.0, null, 1.0, 1.0, null, 2.0, 2.0, 1.0, 1.0, null, null, null, null]}, "Gurun": {"baseline": [null, 2.0, null, null, 1.0, 1.1111111111111112, 1.0952380952380953, 1.5294117647058822, 1.0, 1.9411764705882353, 1.4166666666666667, 1.32, 1.0, 1.3214285714285714, 1.8, 1.45, 1.4615384615384615, 1.1764705882352942, 1.2272727272727273, 1.6, 1.0, 1.0, 1.0, null], "baseline_730": [null, 2.0, null, null, 1.0, 1.1111111111111112, 1.0952380952380953, 1.5294117647058822, 1.0, 1.9411764705882353, 1.4166666666666667, 1.32, 1.0, 1.3214285714285714, 1.8, 1.45, 1.4615384615384615, 1.1764705882352942, 1.2272727272727273, 1.6, 1.0, 1.0, 1.0, null], "today": [null, null, null, null, null, null, null, null, null, null, null, null, null, null, null, null, 1.0, null, null, null, null, null, null, null]}, "Ipoh": {"baseline": [1.4375, 1.3, 1.2727272727272727, 1.0, 1.18, 1.956140350877193, 4.820987654320987, 4.690322580645161, 3.446043165467626, 4.083333333333333, 1.9523809523809523, 2.141732283464567, 3.1954887218045114, 1.7397260273972603, 2.8095238095238093, 1.564516129032258, 3.1068702290076335, 2.164705882352941, 2.533333333333333, 1.9405940594059405, 1.1818181818181819, 1.0740740740740742, 3.25, null],