{"service": "komuter_utara", "origin": "Bagan Serai", "latest_date": "2026-07-07", "destinations": {"Alor Setar": {"baseline": [1.0, 1.0, null, null, null, 1.1355932203389831, 1.4929577464788732, 1.3375, 1.5517241379310345, 1.4285714285714286, 1.12, 1.625, 1.625, 1.5, 1.53125, 1.6981132075471699, 1.4864864864864864, 1.4776119402985075, 1.2432432432432432, 1.5263157894736843, 1.0, 1.0, 1.0, null], "baseline_730": [1.0, 1.0, null, null, null, 1.1355932203389831, 1.4929577464788732, 1.3375, 1.5517241379310345, 1.4285714285714286, 1.12, 1.625, 1.625, 1.5, 1.53125, 1.6981132075471699, 1.4864864864864864, 1.4776119402985075, 1.2432432432432432, 1.5263157894736843, 1.0, 1.0, 1.0, null], "today": [null, null, null, null, null, null, 1.0, 1.0, null, null, 1.0, 1.0, null, null, null, null, null, null, null, 1.0, null, null, null, null]}, "Anak Bukit": {"baseline": [1.25, 1.2857142857142858, 1.0, null, 1.0, 1.3529411764705883, 1.2340425531914894, 1.2794117647058822, 1.6923076923076923, 1.6140350877192982, 1.4736842105263157, 1.6153846153846154, 1.2380952380952381, 1.6666666666666667, 1.25, 1.88, 2.0, 1.3142857142857143, 1.225, 1.0526315789473684, 1.0, 1.0, 1.0, null], "baseline_730": [1.25, 1.2857142857142858, 1.0, null, 1.0, 1.3529411764705883, 1.2340425531914894, 1.2794117647058822, 1.6923076923076923, 1.6140350877192982, 1.4736842105263157, 1.6153846153846154, 1.2380952380952381, 1.6666666666666667, 1.25, 1.88, 2.0, 1.3142857142857143, 1.225, 1.0526315789473684, 1.0, 1.0, 1.0, null], "today": [null, null, null, null, null, 1.0, null, null, null, null, null, null, null, null, null, null, null, null, 1.0, null, null, null, null, null]}, "Arau": {"baseline": [1.0, 1.0, 1.0, 1.0, 2.25, 1.4565217391304348, 1.898876404494382, 1.8703703703703705, 1.2105263157894737, 1.9375, 1.7419354838709677, 1.8461538461538463, 1.423728813559322, 2.1012658227848102, 1.6721311475409837, 2.3440860215053765, 1.6567164179104477, 1.9154929577464788, 1.8428571428571427, 1.0476190476190477, 1.25, 1.1428571428571428, null, 1.0], "baseline_730": [1.0, 1.0, 1.0, 1.0, 2.25, 1.4565217391304348, 1.898876404494382, 1.8703703703703705, 1.2105263157894737, 1.9375, 1.7419354838709677, 1.8461538461538463, 1.423728813559322, 2.1012658227848102, 1.6721311475409837, 2.3440860215053765, 1.6567164179104477, 1.9154929577464788, 1.8428571428571427, 1.0476190476190477, 1.25, 1.1428571428571428, null, 1.0], "today": [null, null, null, null, null, null, 2.0, null, null, 1.0, 1.0, null, null, null, null, 2.0, null, null, null, 1.0, 1.0, null, null, null]}, "Bagan Serai": {"baseline": [null, null, null, null, null, null, 1.0, 1.4, 1.0, null, 2.0, 1.0, null, 1.0, null, 1.3333333333333333, 1.3333333333333333, 1.0, 1.0, null, null, null, null, null], "baseline_730": [null, null, null, null, null, null, 1.0, 1.4, 1.0, null, 2.0, 1.0, null, 1.0, null, 1.3333333333333333, 1.3333333333333333, 1.0, 1.0, null, null, null, null, null], "today": [null, null, null, null, null, null, null, null, null, null, null, null, null, null, null, null, null, null, null, null, null, null, null, null]}, "Bukit Ketri": {"baseline": [null, null, null, null, null, 1.0, 1.08, 1.6153846153846154, 1.0666666666666667, 1.5, 1.375, 1.5, 1.0, 1.0666666666666667, 1.1111111111111112, 1.1333333333333333, 1.105263157894737, 1.0454545454545454, 1.125, 1.3333333333333333, 1.1428571428571428, 1.0, 2.0, null], "baseline_730": [null, null, null, null, null, 1.0, 1.08, 1.6153846153846154, 1.0666666666666667, 1.5, 1.375, 1.5, 1.0, 1.0666666666666667, 1.1111111111111112, 1.1333333333333333, 1.105263157894737, 1.0454545454545454, 1.125, 1.3333333333333333, 1.1428571428571428, 1.0, 2.0, null], "today": [null, null, null, null, null, null, 1.0, null, 1.0, null, null, null, null, 1.0, null, null, null, null, null, null, null, null, null, null]}, "Bukit Mertajam": {"baseline": [1.8333333333333333, 1.2, 1.25, 1.0, 1.1666666666666667, 1.3461538461538463, 2.348684210526316, 6.711864406779661, 3.5918367346938775, 2.219858156028369, 1.9763779527559056, 1.8251748251748252, 1.8111111111111111, 1.9456521739130435, 1.6266666666666667, 1.9, 2.0714285714285716, 1.8846153846153846, 2.330769230769231, 1.7317073170731707, 1.0, null, 4.0, 1.0], "baseline_730": [1.8333333333333333, 1.2, 1.25, 1.0, 1.1666666666666667, 1.3461538461538463, 2.348684210526316, 6.711864406779661, 3.5918367346938775, 2.219858156028369, 1.9763779527559056, 1.8251748251748252, 1.8111111111111111, 1.9456521739130435, 1.6266666666666667, 1.9, 2.0714285714285716, 1.8846153846153846, 2.330769230769231, 1.7317073170731707, 1.0, null, 4.0, 1.0], "today": [null, null, null, null, null, null, 2.0, 6.0, null, null, null, 1.0, null, 3.0, null, 3.0, null, 1.0, 1.0, 1.0, null, null, null, null]}, "Bukit Tengah": {"baseline": [1.0, 1.0, 1.0, null, null, 1.1486486486486487, 2.1125827814569536, 1.7293233082706767, 1.2203389830508475, 1.6666666666666667, 1.3653846153846154, 1.3389830508474576, 1.2857142857142858, 1.8604651162790697, 1.2941176470588236, 1.5135135135135136, 1.3214285714285714, 1.5862068965517242, 1.378787878787879, 1.4871794871794872, 1.3333333333333333, null, 1.0, null], "baseline_730": [1.0, 1.0, 1.0, null, null, 1.1486486486486487, 2.1125827814569536, 1.7293233082706767, 1.2203389830508475, 1.6666666666666667, 1.3653846153846154, 1.3389830508474576, 1.2857142857142858, 1.8604651162790697, 1.2941176470588236, 1.5135135135135136, 1.3214285714285714, 1.5862068965517242, 1.378787878787879, 1.4871794871794872, 1.3333333333333333, null, 1.0, null], "today": [null, null, null, null, null, 1.0, 2.0, 1.0, 2.0, null, null, 2.0, null, null, null, null, 1.0, 2.0, null, 1.0, null, null, null, null]}, "Butterworth": {"baseline": [1.2758620689655173, 1.25, 1.3, 1.0, 1.1, 1.9137931034482758, 4.274285714285714, 4.906593406593407, 3.11046511627907, 3.110344827586207, 2.1782945736434107, 2.9338235294117645, 2.3297872340425534, 2.300751879699248, 1.7920792079207921, 2.582608695652174, 1.8679245283018868, 2.4330708661417324, 2.198675496688742, 1.982608695652174, 1.0952380952380953, 1.3333333333333333, 3.7142857142857144, null], "baseline_730": [1.2758620689655173, 1.25, 1.3, 1.0, 1.1, 1.9137931034482758, 4.274285714285714, 4.906593406593407, 3.11046511627907, 3.110344827586207, 2.1782945736434107, 2.9338235294117645, 2.3297872340425534, 2.300751879699248, 1.7920792079207921, 2.582608695652174, 1.8679245283018868, 2.4330708661417324, 2.198675496688742, 1.982608695652174, 1.0952380952380953, 1.3333333333333333, 3.7142857142857144, null], "today": [null, null, null, null, null, null, 4.0, 2.0, 2.0, 1.0, null, 1.0, 1.0, null, null, 1.0, 1.0, 1.0, 2.0, 3.0, null, null, null, null]}, "Gurun": {"baseline": [null, 2.0, null, null, 1.0, 1.1111111111111112, 1.0869565217391304, 1.5294117647058822, 1.0, 1.8421052631578947, 1.3846153846153846, 1.2758620689655173, 1.0, 1.3, 1.6666666666666667, 1.4390243902439024, 1.3529411764705883, 1.1891891891891893, 1.2173913043478262, 1.5, 1.0, 1.0, 1.0, null], "baseline_730": [null, 2.0, null, null, 1.0, 1.1111111111111112, 1.0869565217391304, 1.5294117647058822, 1.0, 1.8421052631578947, 1.3846153846153846, 1.2758620689655173, 1.0, 1.3, 1.6666666666666667, 1.4390243902439024, 1.3529411764705883, 1.1891891891891893, 1.2173913043478262, 1.5, 1.0, 1.0, 1.0, null], "today": [null, null, null, null, null, null, null, null, null, null, null, null, null, null, null, null, null, null, null, null, 1.0, null, null, null]}, "Ipoh": {"baseline": [1.368421052631579, 1.2857142857142858, 1.25, 1.0, 1.18348623853211, 1.9921875, 4.796610169491525, 4.709302325581396, 3.371794871794872, 4.023255813953488, 1.9846153846153847, 2.1785714285714284, 3.3221476510067114, 1.7215189873417722, 2.9245283018867925, 1.5416666666666667, 3.089041095890411, 2.0851063829787235, 2.4829931972789114, 1.908256880733945, 1.1538461538461537, 1.125, 3.25, null],