{"service": "komuter_utara", "origin": "Bagan Serai", "latest_date": "2026-06-21", "destinations": {"Alor Setar": {"baseline": [1.0, 1.0, null, null, null, 1.1454545454545455, 1.484375, 1.3714285714285714, 1.5714285714285714, 1.4153846153846155, 1.1428571428571428, 1.606060606060606, 1.6666666666666667, 1.52, 1.5666666666666667, 1.7083333333333333, 1.4857142857142858, 1.4761904761904763, 1.25, 1.3888888888888888, 1.0, 1.0, 1.0, null], "baseline_730": [1.0, 1.0, null, null, null, 1.1454545454545455, 1.484375, 1.3714285714285714, 1.5714285714285714, 1.4153846153846155, 1.1428571428571428, 1.606060606060606, 1.6666666666666667, 1.52, 1.5666666666666667, 1.7083333333333333, 1.4857142857142858, 1.4761904761904763, 1.25, 1.3888888888888888, 1.0, 1.0, 1.0, null], "today": [null, null, null, null, null, 1.0, null, null, null, null, 1.0, null, null, 1.0, null, null, null, null, null, 1.0, null, null, null, null]}, "Anak Bukit": {"baseline": [1.25, 1.4, 1.0, null, 1.0, 1.2666666666666666, 1.1904761904761905, 1.2835820895522387, 1.75, 1.5471698113207548, 1.2941176470588236, 1.5625, 1.25, 1.7272727272727273, 1.25, 1.8444444444444446, 2.0, 1.303030303030303, 1.2432432432432432, 1.0555555555555556, 1.0, 1.0, 1.0, null], "baseline_730": [1.25, 1.4, 1.0, null, 1.0, 1.2666666666666666, 1.1904761904761905, 1.2835820895522387, 1.75, 1.5471698113207548, 1.2941176470588236, 1.5625, 1.25, 1.7272727272727273, 1.25, 1.8444444444444446, 2.0, 1.303030303030303, 1.2432432432432432, 1.0555555555555556, 1.0, 1.0, 1.0, null], "today": [null, null, null, null, null, null, 1.0, null, null, null, null, null, null, 1.0, null, null, null, null, null, null, null, null, null, null]}, "Arau": {"baseline": [1.0, 1.0, 1.0, 1.0, 2.6666666666666665, 1.4285714285714286, 1.8289473684210527, 1.8823529411764706, 1.2162162162162162, 1.9857142857142858, 1.6666666666666667, 1.8596491228070176, 1.3846153846153846, 2.014705882352941, 1.6491228070175439, 2.3333333333333335, 1.7166666666666666, 1.8153846153846154, 1.8571428571428572, 1.0, 1.2, 1.1428571428571428, null, 1.0], "baseline_730": [1.0, 1.0, 1.0, 1.0, 2.6666666666666665, 1.4285714285714286, 1.8289473684210527, 1.8823529411764706, 1.2162162162162162, 1.9857142857142858, 1.6666666666666667, 1.8596491228070176, 1.3846153846153846, 2.014705882352941, 1.6491228070175439, 2.3333333333333335, 1.7166666666666666, 1.8153846153846154, 1.8571428571428572, 1.0, 1.2, 1.1428571428571428, null, 1.0], "today": [1.0, null, null, null, null, 1.0, 2.0, null, null, 2.0, null, null, 1.0, 4.0, 3.0, 3.0, 2.0, 5.0, null, null, 2.0, null, null, null]}, "Bagan Serai": {"baseline": [null, null, null, null, null, null, 1.0, 1.5, 1.0, null, 2.0, 1.0, null, 1.0, null, 1.3333333333333333, 1.3333333333333333, 1.0, 1.0, null, null, null, null, null], "baseline_730": [null, null, null, null, null, null, 1.0, 1.5, 1.0, null, 2.0, 1.0, null, 1.0, null, 1.3333333333333333, 1.3333333333333333, 1.0, 1.0, null, null, null, null, null], "today": [null, null, null, null, null, null, null, null, null, null, null, null, null, null, null, null, null, null, null, null, null, null, null, null]}, "Bukit Ketri": {"baseline": [null, null, null, null, null, 1.0, 1.0869565217391304, 1.5454545454545454, 1.0769230769230769, 1.25, 1.375, 1.5, 1.0, 1.0833333333333333, 1.0, 1.0769230769230769, 1.0625, 1.0338983050847457, 1.1333333333333333, 1.5, 1.0, 1.0, 2.0, null], "baseline_730": [null, null, null, null, null, 1.0, 1.0869565217391304, 1.5454545454545454, 1.0769230769230769, 1.25, 1.375, 1.5, 1.0, 1.0833333333333333, 1.0, 1.0769230769230769, 1.0625, 1.0338983050847457, 1.1333333333333333, 1.5, 1.0, 1.0, 2.0, null], "today": [null, null, null, null, null, null, null, null, null, null, null, null, null, null, null, null, null, null, null, null, null, null, null, null]}, "Bukit Mertajam": {"baseline": [2.0, 1.2, 1.3333333333333333, 1.0, 1.2, 1.3125, 2.360294117647059, 6.59375, 3.6842105263157894, 2.2125984251968505, 2.026086956521739, 1.8346456692913387, 1.7647058823529411, 2.0, 1.646153846153846, 1.9230769230769231, 2.1621621621621623, 1.8829787234042554, 2.4285714285714284, 1.736842105263158, 1.0, null, 4.0, 1.0], "baseline_730": [2.0, 1.2, 1.3333333333333333, 1.0, 1.2, 1.3125, 2.360294117647059, 6.59375, 3.6842105263157894, 2.2125984251968505, 2.026086956521739, 1.8346456692913387, 1.7647058823529411, 2.0, 1.646153846153846, 1.9230769230769231, 2.1621621621621623, 1.8829787234042554, 2.4285714285714284, 1.736842105263158, 1.0, null, 4.0, 1.0], "today": [1.0, null, null, null, null, 3.0, 1.0, 2.0, null, 3.0, 1.0, 2.0, 5.0, 1.0, 1.0, 2.0, 4.0, 2.0, null, 3.0, null, null, null, null]}, "Bukit Tengah": {"baseline": [1.0, 1.0, 1.0, null, null, 1.1428571428571428, 2.1333333333333333, 1.7394957983193278, 1.2280701754385965, 1.6511627906976745, 1.3333333333333333, 1.3773584905660377, 1.2894736842105263, 1.8974358974358974, 1.297872340425532, 1.5454545454545454, 1.2962962962962963, 1.5555555555555556, 1.3442622950819672, 1.5277777777777777, 1.3333333333333333, null, 1.0, null], "baseline_730": [1.0, 1.0, 1.0, null, null, 1.1428571428571428, 2.1333333333333333, 1.7394957983193278, 1.2280701754385965, 1.6511627906976745, 1.3333333333333333, 1.3773584905660377, 1.2894736842105263, 1.8974358974358974, 1.297872340425532, 1.5454545454545454, 1.2962962962962963, 1.5555555555555556, 1.3442622950819672, 1.5277777777777777, 1.3333333333333333, null, 1.0, null], "today": [null, null, null, null, null, 1.0, 1.0, null, null, null, 1.0, 1.0, 1.0, null, 1.0, 1.0, null, 1.0, 2.0, null, null, null, null, null]}, "Butterworth": {"baseline": [1.25, 1.25, 1.3, 1.0, 1.125, 1.912621359223301, 4.248407643312102, 4.902439024390244, 3.128205128205128, 3.143939393939394, 2.216666666666667, 2.9186991869918697, 2.3563218390804597, 2.371900826446281, 1.7956989247311828, 2.607476635514019, 1.8979591836734695, 2.495575221238938, 2.213235294117647, 2.0, 1.1176470588235294, 1.3333333333333333, 3.7142857142857144, null], "baseline_730": [1.25, 1.25, 1.3, 1.0, 1.125, 1.912621359223301, 4.248407643312102, 4.902439024390244, 3.128205128205128, 3.143939393939394, 2.216666666666667, 2.9186991869918697, 2.3563218390804597, 2.371900826446281, 1.7956989247311828, 2.607476635514019, 1.8979591836734695, 2.495575221238938, 2.213235294117647, 2.0, 1.1176470588235294, 1.3333333333333333, 3.7142857142857144, null], "today": [null, null, null, null, null, 1.0, 3.0, 5.0, null, 3.0, 1.0, 3.0, null, 3.0, 3.0, 2.0, 2.0, 2.0, 1.0, null, null, null, null, null]}, "Gurun": {"baseline": [null, 2.0, null, null, 1.0, 1.1111111111111112, 1.0952380952380953, 1.5294117647058822, 1.0, 1.9411764705882353, 1.4166666666666667, 1.32, 1.0, 1.3214285714285714, 1.8, 1.435897435897436, 1.4615384615384615, 1.1764705882352942, 1.2272727272727273, 1.6, 1.0, 1.0, 1.0, null], "baseline_730": [null, 2.0, null, null, 1.0, 1.1111111111111112, 1.0952380952380953, 1.5294117647058822, 1.0, 1.9411764705882353, 1.4166666666666667, 1.32, 1.0, 1.3214285714285714, 1.8, 1.435897435897436, 1.4615384615384615, 1.1764705882352942, 1.2272727272727273, 1.6, 1.0, 1.0, 1.0, null], "today": [null, null, null, null, null, null, null, null, null, null, null, null, null, null, null, 2.0, null, null, null, null, null, null, null, null]}, "Ipoh": {"baseline": [1.4375, 1.3, 1.2727272727272727, 1.0, 1.18, 1.956140350877193, 4.820987654320987, 4.690322580645161, 3.446043165467626, 4.090322580645161, 1.935483870967742, 2.142857142857143, 3.2045454545454546, 1.7361111111111112, 2.815068493150685, 1.5737704918032787, 3.0846153846153848, 2.1785714285714284, 2.514925373134328, 1.92, 1.1818181818181819, 1.0740740740740742, 3.25, null],