{"service": "komuter_utara", "origin": "Bagan Serai", "latest_date": "2026-07-23", "destinations": {"Alor Setar": {"baseline": [1.0, 1.0, null, null, null, 1.1333333333333333, 1.4805194805194806, 1.3218390804597702, 1.5666666666666667, 1.4507042253521127, 1.1785714285714286, 1.6, 1.6363636363636365, 1.5, 1.5151515151515151, 1.6727272727272726, 1.4736842105263157, 1.5072463768115942, 1.275, 1.5, 1.0, 1.0, 1.0, null], "baseline_730": [1.0, 1.0, null, null, null, 1.1333333333333333, 1.4805194805194806, 1.3218390804597702, 1.5666666666666667, 1.4507042253521127, 1.1785714285714286, 1.6, 1.6363636363636365, 1.5, 1.5151515151515151, 1.6727272727272726, 1.4736842105263157, 1.5072463768115942, 1.275, 1.5, 1.0, 1.0, 1.0, null], "today": [null, null, null, null, null, 2.0, null, 1.0, null, 1.0, null, null, null, null, null, null, 1.0, null, null, 1.0, null, 1.0, null, null]}, "Anak Bukit": {"baseline": [1.25, 1.2857142857142858, 1.0, null, 1.0, 1.35, 1.2244897959183674, 1.2857142857142858, 1.6923076923076923, 1.6140350877192982, 1.4736842105263157, 1.6097560975609757, 1.2272727272727273, 1.6538461538461537, 1.2272727272727273, 1.8461538461538463, 1.9333333333333333, 1.3333333333333333, 1.255813953488372, 1.05, 1.0, 1.0, 1.0, null], "baseline_730": [1.25, 1.2857142857142858, 1.0, null, 1.0, 1.35, 1.2244897959183674, 1.2857142857142858, 1.6923076923076923, 1.6140350877192982, 1.4736842105263157, 1.6097560975609757, 1.2272727272727273, 1.6538461538461537, 1.2272727272727273, 1.8461538461538463, 1.9333333333333333, 1.3333333333333333, 1.255813953488372, 1.05, 1.0, 1.0, 1.0, null], "today": [null, null, null, null, null, null, null, 1.0, null, null, null, null, null, null, null, null, null, null, null, null, null, 1.0, null, null]}, "Arau": {"baseline": [1.0, 1.0, 1.0, 1.0, 2.0, 1.4565217391304348, 1.9148936170212767, 1.8545454545454545, 1.2, 1.9186046511627908, 1.6764705882352942, 1.8169014084507042, 1.4426229508196722, 2.097560975609756, 1.6612903225806452, 2.32, 1.7, 1.9189189189189189, 1.8450704225352113, 1.0454545454545454, 1.2, 1.125, null, 1.0], "baseline_730": [1.0, 1.0, 1.0, 1.0, 2.0, 1.4565217391304348, 1.9148936170212767, 1.8545454545454545, 1.2, 1.9186046511627908, 1.6764705882352942, 1.8169014084507042, 1.4426229508196722, 2.097560975609756, 1.6612903225806452, 2.32, 1.7, 1.9189189189189189, 1.8450704225352113, 1.0454545454545454, 1.2, 1.125, null, 1.0], "today": [null, null, null, null, null, null, null, 1.0, null, null, null, 1.0, null, 2.0, 2.0, 1.0, 1.0, null, null, null, null, null, null, null]}, "Bagan Serai": {"baseline": [null, null, null, null, null, null, 1.0, 1.4, 1.0, 1.0, 2.0, 1.0, null, 1.0, null, 1.3333333333333333, 1.3333333333333333, 1.0, 1.0, null, null, null, null, null], "baseline_730": [null, null, null, null, null, null, 1.0, 1.4, 1.0, 1.0, 2.0, 1.0, null, 1.0, null, 1.3333333333333333, 1.3333333333333333, 1.0, 1.0, null, null, null, null, null], "today": [null, null, null, null, null, null, null, null, null, null, null, null, null, null, null, null, null, null, null, null, null, null, null, null]}, "Bukit Ketri": {"baseline": [null, null, null, null, null, 1.0, 1.0754716981132075, 1.6153846153846154, 1.0555555555555556, 1.5, 1.375, 1.5, 1.0, 1.0625, 1.1111111111111112, 1.125, 1.1, 1.0571428571428572, 1.1176470588235294, 1.25, 1.1428571428571428, 1.0, 2.0, null], "baseline_730": [null, null, null, null, null, 1.0, 1.0754716981132075, 1.6153846153846154, 1.0555555555555556, 1.5, 1.375, 1.5, 1.0, 1.0625, 1.1111111111111112, 1.125, 1.1, 1.0571428571428572, 1.1176470588235294, 1.25, 1.1428571428571428, 1.0, 2.0, null], "today": [null, null, null, null, null, 1.0, null, null, 1.0, null, null, null, null, null, null, null, null, null, null, null, null, null, null, null]}, "Bukit Mertajam": {"baseline": [1.7142857142857142, 1.3333333333333333, 1.25, 1.0, 1.1666666666666667, 1.3272727272727274, 2.3850931677018634, 6.725806451612903, 3.5974025974025974, 2.2027027027027026, 2.0074074074074075, 1.8657718120805369, 1.797872340425532, 1.9191919191919191, 1.6103896103896105, 1.911764705882353, 2.053435114503817, 1.908256880733945, 2.2794117647058822, 1.7241379310344827, 1.0, null, 4.0, 1.0], "baseline_730": [1.7142857142857142, 1.3333333333333333, 1.25, 1.0, 1.1666666666666667, 1.3272727272727274, 2.3850931677018634, 6.725806451612903, 3.5974025974025974, 2.2027027027027026, 2.0074074074074075, 1.8657718120805369, 1.797872340425532, 1.9191919191919191, 1.6103896103896105, 1.911764705882353, 2.053435114503817, 1.908256880733945, 2.2794117647058822, 1.7241379310344827, 1.0, null, 4.0, 1.0], "today": [null, null, null, null, null, 1.0, 4.0, 12.0, 3.0, null, null, 1.0, 2.0, null, null, 2.0, 2.0, 1.0, null, null, null, null, null, null]}, "Bukit Tengah": {"baseline": [1.0, 1.0, 1.0, null, null, 1.1466666666666667, 2.1139240506329116, 1.707142857142857, 1.2258064516129032, 1.653061224489796, 1.3653846153846154, 1.3492063492063493, 1.2727272727272727, 1.8478260869565217, 1.2884615384615385, 1.5128205128205128, 1.3448275862068966, 1.5833333333333333, 1.411764705882353, 1.4651162790697674, 1.3333333333333333, null, 1.0, null], "baseline_730": [1.0, 1.0, 1.0, null, null, 1.1466666666666667, 2.1139240506329116, 1.707142857142857, 1.2258064516129032, 1.653061224489796, 1.3653846153846154, 1.3492063492063493, 1.2727272727272727, 1.8478260869565217, 1.2884615384615385, 1.5128205128205128, 1.3448275862068966, 1.5833333333333333, 1.411764705882353, 1.4651162790697674, 1.3333333333333333, null, 1.0, null], "today": [null, null, null, null, null, null, 3.0, 1.0, null, null, null, null, null, null, null, null, null, null, null, null, null, null, null, null]}, "Butterworth": {"baseline": [1.2758620689655173, 1.25, 1.3, 1.0, 1.0909090909090908, 1.8925619834710743, 4.271739130434782, 4.968586387434555, 3.0994475138121547, 3.12, 2.140740740740741, 2.937062937062937, 2.287128712871287, 2.3088235294117645, 1.7864077669902914, 2.5245901639344264, 1.8545454545454545, 2.4962962962962965, 2.238993710691824, 1.9915966386554622, 1.0909090909090908, 1.3333333333333333, 3.7142857142857144, null], "baseline_730": [1.2758620689655173, 1.25, 1.3, 1.0, 1.0909090909090908, 1.8925619834710743, 4.271739130434782, 4.968586387434555, 3.0994475138121547, 3.12, 2.140740740740741, 2.937062937062937, 2.287128712871287, 2.3088235294117645, 1.7864077669902914, 2.5245901639344264, 1.8545454545454545, 2.4962962962962965, 2.238993710691824, 1.9915966386554622, 1.0909090909090908, 1.3333333333333333, 3.7142857142857144, null], "today": [null, null, null, null, null, 1.0, 2.0, 4.0, 3.0, 1.0, 5.0, 3.0, null, 3.0, null, null, 1.0, null, 1.0, null, null, null, null, null]}, "Gurun": {"baseline": [null, 2.0, null, null, 1.0, 1.1111111111111112, 1.0869565217391304, 1.5294117647058822, 1.0, 1.7619047619047619, 1.3571428571428572, 1.2666666666666666, 1.0, 1.34375, 1.6666666666666667, 1.4390243902439024, 1.3529411764705883, 1.1842105263157894, 1.25, 1.5, 1.0, 1.0, 1.0, null], "baseline_730": [null, 2.0, null, null, 1.0, 1.1111111111111112, 1.0869565217391304, 1.5294117647058822, 1.0, 1.7619047619047619, 1.3571428571428572, 1.2666666666666666, 1.0, 1.34375, 1.6666666666666667, 1.4390243902439024, 1.3529411764705883, 1.1842105263157894, 1.25, 1.5, 1.0, 1.0, 1.0, null], "today": [null, null, null, null, null, null, null, null, null, null, null, null, null, null, null, null, null, null, null, null, null, null, null, null]}, "Ipoh": {"baseline": [1.3846153846153846, 1.2857142857142858, 1.25, 1.1111111111111112, 1.173913043478261, 2.0, 4.790322580645161, 4.679558011049724, 3.3878787878787877, 3.994475138121547, 1.9848484848484849, 2.171232876712329, 3.3461538461538463, 1.7380952380952381, 2.9107142857142856, 1.6266666666666667, 3.1578947368421053, 2.0721649484536084, 2.5099337748344372, 1.8879310344827587, 1.1666666666666667, 1.1142857142857143, 3.25, null],