{"service": "komuter_utara", "origin": "Bagan Serai", "latest_date": "2026-07-15", "destinations": {"Alor Setar": {"baseline": [1.0, 1.0, null, null, null, 1.1333333333333333, 1.4805194805194806, 1.3255813953488371, 1.5517241379310345, 1.4507042253521127, 1.1785714285714286, 1.6, 1.6363636363636365, 1.5087719298245614, 1.5151515151515151, 1.6727272727272726, 1.4736842105263157, 1.5072463768115942, 1.275, 1.5, 1.0, 1.0, 1.0, null], "baseline_730": [1.0, 1.0, null, null, null, 1.1333333333333333, 1.4805194805194806, 1.3255813953488371, 1.5517241379310345, 1.4507042253521127, 1.1785714285714286, 1.6, 1.6363636363636365, 1.5087719298245614, 1.5151515151515151, 1.6727272727272726, 1.4736842105263157, 1.5072463768115942, 1.275, 1.5, 1.0, 1.0, 1.0, null], "today": [null, null, null, null, null, null, null, 1.0, 2.0, null, null, null, null, 1.0, null, null, null, null, null, null, null, null, null, null]}, "Anak Bukit": {"baseline": [1.25, 1.2857142857142858, 1.0, null, 1.0, 1.3157894736842106, 1.2244897959183674, 1.2857142857142858, 1.6923076923076923, 1.6140350877192982, 1.4736842105263157, 1.6097560975609757, 1.2272727272727273, 1.6538461538461537, 1.2380952380952381, 1.8461538461538463, 1.9333333333333333, 1.3333333333333333, 1.255813953488372, 1.05, 1.0, 1.0, 1.0, null], "baseline_730": [1.25, 1.2857142857142858, 1.0, null, 1.0, 1.3157894736842106, 1.2244897959183674, 1.2857142857142858, 1.6923076923076923, 1.6140350877192982, 1.4736842105263157, 1.6097560975609757, 1.2272727272727273, 1.6538461538461537, 1.2380952380952381, 1.8461538461538463, 1.9333333333333333, 1.3333333333333333, 1.255813953488372, 1.05, 1.0, 1.0, 1.0, null], "today": [null, null, null, null, null, 2.0, null, null, null, null, null, null, null, null, 1.0, null, null, null, null, null, null, null, null, null]}, "Arau": {"baseline": [1.0, 1.0, 1.0, 1.0, 2.0, 1.4565217391304348, 1.903225806451613, 1.8545454545454545, 1.2, 1.9294117647058824, 1.6764705882352942, 1.8285714285714285, 1.4426229508196722, 2.097560975609756, 1.6612903225806452, 2.323232323232323, 1.7, 1.9189189189189189, 1.8450704225352113, 1.0454545454545454, 1.2, 1.125, null, 1.0], "baseline_730": [1.0, 1.0, 1.0, 1.0, 2.0, 1.4565217391304348, 1.903225806451613, 1.8545454545454545, 1.2, 1.9294117647058824, 1.6764705882352942, 1.8285714285714285, 1.4426229508196722, 2.097560975609756, 1.6612903225806452, 2.323232323232323, 1.7, 1.9189189189189189, 1.8450704225352113, 1.0454545454545454, 1.2, 1.125, null, 1.0], "today": [null, null, null, null, null, null, 3.0, null, null, 1.0, null, 1.0, null, null, null, 2.0, null, null, null, null, null, null, null, null]}, "Bagan Serai": {"baseline": [null, null, null, null, null, null, 1.0, 1.4, 1.0, null, 2.0, 1.0, null, 1.0, null, 1.3333333333333333, 1.3333333333333333, 1.0, 1.0, null, null, null, null, null], "baseline_730": [null, null, null, null, null, null, 1.0, 1.4, 1.0, null, 2.0, 1.0, null, 1.0, null, 1.3333333333333333, 1.3333333333333333, 1.0, 1.0, null, null, null, null, null], "today": [null, null, null, null, null, null, null, null, null, 1.0, null, null, null, null, null, null, null, null, null, null, null, null, null, null]}, "Bukit Ketri": {"baseline": [null, null, null, null, null, 1.0, 1.0754716981132075, 1.6153846153846154, 1.0555555555555556, 1.5, 1.375, 1.5, 1.0, 1.0625, 1.1111111111111112, 1.125, 1.1, 1.0571428571428572, 1.1176470588235294, 1.25, 1.1428571428571428, 1.0, 2.0, null], "baseline_730": [null, null, null, null, null, 1.0, 1.0754716981132075, 1.6153846153846154, 1.0555555555555556, 1.5, 1.375, 1.5, 1.0, 1.0625, 1.1111111111111112, 1.125, 1.1, 1.0571428571428572, 1.1176470588235294, 1.25, 1.1428571428571428, 1.0, 2.0, null], "today": [null, null, null, null, null, null, null, null, null, null, null, null, null, null, null, null, null, null, null, null, null, null, null, null]}, "Bukit Mertajam": {"baseline": [1.7142857142857142, 1.3333333333333333, 1.25, 1.0, 1.1666666666666667, 1.3333333333333333, 2.375, 6.702702702702703, 3.5947712418300655, 2.204081632653061, 2.014925373134328, 1.864864864864865, 1.797872340425532, 1.9081632653061225, 1.6103896103896105, 1.911764705882353, 2.0538461538461537, 1.9074074074074074, 2.2888888888888888, 1.7241379310344827, 1.0, null, 4.0, 1.0], "baseline_730": [1.7142857142857142, 1.3333333333333333, 1.25, 1.0, 1.1666666666666667, 1.3333333333333333, 2.375, 6.702702702702703, 3.5947712418300655, 2.204081632653061, 2.014925373134328, 1.864864864864865, 1.797872340425532, 1.9081632653061225, 1.6103896103896105, 1.911764705882353, 2.0538461538461537, 1.9074074074074074, 2.2888888888888888, 1.7241379310344827, 1.0, null, 4.0, 1.0], "today": [null, null, null, null, null, 1.0, 4.0, 11.0, 4.0, 2.0, 1.0, 2.0, null, 3.0, null, null, 2.0, 2.0, 1.0, null, null, null, null, null]}, "Bukit Tengah": {"baseline": [1.0, 1.0, 1.0, null, null, 1.1466666666666667, 2.1146496815286624, 1.7122302158273381, 1.2258064516129032, 1.653061224489796, 1.3653846153846154, 1.3492063492063493, 1.2727272727272727, 1.8478260869565217, 1.2884615384615385, 1.5128205128205128, 1.3448275862068966, 1.5833333333333333, 1.411764705882353, 1.4651162790697674, 1.3333333333333333, null, 1.0, null], "baseline_730": [1.0, 1.0, 1.0, null, null, 1.1466666666666667, 2.1146496815286624, 1.7122302158273381, 1.2258064516129032, 1.653061224489796, 1.3653846153846154, 1.3492063492063493, 1.2727272727272727, 1.8478260869565217, 1.2884615384615385, 1.5128205128205128, 1.3448275862068966, 1.5833333333333333, 1.411764705882353, 1.4651162790697674, 1.3333333333333333, null, 1.0, null], "today": [null, null, null, null, null, null, 2.0, 1.0, null, null, null, null, null, null, null, null, null, null, null, null, null, null, null, null]}, "Butterworth": {"baseline": [1.2758620689655173, 1.25, 1.3, 1.0, 1.0909090909090908, 1.8916666666666666, 4.256830601092896, 4.931578947368421, 3.088888888888889, 3.12, 2.1492537313432836, 2.943661971830986, 2.287128712871287, 2.3088235294117645, 1.7864077669902914, 2.5289256198347108, 1.8545454545454545, 2.5074626865671643, 2.240506329113924, 1.9915966386554622, 1.0909090909090908, 1.3333333333333333, 3.7142857142857144, null], "baseline_730": [1.2758620689655173, 1.25, 1.3, 1.0, 1.0909090909090908, 1.8916666666666666, 4.256830601092896, 4.931578947368421, 3.088888888888889, 3.12, 2.1492537313432836, 2.943661971830986, 2.287128712871287, 2.3088235294117645, 1.7864077669902914, 2.5289256198347108, 1.8545454545454545, 2.5074626865671643, 2.240506329113924, 1.9915966386554622, 1.0909090909090908, 1.3333333333333333, 3.7142857142857144, null], "today": [null, null, null, null, null, 2.0, 7.0, 12.0, 5.0, null, 1.0, 2.0, null, null, null, 2.0, null, 1.0, 2.0, null, null, null, null, null]}, "Gurun": {"baseline": [null, 2.0, null, null, 1.0, 1.1111111111111112, 1.0869565217391304, 1.5294117647058822, 1.0, 1.7619047619047619, 1.3571428571428572, 1.2666666666666666, 1.0, 1.34375, 1.6666666666666667, 1.4390243902439024, 1.3529411764705883, 1.1842105263157894, 1.25, 1.5, 1.0, 1.0, 1.0, null], "baseline_730": [null, 2.0, null, null, 1.0, 1.1111111111111112, 1.0869565217391304, 1.5294117647058822, 1.0, 1.7619047619047619, 1.3571428571428572, 1.2666666666666666, 1.0, 1.34375, 1.6666666666666667, 1.4390243902439024, 1.3529411764705883, 1.1842105263157894, 1.25, 1.5, 1.0, 1.0, 1.0, null], "today": [null, null, null, null, null, null, null, null, null, null, null, null, null, null, null, null, null, null, null, null, null, null, null, null]}, "Ipoh": {"baseline": [1.3846153846153846, 1.2857142857142858, 1.25, 1.1111111111111112, 1.1754385964912282, 2.0, 4.8, 4.683333333333334, 3.3902439024390243, 4.0055555555555555, 1.9848484848484849, 2.179310344827586, 3.3461538461538463, 1.7380952380952381, 2.9221556886227544, 1.6266666666666667, 3.165562913907285, 2.0721649484536084, 2.506666666666667, 1.8879310344827587, 1.1666666666666667, 1.1142857142857143, 3.25, null],