{"service": "komuter_utara", "origin": "Bagan Serai", "latest_date": "2026-07-01", "destinations": {"Alor Setar": {"baseline": [1.0, 1.0, null, null, null, 1.1403508771929824, 1.484375, 1.3661971830985915, 1.5714285714285714, 1.4090909090909092, 1.1363636363636365, 1.5970149253731343, 1.6666666666666667, 1.5098039215686274, 1.5483870967741935, 1.6938775510204083, 1.4857142857142858, 1.4761904761904763, 1.25, 1.3783783783783783, 1.0, 1.0, 1.0, null], "baseline_730": [1.0, 1.0, null, null, null, 1.1403508771929824, 1.484375, 1.3661971830985915, 1.5714285714285714, 1.4090909090909092, 1.1363636363636365, 1.5970149253731343, 1.6666666666666667, 1.5098039215686274, 1.5483870967741935, 1.6938775510204083, 1.4857142857142858, 1.4761904761904763, 1.25, 1.3783783783783783, 1.0, 1.0, 1.0, null], "today": [null, null, null, null, null, null, null, 1.0, null, null, 1.0, 2.0, null, 1.0, null, 1.0, 2.0, 1.0, 2.0, null, 1.0, null, null, null]}, "Anak Bukit": {"baseline": [1.25, 1.3333333333333333, 1.0, null, 1.0, 1.2666666666666666, 1.186046511627907, 1.2835820895522387, 1.75, 1.5471698113207548, 1.2941176470588236, 1.5625, 1.25, 1.711111111111111, 1.25, 1.8444444444444446, 2.0, 1.303030303030303, 1.2432432432432432, 1.0555555555555556, 1.0, 1.0, 1.0, null], "baseline_730": [1.25, 1.3333333333333333, 1.0, null, 1.0, 1.2666666666666666, 1.186046511627907, 1.2835820895522387, 1.75, 1.5471698113207548, 1.2941176470588236, 1.5625, 1.25, 1.711111111111111, 1.25, 1.8444444444444446, 2.0, 1.303030303030303, 1.2432432432432432, 1.0555555555555556, 1.0, 1.0, 1.0, null], "today": [null, null, null, null, null, null, null, null, null, null, null, null, null, 1.0, null, null, null, null, null, null, 1.0, null, null, null]}, "Arau": {"baseline": [1.0, 1.0, 1.0, 1.0, 2.6666666666666665, 1.4186046511627908, 1.8354430379746836, 1.8823529411764706, 1.2162162162162162, 1.9861111111111112, 1.6545454545454545, 1.8620689655172413, 1.4, 2.0422535211267605, 1.6610169491525424, 2.3255813953488373, 1.7096774193548387, 1.8636363636363635, 1.8307692307692307, 1.0, 1.3333333333333333, 1.1428571428571428, null, 1.0], "baseline_730": [1.0, 1.0, 1.0, 1.0, 2.6666666666666665, 1.4186046511627908, 1.8354430379746836, 1.8823529411764706, 1.2162162162162162, 1.9861111111111112, 1.6545454545454545, 1.8620689655172413, 1.4, 2.0422535211267605, 1.6610169491525424, 2.3255813953488373, 1.7096774193548387, 1.8636363636363635, 1.8307692307692307, 1.0, 1.3333333333333333, 1.1428571428571428, null, 1.0], "today": [null, null, null, null, null, null, 2.0, null, null, 1.0, null, 1.0, null, null, null, 2.0, null, null, null, null, null, null, null, null]}, "Bagan Serai": {"baseline": [null, null, null, null, null, null, 1.0, 1.5, 1.0, null, 2.0, 1.0, null, 1.0, null, 1.3333333333333333, 1.3333333333333333, 1.0, 1.0, null, null, null, null, null], "baseline_730": [null, null, null, null, null, null, 1.0, 1.5, 1.0, null, 2.0, 1.0, null, 1.0, null, 1.3333333333333333, 1.3333333333333333, 1.0, 1.0, null, null, null, null, null], "today": [null, null, null, null, null, null, null, null, null, null, null, null, null, null, null, null, null, null, null, null, null, null, null, null]}, "Bukit Ketri": {"baseline": [null, null, null, null, null, 1.0, 1.0869565217391304, 1.5454545454545454, 1.0714285714285714, 1.25, 1.375, 1.5555555555555556, 1.0, 1.0833333333333333, 1.0, 1.0769230769230769, 1.0625, 1.0338983050847457, 1.1333333333333333, 1.5, 1.0, 1.0, 2.0, null], "baseline_730": [null, null, null, null, null, 1.0, 1.0869565217391304, 1.5454545454545454, 1.0714285714285714, 1.25, 1.375, 1.5555555555555556, 1.0, 1.0833333333333333, 1.0, 1.0769230769230769, 1.0625, 1.0338983050847457, 1.1333333333333333, 1.5, 1.0, 1.0, 2.0, null], "today": [null, null, null, null, null, null, 1.0, null, null, null, null, null, null, null, null, null, null, 1.0, null, null, 1.0, null, null, null]}, "Bukit Mertajam": {"baseline": [1.8333333333333333, 1.2, 1.3333333333333333, 1.0, 1.2, 1.346938775510204, 2.3597122302158273, 6.607361963190184, 3.6666666666666665, 2.21875, 2.0172413793103448, 1.8384615384615384, 1.802325581395349, 1.9885057471264367, 1.6470588235294117, 1.923913043478261, 2.1578947368421053, 1.8854166666666667, 2.4049586776859506, 1.7564102564102564, 1.0, null, 4.0, 1.0], "baseline_730": [1.8333333333333333, 1.2, 1.3333333333333333, 1.0, 1.2, 1.346938775510204, 2.3597122302158273, 6.607361963190184, 3.6666666666666665, 2.21875, 2.0172413793103448, 1.8384615384615384, 1.802325581395349, 1.9885057471264367, 1.6470588235294117, 1.923913043478261, 2.1578947368421053, 1.8854166666666667, 2.4049586776859506, 1.7564102564102564, 1.0, null, 4.0, 1.0], "today": [null, null, null, null, null, null, 2.0, 10.0, 3.0, 3.0, null, null, null, null, 2.0, 1.0, 1.0, 1.0, null, 1.0, null, null, null, null]}, "Bukit Tengah": {"baseline": [1.0, 1.0, 1.0, null, null, 1.1408450704225352, 2.1159420289855073, 1.7272727272727273, 1.2280701754385965, 1.6511627906976745, 1.3265306122448979, 1.3571428571428572, 1.2820512820512822, 1.8974358974358974, 1.2916666666666667, 1.5294117647058822, 1.2962962962962963, 1.5454545454545454, 1.3548387096774193, 1.5277777777777777, 1.3333333333333333, null, 1.0, null], "baseline_730": [1.0, 1.0, 1.0, null, null, 1.1408450704225352, 2.1159420289855073, 1.7272727272727273, 1.2280701754385965, 1.6511627906976745, 1.3265306122448979, 1.3571428571428572, 1.2820512820512822, 1.8974358974358974, 1.2916666666666667, 1.5294117647058822, 1.2962962962962963, 1.5454545454545454, 1.3548387096774193, 1.5277777777777777, 1.3333333333333333, null, 1.0, null], "today": [null, null, null, null, null, null, 3.0, 1.0, null, null, null, null, null, null, null, null, null, null, null, null, null, null, null, null]}, "Butterworth": {"baseline": [1.25, 1.25, 1.3, 1.0, 1.1111111111111112, 1.9047619047619047, 4.275, 4.922155688622754, 3.1202531645569622, 3.126865671641791, 2.19672131147541, 2.9206349206349205, 2.340909090909091, 2.3548387096774195, 1.8, 2.6018518518518516, 1.891089108910891, 2.4741379310344827, 2.1956521739130435, 1.990909090909091, 1.1111111111111112, 1.3333333333333333, 3.7142857142857144, null], "baseline_730": [1.25, 1.25, 1.3, 1.0, 1.1111111111111112, 1.9047619047619047, 4.275, 4.922155688622754, 3.1202531645569622, 3.126865671641791, 2.19672131147541, 2.9206349206349205, 2.340909090909091, 2.3548387096774195, 1.8, 2.6018518518518516, 1.891089108910891, 2.4741379310344827, 2.1956521739130435, 1.990909090909091, 1.1111111111111112, 1.3333333333333333, 3.7142857142857144, null], "today": [null, null, null, null, null, null, 2.0, 7.0, 2.0, 3.0, null, null, null, null, null, null, null, null, 2.0, 2.0, null, null, null, null]}, "Gurun": {"baseline": [null, 2.0, null, null, 1.0, 1.1111111111111112, 1.0952380952380953, 1.5294117647058822, 1.0, 1.9411764705882353, 1.4166666666666667, 1.32, 1.0, 1.3214285714285714, 1.8, 1.45, 1.4285714285714286, 1.1764705882352942, 1.2272727272727273, 1.6, 1.0, 1.0, 1.0, null], "baseline_730": [null, 2.0, null, null, 1.0, 1.1111111111111112, 1.0952380952380953, 1.5294117647058822, 1.0, 1.9411764705882353, 1.4166666666666667, 1.32, 1.0, 1.3214285714285714, 1.8, 1.45, 1.4285714285714286, 1.1764705882352942, 1.2272727272727273, 1.6, 1.0, 1.0, 1.0, null], "today": [null, null, null, null, null, null, 1.0, null, null, null, null, null, null, null, null, null, null, null, null, null, null, null, null, null]}, "Ipoh": {"baseline": [1.4242424242424243, 1.3, 1.2727272727272727, 1.0, 1.1782178217821782, 1.9827586206896552, 4.817073170731708, 4.687898089171974, 3.4539007092198584, 4.063291139240507, 1.953125, 2.124031007751938, 3.1777777777777776, 1.7397260273972603, 2.8445945945945947, 1.5555555555555556, 3.0902255639097747, 2.1494252873563218, 2.510948905109489, 1.9411764705882353, 1.173913043478261, 1.1428571428571428, 3.25, null],