{"service": "komuter_utara", "origin": "Bagan Serai", "latest_date": "2026-06-30", "destinations": {"Alor Setar": {"baseline": [1.0, 1.0, null, null, null, 1.1428571428571428, 1.484375, 1.3661971830985915, 1.5714285714285714, 1.4153846153846155, 1.1363636363636365, 1.606060606060606, 1.6666666666666667, 1.5098039215686274, 1.5483870967741935, 1.6938775510204083, 1.4857142857142858, 1.4761904761904763, 1.25, 1.3783783783783783, 1.0, 1.0, 1.0, null], "baseline_730": [1.0, 1.0, null, null, null, 1.1428571428571428, 1.484375, 1.3661971830985915, 1.5714285714285714, 1.4153846153846155, 1.1363636363636365, 1.606060606060606, 1.6666666666666667, 1.5098039215686274, 1.5483870967741935, 1.6938775510204083, 1.4857142857142858, 1.4761904761904763, 1.25, 1.3783783783783783, 1.0, 1.0, 1.0, null], "today": [null, null, null, null, null, 1.0, null, null, null, 1.0, null, 1.0, null, null, null, null, null, null, null, null, null, null, null, null]}, "Anak Bukit": {"baseline": [1.25, 1.4, 1.0, null, 1.0, 1.2666666666666666, 1.186046511627907, 1.2835820895522387, 1.75, 1.5471698113207548, 1.2941176470588236, 1.5625, 1.25, 1.711111111111111, 1.25, 1.8444444444444446, 2.0, 1.303030303030303, 1.2432432432432432, 1.0555555555555556, 1.0, 1.0, 1.0, null], "baseline_730": [1.25, 1.4, 1.0, null, 1.0, 1.2666666666666666, 1.186046511627907, 1.2835820895522387, 1.75, 1.5471698113207548, 1.2941176470588236, 1.5625, 1.25, 1.711111111111111, 1.25, 1.8444444444444446, 2.0, 1.303030303030303, 1.2432432432432432, 1.0555555555555556, 1.0, 1.0, 1.0, null], "today": [null, 1.0, null, null, null, null, null, null, null, null, null, null, null, null, null, null, null, null, null, null, null, null, null, null]}, "Arau": {"baseline": [1.0, 1.0, 1.0, 1.0, 2.6666666666666665, 1.4186046511627908, 1.8461538461538463, 1.8823529411764706, 1.2162162162162162, 1.9861111111111112, 1.6545454545454545, 1.8596491228070176, 1.3888888888888888, 2.057142857142857, 1.6610169491525424, 2.3255813953488373, 1.721311475409836, 1.8636363636363635, 1.84375, 1.0, 1.3333333333333333, 1.1428571428571428, null, 1.0], "baseline_730": [1.0, 1.0, 1.0, 1.0, 2.6666666666666665, 1.4186046511627908, 1.8461538461538463, 1.8823529411764706, 1.2162162162162162, 1.9861111111111112, 1.6545454545454545, 1.8596491228070176, 1.3888888888888888, 2.057142857142857, 1.6610169491525424, 2.3255813953488373, 1.721311475409836, 1.8636363636363635, 1.84375, 1.0, 1.3333333333333333, 1.1428571428571428, null, 1.0], "today": [null, null, null, null, null, null, 1.0, null, null, null, null, 2.0, 2.0, 1.0, null, null, 1.0, null, 1.0, null, null, null, null, null]}, "Bagan Serai": {"baseline": [null, null, null, null, null, null, 1.0, 1.5, 1.0, null, 2.0, 1.0, null, 1.0, null, 1.3333333333333333, 1.3333333333333333, 1.0, 1.0, null, null, null, null, null], "baseline_730": [null, null, null, null, null, null, 1.0, 1.5, 1.0, null, 2.0, 1.0, null, 1.0, null, 1.3333333333333333, 1.3333333333333333, 1.0, 1.0, null, null, null, null, null], "today": [null, null, null, null, null, null, null, null, null, null, null, null, null, null, null, null, null, null, null, null, null, null, null, null]}, "Bukit Ketri": {"baseline": [null, null, null, null, null, 1.0, 1.0869565217391304, 1.5454545454545454, 1.0714285714285714, 1.25, 1.375, 1.5555555555555556, 1.0, 1.0833333333333333, 1.0, 1.0769230769230769, 1.0625, 1.0338983050847457, 1.1333333333333333, 1.5, 1.0, 1.0, 2.0, null], "baseline_730": [null, null, null, null, null, 1.0, 1.0869565217391304, 1.5454545454545454, 1.0714285714285714, 1.25, 1.375, 1.5555555555555556, 1.0, 1.0833333333333333, 1.0, 1.0769230769230769, 1.0625, 1.0338983050847457, 1.1333333333333333, 1.5, 1.0, 1.0, 2.0, null], "today": [null, null, null, null, null, null, null, null, null, null, null, null, null, null, null, null, null, null, null, null, null, null, null, null]}, "Bukit Mertajam": {"baseline": [1.8333333333333333, 1.2, 1.3333333333333333, 1.0, 1.2, 1.346938775510204, 2.36231884057971, 6.580246913580247, 3.6791044776119404, 2.21875, 2.0172413793103448, 1.8294573643410852, 1.802325581395349, 1.9885057471264367, 1.626865671641791, 1.923913043478261, 2.168141592920354, 1.8854166666666667, 2.4166666666666665, 1.7532467532467533, 1.0, null, 4.0, 1.0], "baseline_730": [1.8333333333333333, 1.2, 1.3333333333333333, 1.0, 1.2, 1.346938775510204, 2.36231884057971, 6.580246913580247, 3.6791044776119404, 2.21875, 2.0172413793103448, 1.8294573643410852, 1.802325581395349, 1.9885057471264367, 1.626865671641791, 1.923913043478261, 2.168141592920354, 1.8854166666666667, 2.4166666666666665, 1.7532467532467533, 1.0, null, 4.0, 1.0], "today": [null, null, null, null, null, null, 2.0, 11.0, 2.0, null, null, 3.0, null, null, 3.0, null, 1.0, null, 1.0, 2.0, null, null, null, null]}, "Bukit Tengah": {"baseline": [1.0, 1.0, 1.0, null, null, 1.1408450704225352, 2.124087591240876, 1.7333333333333334, 1.2280701754385965, 1.6511627906976745, 1.3265306122448979, 1.3636363636363635, 1.2820512820512822, 1.8974358974358974, 1.2916666666666667, 1.5294117647058822, 1.2962962962962963, 1.5454545454545454, 1.3548387096774193, 1.5277777777777777, 1.3333333333333333, null, 1.0, null], "baseline_730": [1.0, 1.0, 1.0, null, null, 1.1408450704225352, 2.124087591240876, 1.7333333333333334, 1.2280701754385965, 1.6511627906976745, 1.3265306122448979, 1.3636363636363635, 1.2820512820512822, 1.8974358974358974, 1.2916666666666667, 1.5294117647058822, 1.2962962962962963, 1.5454545454545454, 1.3548387096774193, 1.5277777777777777, 1.3333333333333333, null, 1.0, null], "today": [null, null, null, null, null, null, 1.0, 1.0, null, null, null, 1.0, null, null, null, null, null, null, null, null, null, null, null, null]}, "Butterworth": {"baseline": [1.25, 1.25, 1.3, 1.0, 1.1111111111111112, 1.9047619047619047, 4.276729559748428, 4.927710843373494, 3.121019108280255, 3.126865671641791, 2.206611570247934, 2.904, 2.3563218390804597, 2.3658536585365852, 1.8, 2.6018518518518516, 1.9, 2.4869565217391303, 2.1956521739130435, 1.990909090909091, 1.1176470588235294, 1.3333333333333333, 3.7142857142857144, null], "baseline_730": [1.25, 1.25, 1.3, 1.0, 1.1111111111111112, 1.9047619047619047, 4.276729559748428, 4.927710843373494, 3.121019108280255, 3.126865671641791, 2.206611570247934, 2.904, 2.3563218390804597, 2.3658536585365852, 1.8, 2.6018518518518516, 1.9, 2.4869565217391303, 2.1956521739130435, 1.990909090909091, 1.1176470588235294, 1.3333333333333333, 3.7142857142857144, null], "today": [null, null, null, null, null, null, 4.0, 4.0, 3.0, null, 1.0, 5.0, 1.0, 1.0, null, null, 1.0, 1.0, null, null, 1.0, null, null, null]}, "Gurun": {"baseline": [null, 2.0, null, null, 1.0, 1.1111111111111112, 1.0952380952380953, 1.5294117647058822, 1.0, 1.9411764705882353, 1.4166666666666667, 1.32, 1.0, 1.3214285714285714, 1.8, 1.45, 1.4285714285714286, 1.1764705882352942, 1.2272727272727273, 1.6, 1.0, 1.0, 1.0, null], "baseline_730": [null, 2.0, null, null, 1.0, 1.1111111111111112, 1.0952380952380953, 1.5294117647058822, 1.0, 1.9411764705882353, 1.4166666666666667, 1.32, 1.0, 1.3214285714285714, 1.8, 1.45, 1.4285714285714286, 1.1764705882352942, 1.2272727272727273, 1.6, 1.0, 1.0, 1.0, null], "today": [null, null, null, null, null, null, null, null, null, null, null, null, null, null, null, null, null, null, null, null, null, null, null, null]}, "Ipoh": {"baseline": [1.4375, 1.3, 1.2727272727272727, 1.0, 1.1782178217821782, 1.9565217391304348, 4.822085889570552, 4.698717948717949, 3.45, 4.082802547770701, 1.9523809523809523, 2.1328125, 3.1865671641791047, 1.7397260273972603, 2.8445945945945947, 1.5555555555555556, 3.0984848484848486, 2.1511627906976742, 2.5220588235294117, 1.9411764705882353, 1.1818181818181819, 1.0740740740740742, 3.25, null],