{"service": "komuter_utara", "origin": "Bagan Serai", "latest_date": "2026-07-10", "destinations": {"Alor Setar": {"baseline": [1.0, 1.0, null, null, null, 1.1355932203389831, 1.4794520547945205, 1.3253012048192772, 1.5517241379310345, 1.4285714285714286, 1.1153846153846154, 1.6081081081081081, 1.625, 1.5, 1.5151515151515151, 1.6981132075471699, 1.4864864864864864, 1.4852941176470589, 1.2432432432432432, 1.5128205128205128, 1.0, 1.0, 1.0, null], "baseline_730": [1.0, 1.0, null, null, null, 1.1355932203389831, 1.4794520547945205, 1.3253012048192772, 1.5517241379310345, 1.4285714285714286, 1.1153846153846154, 1.6081081081081081, 1.625, 1.5, 1.5151515151515151, 1.6981132075471699, 1.4864864864864864, 1.4852941176470589, 1.2432432432432432, 1.5128205128205128, 1.0, 1.0, 1.0, null], "today": [null, null, null, null, null, null, null, 1.0, null, null, 2.0, null, null, null, null, null, null, null, 1.0, 1.0, null, null, null, null]}, "Anak Bukit": {"baseline": [1.25, 1.2857142857142858, 1.0, null, 1.0, 1.3333333333333333, 1.2340425531914894, 1.2794117647058822, 1.6923076923076923, 1.6140350877192982, 1.4736842105263157, 1.6153846153846154, 1.2380952380952381, 1.6666666666666667, 1.25, 1.8627450980392157, 2.0, 1.3142857142857143, 1.2195121951219512, 1.05, 1.0, 1.0, 1.0, null], "baseline_730": [1.25, 1.2857142857142858, 1.0, null, 1.0, 1.3333333333333333, 1.2340425531914894, 1.2794117647058822, 1.6923076923076923, 1.6140350877192982, 1.4736842105263157, 1.6153846153846154, 1.2380952380952381, 1.6666666666666667, 1.25, 1.8627450980392157, 2.0, 1.3142857142857143, 1.2195121951219512, 1.05, 1.0, 1.0, 1.0, null], "today": [null, null, null, null, null, null, null, null, null, null, null, null, null, null, null, 1.0, null, null, 2.0, null, null, null, null, null]}, "Arau": {"baseline": [1.0, 1.0, 1.0, 1.0, 2.25, 1.4565217391304348, 1.901098901098901, 1.8703703703703705, 1.205128205128205, 1.9146341463414633, 1.71875, 1.8333333333333333, 1.423728813559322, 2.1012658227848102, 1.6721311475409837, 2.3404255319148937, 1.6567164179104477, 1.9027777777777777, 1.8428571428571427, 1.0454545454545454, 1.2222222222222223, 1.1333333333333333, null, 1.0], "baseline_730": [1.0, 1.0, 1.0, 1.0, 2.25, 1.4565217391304348, 1.901098901098901, 1.8703703703703705, 1.205128205128205, 1.9146341463414633, 1.71875, 1.8333333333333333, 1.423728813559322, 2.1012658227848102, 1.6721311475409837, 2.3404255319148937, 1.6567164179104477, 1.9027777777777777, 1.8428571428571427, 1.0454545454545454, 1.2222222222222223, 1.1333333333333333, null, 1.0], "today": [null, null, null, null, null, null, null, null, null, 2.0, 1.0, 2.0, 3.0, null, null, 1.0, 2.0, null, 2.0, null, null, null, null, null]}, "Bagan Serai": {"baseline": [null, null, null, null, null, null, 1.0, 1.4, 1.0, null, 2.0, 1.0, null, 1.0, null, 1.3333333333333333, 1.3333333333333333, 1.0, 1.0, null, null, null, null, null], "baseline_730": [null, null, null, null, null, null, 1.0, 1.4, 1.0, null, 2.0, 1.0, null, 1.0, null, 1.3333333333333333, 1.3333333333333333, 1.0, 1.0, null, null, null, null, null], "today": [null, null, null, null, null, null, null, null, null, null, null, null, null, null, null, null, null, null, null, null, null, null, null, null]}, "Bukit Ketri": {"baseline": [null, null, null, null, null, 1.0, 1.0769230769230769, 1.6153846153846154, 1.0588235294117647, 1.5, 1.375, 1.5, 1.0, 1.0625, 1.1111111111111112, 1.1333333333333333, 1.105263157894737, 1.0441176470588236, 1.125, 1.3333333333333333, 1.1428571428571428, 1.0, 2.0, null], "baseline_730": [null, null, null, null, null, 1.0, 1.0769230769230769, 1.6153846153846154, 1.0588235294117647, 1.5, 1.375, 1.5, 1.0, 1.0625, 1.1111111111111112, 1.1333333333333333, 1.105263157894737, 1.0441176470588236, 1.125, 1.3333333333333333, 1.1428571428571428, 1.0, 2.0, null], "today": [null, null, null, null, null, null, null, null, null, null, null, null, null, null, null, null, 1.0, 1.0, 1.0, 1.0, null, null, null, null]}, "Bukit Mertajam": {"baseline": [1.8333333333333333, 1.2, 1.25, 1.0, 1.1666666666666667, 1.3461538461538463, 2.3419354838709676, 6.727777777777778, 3.597315436241611, 2.2167832167832167, 1.9844961240310077, 1.8194444444444444, 1.8111111111111111, 1.956989247311828, 1.6266666666666667, 1.9108910891089108, 2.062992125984252, 1.8761904761904762, 2.3181818181818183, 1.7142857142857142, 1.0, null, 4.0, 1.0], "baseline_730": [1.8333333333333333, 1.2, 1.25, 1.0, 1.1666666666666667, 1.3461538461538463, 2.3419354838709676, 6.727777777777778, 3.597315436241611, 2.2167832167832167, 1.9844961240310077, 1.8194444444444444, 1.8111111111111111, 1.956989247311828, 1.6266666666666667, 1.9108910891089108, 2.062992125984252, 1.8761904761904762, 2.3181818181818183, 1.7142857142857142, 1.0, null, 4.0, 1.0], "today": [null, 2.0, null, null, null, null, 4.0, 7.0, 4.0, 1.0, 5.0, 5.0, null, 1.0, 1.0, 2.0, 1.0, 4.0, 1.0, 2.0, null, null, null, null]}, "Bukit Tengah": {"baseline": [1.0, 1.0, 1.0, null, null, 1.1466666666666667, 2.103896103896104, 1.7205882352941178, 1.2295081967213115, 1.673913043478261, 1.3653846153846154, 1.3548387096774193, 1.2857142857142858, 1.8604651162790697, 1.2941176470588236, 1.5135135135135136, 1.3157894736842106, 1.5932203389830508, 1.378787878787879, 1.475, 1.3333333333333333, null, 1.0, null], "baseline_730": [1.0, 1.0, 1.0, null, null, 1.1466666666666667, 2.103896103896104, 1.7205882352941178, 1.2295081967213115, 1.673913043478261, 1.3653846153846154, 1.3548387096774193, 1.2857142857142858, 1.8604651162790697, 1.2941176470588236, 1.5135135135135136, 1.3157894736842106, 1.5932203389830508, 1.378787878787879, 1.475, 1.3333333333333333, null, 1.0, null], "today": [null, null, null, null, null, null, 3.0, null, null, null, null, null, 1.0, 1.0, null, null, null, null, null, 2.0, null, null, null, null]}, "Butterworth": {"baseline": [1.2758620689655173, 1.25, 1.3, 1.0, 1.1, 1.8983050847457628, 4.252808988764045, 4.891891891891892, 3.0914285714285716, 3.108843537414966, 2.1603053435114505, 2.9057971014492754, 2.3020833333333335, 2.291044776119403, 1.7920792079207921, 2.559322033898305, 1.8598130841121496, 2.434108527131783, 2.2012987012987013, 1.9913793103448276, 1.0952380952380953, 1.3333333333333333, 3.7142857142857144, null], "baseline_730": [1.2758620689655173, 1.25, 1.3, 1.0, 1.1, 1.8983050847457628, 4.252808988764045, 4.891891891891892, 3.0914285714285716, 3.108843537414966, 2.1603053435114505, 2.9057971014492754, 2.3020833333333335, 2.291044776119403, 1.7920792079207921, 2.559322033898305, 1.8598130841121496, 2.434108527131783, 2.2012987012987013, 1.9913793103448276, 1.0952380952380953, 1.3333333333333333, 3.7142857142857144, null], "today": [null, null, null, null, null, 1.0, 6.0, 10.0, 2.0, null, 1.0, 1.0, 2.0, null, 2.0, null, 2.0, 3.0, 7.0, null, null, null, null, null]}, "Gurun": {"baseline": [null, 2.0, null, null, 1.0, 1.1111111111111112, 1.0869565217391304, 1.5294117647058822, 1.0, 1.8, 1.3846153846153846, 1.2758620689655173, 1.0, 1.3, 1.6666666666666667, 1.4390243902439024, 1.3529411764705883, 1.1891891891891893, 1.2173913043478262, 1.5, 1.0, 1.0, 1.0, null], "baseline_730": [null, 2.0, null, null, 1.0, 1.1111111111111112, 1.0869565217391304, 1.5294117647058822, 1.0, 1.8, 1.3846153846153846, 1.2758620689655173, 1.0, 1.3, 1.6666666666666667, 1.4390243902439024, 1.3529411764705883, 1.1891891891891893, 1.2173913043478262, 1.5, 1.0, 1.0, 1.0, null], "today": [null, null, null, null, null, null, null, null, null, null, null, null, null, null, null, null, null, 1.0, null, null, null, null, null, null]}, "Ipoh": {"baseline": [1.368421052631579, 1.2857142857142858, 1.25, 1.0, 1.1801801801801801, 2.0, 4.794444444444444, 4.708571428571428, 3.3773584905660377, 4.0, 1.9846153846153847, 2.1702127659574466, 3.3092105263157894, 1.7125, 2.888888888888889, 1.5342465753424657, 3.0884353741496597, 2.0851063829787235, 2.4829931972789114, 1.9009009009009008, 1.1785714285714286, 1.1176470588235294, 3.25, null],