{"service": "komuter_utara", "origin": "Bagan Serai", "latest_date": "2026-07-04", "destinations": {"Alor Setar": {"baseline": [1.0, 1.0, null, null, null, 1.1403508771929824, 1.476923076923077, 1.3611111111111112, 1.5714285714285714, 1.3970588235294117, 1.1304347826086956, 1.608695652173913, 1.6666666666666667, 1.5, 1.5483870967741935, 1.68, 1.5, 1.46875, 1.2727272727272727, 1.5263157894736843, 1.0, 1.0, 1.0, null], "baseline_730": [1.0, 1.0, null, null, null, 1.1403508771929824, 1.476923076923077, 1.3611111111111112, 1.5714285714285714, 1.3970588235294117, 1.1304347826086956, 1.608695652173913, 1.6666666666666667, 1.5, 1.5483870967741935, 1.68, 1.5, 1.46875, 1.2727272727272727, 1.5263157894736843, 1.0, 1.0, 1.0, null], "today": [null, null, null, null, null, null, 1.0, null, null, null, 1.0, null, null, null, 1.0, 2.0, null, null, null, null, null, null, null, null]}, "Anak Bukit": {"baseline": [1.25, 1.3333333333333333, 1.0, null, 1.0, 1.2666666666666666, 1.186046511627907, 1.2835820895522387, 1.75, 1.5471698113207548, 1.2941176470588236, 1.5625, 1.25, 1.6808510638297873, 1.25, 1.8444444444444446, 2.0, 1.303030303030303, 1.2432432432432432, 1.0526315789473684, 1.0, 1.0, 1.0, null], "baseline_730": [1.25, 1.3333333333333333, 1.0, null, 1.0, 1.2666666666666666, 1.186046511627907, 1.2835820895522387, 1.75, 1.5471698113207548, 1.2941176470588236, 1.5625, 1.25, 1.6808510638297873, 1.25, 1.8444444444444446, 2.0, 1.303030303030303, 1.2432432432432432, 1.0526315789473684, 1.0, 1.0, 1.0, null], "today": [null, null, null, null, null, null, null, null, null, null, null, 2.0, null, null, null, null, null, null, null, null, null, null, null, null]}, "Arau": {"baseline": [1.0, 1.0, 1.0, 1.0, 2.6666666666666665, 1.4186046511627908, 1.8271604938271604, 1.8823529411764706, 1.2162162162162162, 1.96, 1.6607142857142858, 1.8333333333333333, 1.3928571428571428, 2.0416666666666665, 1.6610169491525424, 2.3181818181818183, 1.6984126984126984, 1.8507462686567164, 1.8307692307692307, 1.0, 1.3333333333333333, 1.1428571428571428, null, 1.0], "baseline_730": [1.0, 1.0, 1.0, 1.0, 2.6666666666666665, 1.4186046511627908, 1.8271604938271604, 1.8823529411764706, 1.2162162162162162, 1.96, 1.6607142857142858, 1.8333333333333333, 1.3928571428571428, 2.0416666666666665, 1.6610169491525424, 2.3181818181818183, 1.6984126984126984, 1.8507462686567164, 1.8307692307692307, 1.0, 1.3333333333333333, 1.1428571428571428, null, 1.0], "today": [null, null, null, null, null, null, null, null, null, null, null, null, null, null, null, 1.0, null, 2.0, 1.0, null, null, null, null, null]}, "Bagan Serai": {"baseline": [null, null, null, null, null, null, 1.0, 1.5, 1.0, null, 2.0, 1.0, null, 1.0, null, 1.3333333333333333, 1.3333333333333333, 1.0, 1.0, null, null, null, null, null], "baseline_730": [null, null, null, null, null, null, 1.0, 1.5, 1.0, null, 2.0, 1.0, null, 1.0, null, 1.3333333333333333, 1.3333333333333333, 1.0, 1.0, null, null, null, null, null], "today": [null, null, null, null, null, null, null, null, null, null, null, null, null, null, null, null, null, null, null, null, null, null, null, null]}, "Bukit Ketri": {"baseline": [null, null, null, null, null, 1.0, 1.0851063829787233, 1.5454545454545454, 1.0666666666666667, 1.25, 1.375, 1.5555555555555556, 1.0, 1.0769230769230769, 1.0, 1.1428571428571428, 1.1176470588235294, 1.0327868852459017, 1.1333333333333333, 1.3333333333333333, 1.0, 1.0, 2.0, null], "baseline_730": [null, null, null, null, null, 1.0, 1.0851063829787233, 1.5454545454545454, 1.0666666666666667, 1.25, 1.375, 1.5555555555555556, 1.0, 1.0769230769230769, 1.0, 1.1428571428571428, 1.1176470588235294, 1.0327868852459017, 1.1333333333333333, 1.3333333333333333, 1.0, 1.0, 2.0, null], "today": [null, null, null, null, null, 1.0, null, 2.0, null, 4.0, null, 1.0, null, null, null, null, null, null, null, null, null, null, null, null]}, "Bukit Mertajam": {"baseline": [1.8333333333333333, 1.2, 1.3333333333333333, 1.0, 1.2, 1.346938775510204, 2.3732394366197185, 6.650602409638554, 3.6666666666666665, 2.236641221374046, 2.017094017094017, 1.8257575757575757, 1.802325581395349, 1.9886363636363635, 1.6428571428571428, 1.9042553191489362, 2.128205128205128, 1.8762886597938144, 2.3934426229508197, 1.7468354430379747, 1.0, null, 4.0, 1.0], "baseline_730": [1.8333333333333333, 1.2, 1.3333333333333333, 1.0, 1.2, 1.346938775510204, 2.3732394366197185, 6.650602409638554, 3.6666666666666665, 2.236641221374046, 2.017094017094017, 1.8257575757575757, 1.802325581395349, 1.9886363636363635, 1.6428571428571428, 1.9042553191489362, 2.128205128205128, 1.8762886597938144, 2.3934426229508197, 1.7468354430379747, 1.0, null, 4.0, 1.0], "today": [null, null, null, null, null, 2.0, 2.0, 6.0, 1.0, 2.0, 1.0, 2.0, 3.0, 1.0, 1.0, 1.0, null, null, 1.0, null, null, null, null, null]}, "Bukit Tengah": {"baseline": [1.0, 1.0, 1.0, null, null, 1.1408450704225352, 2.120567375886525, 1.7258064516129032, 1.2280701754385965, 1.6818181818181819, 1.3265306122448979, 1.3508771929824561, 1.2820512820512822, 1.875, 1.2916666666666667, 1.5294117647058822, 1.2962962962962963, 1.5454545454545454, 1.3548387096774193, 1.5277777777777777, 1.3333333333333333, null, 1.0, null], "baseline_730": [1.0, 1.0, 1.0, null, null, 1.1408450704225352, 2.120567375886525, 1.7258064516129032, 1.2280701754385965, 1.6818181818181819, 1.3265306122448979, 1.3508771929824561, 1.2820512820512822, 1.875, 1.2916666666666667, 1.5294117647058822, 1.2962962962962963, 1.5454545454545454, 1.3548387096774193, 1.5277777777777777, 1.3333333333333333, null, 1.0, null], "today": [null, null, null, null, null, null, 1.0, null, null, null, null, null, 1.0, null, null, null, null, null, null, 1.0, null, null, null, null]}, "Butterworth": {"baseline": [1.25, 1.25, 1.3, 1.0, 1.1111111111111112, 1.9056603773584906, 4.257668711656442, 4.9411764705882355, 3.1055900621118013, 3.102189781021898, 2.185483870967742, 2.9206349206349205, 2.3258426966292136, 2.3412698412698414, 1.8, 2.6018518518518516, 1.891089108910891, 2.4661016949152543, 2.192857142857143, 1.991150442477876, 1.105263157894737, 1.3333333333333333, 3.7142857142857144, null], "baseline_730": [1.25, 1.25, 1.3, 1.0, 1.1111111111111112, 1.9056603773584906, 4.257668711656442, 4.9411764705882355, 3.1055900621118013, 3.102189781021898, 2.185483870967742, 2.9206349206349205, 2.3258426966292136, 2.3412698412698414, 1.8, 2.6018518518518516, 1.891089108910891, 2.4661016949152543, 2.192857142857143, 1.991150442477876, 1.105263157894737, 1.3333333333333333, 3.7142857142857144, null], "today": [1.0, null, null, null, null, null, 2.0, 12.0, 2.0, 1.0, 3.0, 3.0, null, null, null, null, 1.0, 3.0, null, null, 1.0, null, null, null]}, "Gurun": {"baseline": [null, 2.0, null, null, 1.0, 1.1111111111111112, 1.0909090909090908, 1.5294117647058822, 1.0, 1.9411764705882353, 1.4166666666666667, 1.3076923076923077, 1.0, 1.3214285714285714, 1.7272727272727273, 1.4390243902439024, 1.4, 1.1764705882352942, 1.2272727272727273, 1.6, 1.0, 1.0, 1.0, null], "baseline_730": [null, 2.0, null, null, 1.0, 1.1111111111111112, 1.0909090909090908, 1.5294117647058822, 1.0, 1.9411764705882353, 1.4166666666666667, 1.3076923076923077, 1.0, 1.3214285714285714, 1.7272727272727273, 1.4390243902439024, 1.4, 1.1764705882352942, 1.2272727272727273, 1.6, 1.0, 1.0, 1.0, null], "today": [null, null, null, null, null, null, null, null, null, null, null, null, null, 1.0, null, null, null, null, null, null, 1.0, null, null, null]}, "Ipoh": {"baseline": [1.4, 1.2857142857142858, 1.25, 1.0, 1.174757281553398, 1.9830508474576272, 4.802395209580839, 4.69375, 3.4305555555555554, 4.031055900621118, 1.953125, 2.128787878787879, 3.153284671532847, 1.7567567567567568, 2.8333333333333335, 1.578125, 3.1029411764705883, 2.147727272727273, 2.5035971223021583, 1.9423076923076923, 1.1666666666666667, 1.1428571428571428, 3.25, null],