{"service": "komuter_utara", "origin": "Bagan Serai", "latest_date": "2026-07-05", "destinations": {"Alor Setar": {"baseline": [1.0, 1.0, null, null, null, 1.1355932203389831, 1.4857142857142858, 1.3461538461538463, 1.5714285714285714, 1.4057971014492754, 1.12, 1.6338028169014085, 1.625, 1.490909090909091, 1.53125, 1.6862745098039216, 1.4864864864864864, 1.4696969696969697, 1.25, 1.5263157894736843, 1.0, 1.0, 1.0, null], "baseline_730": [1.0, 1.0, null, null, null, 1.1355932203389831, 1.4857142857142858, 1.3461538461538463, 1.5714285714285714, 1.4057971014492754, 1.12, 1.6338028169014085, 1.625, 1.490909090909091, 1.53125, 1.6862745098039216, 1.4864864864864864, 1.4696969696969697, 1.25, 1.5263157894736843, 1.0, 1.0, 1.0, null], "today": [null, null, null, null, null, null, null, 1.0, 1.0, null, null, 1.0, null, 2.0, null, 1.0, null, null, null, null, null, null, null, null]}, "Anak Bukit": {"baseline": [1.25, 1.3333333333333333, 1.0, null, 1.0, 1.3529411764705883, 1.1777777777777778, 1.2794117647058822, 1.6923076923076923, 1.6071428571428572, 1.2777777777777777, 1.605263157894737, 1.25, 1.66, 1.25, 1.8571428571428572, 2.0, 1.2941176470588236, 1.236842105263158, 1.0526315789473684, 1.0, 1.0, 1.0, null], "baseline_730": [1.25, 1.3333333333333333, 1.0, null, 1.0, 1.3529411764705883, 1.1777777777777778, 1.2794117647058822, 1.6923076923076923, 1.6071428571428572, 1.2777777777777777, 1.605263157894737, 1.25, 1.66, 1.25, 1.8571428571428572, 2.0, 1.2941176470588236, 1.236842105263158, 1.0526315789473684, 1.0, 1.0, 1.0, null], "today": [null, null, null, null, null, null, 3.0, null, null, 2.0, 5.0, 2.0, 1.0, 2.0, null, 3.0, null, 2.0, 1.0, null, 1.0, null, null, null]}, "Arau": {"baseline": [1.0, 1.0, 1.0, 1.0, 2.25, 1.4444444444444444, 1.8181818181818181, 1.849056603773585, 1.2105263157894737, 1.9493670886075949, 1.6721311475409837, 1.7936507936507937, 1.4137931034482758, 2.051948051948052, 1.6721311475409837, 2.318681318681319, 1.6666666666666667, 1.8695652173913044, 1.826086956521739, 1.0, 1.2857142857142858, 1.1428571428571428, null, 1.0], "baseline_730": [1.0, 1.0, 1.0, 1.0, 2.25, 1.4444444444444444, 1.8181818181818181, 1.849056603773585, 1.2105263157894737, 1.9493670886075949, 1.6721311475409837, 1.7936507936507937, 1.4137931034482758, 2.051948051948052, 1.6721311475409837, 2.318681318681319, 1.6666666666666667, 1.8695652173913044, 1.826086956521739, 1.0, 1.2857142857142858, 1.1428571428571428, null, 1.0], "today": [null, null, null, null, null, null, null, 3.0, null, 1.0, 6.0, 6.0, 2.0, 4.0, null, 6.0, 1.0, 6.0, 3.0, null, null, null, null, null]}, "Bagan Serai": {"baseline": [null, null, null, null, null, null, 1.0, 1.4, 1.0, null, 2.0, 1.0, null, 1.0, null, 1.3333333333333333, 1.3333333333333333, 1.0, 1.0, null, null, null, null, null], "baseline_730": [null, null, null, null, null, null, 1.0, 1.4, 1.0, null, 2.0, 1.0, null, 1.0, null, 1.3333333333333333, 1.3333333333333333, 1.0, 1.0, null, null, null, null, null], "today": [null, null, null, null, null, null, null, null, null, null, null, null, null, null, null, null, null, null, null, null, null, null, null, null]}, "Bukit Ketri": {"baseline": [null, null, null, null, null, 1.0, 1.08, 1.6153846153846154, 1.0666666666666667, 1.5, 1.375, 1.4545454545454546, 1.0, 1.0666666666666667, 1.1111111111111112, 1.1333333333333333, 1.105263157894737, 1.0307692307692307, 1.125, 1.3333333333333333, 1.0, 1.0, 2.0, null], "baseline_730": [null, null, null, null, null, 1.0, 1.08, 1.6153846153846154, 1.0666666666666667, 1.5, 1.375, 1.4545454545454546, 1.0, 1.0666666666666667, 1.1111111111111112, 1.1333333333333333, 1.105263157894737, 1.0307692307692307, 1.125, 1.3333333333333333, 1.0, 1.0, 2.0, null], "today": [null, null, null, null, null, null, null, null, null, null, null, null, null, null, null, null, null, 2.0, null, null, 2.0, null, null, null]}, "Bukit Mertajam": {"baseline": [1.8333333333333333, 1.2, 1.25, 1.0, 1.1666666666666667, 1.3461538461538463, 2.3666666666666667, 6.725714285714286, 3.589041095890411, 2.20863309352518, 1.984, 1.8309859154929577, 1.8202247191011236, 1.9456521739130435, 1.635135135135135, 1.9090909090909092, 2.088709677419355, 1.892156862745098, 2.3255813953488373, 1.7407407407407407, 1.0, null, 4.0, 1.0], "baseline_730": [1.8333333333333333, 1.2, 1.25, 1.0, 1.1666666666666667, 1.3461538461538463, 2.3666666666666667, 6.725714285714286, 3.589041095890411, 2.20863309352518, 1.984, 1.8309859154929577, 1.8202247191011236, 1.9456521739130435, 1.635135135135135, 1.9090909090909092, 2.088709677419355, 1.892156862745098, 2.3255813953488373, 1.7407407407407407, 1.0, null, 4.0, 1.0], "today": [null, null, null, null, null, null, 1.0, 3.0, null, 4.0, 1.0, 1.0, 1.0, null, 1.0, null, 1.0, 2.0, 3.0, 1.0, null, null, null, null]}, "Bukit Tengah": {"baseline": [1.0, 1.0, 1.0, null, null, 1.1486486486486487, 2.0933333333333333, 1.7272727272727273, 1.2241379310344827, 1.6666666666666667, 1.3137254901960784, 1.3448275862068966, 1.2857142857142858, 1.853658536585366, 1.3, 1.5142857142857142, 1.290909090909091, 1.5789473684210527, 1.3692307692307693, 1.5, 1.3333333333333333, null, 1.0, null], "baseline_730": [1.0, 1.0, 1.0, null, null, 1.1486486486486487, 2.0933333333333333, 1.7272727272727273, 1.2241379310344827, 1.6666666666666667, 1.3137254901960784, 1.3448275862068966, 1.2857142857142858, 1.853658536585366, 1.3, 1.5142857142857142, 1.290909090909091, 1.5789473684210527, 1.3692307692307693, 1.5, 1.3333333333333333, null, 1.0, null], "today": [null, null, null, null, null, null, null, null, null, null, 4.0, null, null, 1.0, 1.0, 2.0, 3.0, 2.0, 2.0, 1.0, null, null, null, null]}, "Butterworth": {"baseline": [1.2142857142857142, 1.25, 1.3, 1.0, 1.1111111111111112, 1.9217391304347826, 4.242774566473988, 4.933333333333334, 3.1176470588235294, 3.0694444444444446, 2.1782945736434107, 2.8955223880597014, 2.3440860215053765, 2.2977099236641223, 1.8080808080808082, 2.575221238938053, 1.8666666666666667, 2.432, 2.2013422818791946, 1.982608695652174, 1.1, 1.3333333333333333, 3.7142857142857144, null], "baseline_730": [1.2142857142857142, 1.25, 1.3, 1.0, 1.1111111111111112, 1.9217391304347826, 4.242774566473988, 4.933333333333334, 3.1176470588235294, 3.0694444444444446, 2.1782945736434107, 2.8955223880597014, 2.3440860215053765, 2.2977099236641223, 1.8080808080808082, 2.575221238938053, 1.8666666666666667, 2.432, 2.2013422818791946, 1.982608695652174, 1.1, 1.3333333333333333, 3.7142857142857144, null], "today": [3.0, null, null, null, null, null, 7.0, 1.0, 1.0, 9.0, null, 10.0, null, 3.0, 1.0, 3.0, 2.0, 4.0, 3.0, null, 1.0, null, null, null]}, "Gurun": {"baseline": [null, 2.0, null, null, 1.0, 1.1111111111111112, 1.0869565217391304, 1.5294117647058822, 1.0, 1.8888888888888888, 1.4166666666666667, 1.2857142857142858, 1.0, 1.3, 1.6666666666666667, 1.4390243902439024, 1.375, 1.1666666666666667, 1.2173913043478262, 1.5, 1.0, 1.0, 1.0, null], "baseline_730": [null, 2.0, null, null, 1.0, 1.1111111111111112, 1.0869565217391304, 1.5294117647058822, 1.0, 1.8888888888888888, 1.4166666666666667, 1.2857142857142858, 1.0, 1.3, 1.6666666666666667, 1.4390243902439024, 1.375, 1.1666666666666667, 1.2173913043478262, 1.5, 1.0, 1.0, 1.0, null], "today": [null, null, null, null, null, null, null, null, null, 1.0, 1.0, 1.0, 1.0, null, null, null, 1.0, 2.0, null, null, 1.0, null, null, null]}, "Ipoh": {"baseline": [1.368421052631579, 1.2857142857142858, 1.25, 1.0, 1.1851851851851851, 1.9603174603174602, 4.777142857142858, 4.688235294117647, 3.383116883116883, 3.9941176470588236, 1.9846153846153847, 2.130434782608696, 3.306122448979592, 1.7307692307692308, 2.8980891719745223, 1.5352112676056338, 3.0833333333333335, 2.097826086956522, 2.493150684931507, 1.925233644859813, 1.1538461538461537, 1.125, 3.25, null],