{"service": "komuter_utara", "origin": "Bagan Serai", "latest_date": "2026-06-14", "destinations": {"Alor Setar": {"baseline": [1.0, 1.0, null, null, null, 1.1481481481481481, 1.5, 1.3823529411764706, 1.5769230769230769, 1.3650793650793651, 1.15, 1.6031746031746033, 1.6896551724137931, 1.5208333333333333, 1.5666666666666667, 1.7555555555555555, 1.5, 1.4915254237288136, 1.2258064516129032, 1.4, 1.0, 1.0, 1.0, null], "baseline_730": [1.0, 1.0, null, null, null, 1.1481481481481481, 1.5, 1.3823529411764706, 1.5769230769230769, 1.3650793650793651, 1.15, 1.6031746031746033, 1.6896551724137931, 1.5208333333333333, 1.5666666666666667, 1.7555555555555555, 1.5, 1.4915254237288136, 1.2258064516129032, 1.4, 1.0, 1.0, 1.0, null], "today": [null, null, null, null, null, 1.0, null, null, null, null, null, 3.0, null, null, null, null, null, 2.0, null, null, 1.0, null, null, null]}, "Anak Bukit": {"baseline": [1.25, 1.4, 1.0, null, 1.0, 1.2666666666666666, 1.1951219512195121, 1.2727272727272727, 1.75, 1.54, 1.2666666666666666, 1.5806451612903225, 1.2777777777777777, 1.744186046511628, 1.2222222222222223, 1.8636363636363635, 2.0, 1.303030303030303, 1.2727272727272727, 1.0555555555555556, 1.0, 1.0, 1.0, null], "baseline_730": [1.25, 1.4, 1.0, null, 1.0, 1.2666666666666666, 1.1951219512195121, 1.2727272727272727, 1.75, 1.54, 1.2666666666666666, 1.5806451612903225, 1.2777777777777777, 1.744186046511628, 1.2222222222222223, 1.8636363636363635, 2.0, 1.303030303030303, 1.2727272727272727, 1.0555555555555556, 1.0, 1.0, 1.0, null], "today": [null, null, null, null, null, null, 1.0, 2.0, null, 2.0, null, null, 1.0, null, null, null, null, null, null, null, null, null, null, null]}, "Arau": {"baseline": [1.0, 1.0, 1.0, 1.0, 1.5, 1.4390243902439024, 1.8591549295774648, 1.8979591836734695, 1.2285714285714286, 1.9696969696969697, 1.6538461538461537, 1.9245283018867925, 1.392156862745098, 2.0, 1.6363636363636365, 2.382716049382716, 1.7142857142857142, 1.8032786885245902, 1.8548387096774193, 1.0, 1.2, 1.1428571428571428, null, 1.0], "baseline_730": [1.0, 1.0, 1.0, 1.0, 1.5, 1.4390243902439024, 1.8591549295774648, 1.8979591836734695, 1.2285714285714286, 1.9696969696969697, 1.6538461538461537, 1.9245283018867925, 1.392156862745098, 2.0, 1.6363636363636365, 2.382716049382716, 1.7142857142857142, 1.8032786885245902, 1.8548387096774193, 1.0, 1.2, 1.1428571428571428, null, 1.0], "today": [null, null, null, null, null, null, 1.0, 1.0, 1.0, null, null, 1.0, 1.0, 3.0, 2.0, 1.0, 2.0, null, null, null, null, null, null, null]}, "Bagan Serai": {"baseline": [null, null, null, null, null, null, 1.0, 1.5, 1.0, null, 2.0, 1.0, null, 1.0, null, 1.3333333333333333, 1.3333333333333333, 1.0, 1.0, null, null, null, null, null], "baseline_730": [null, null, null, null, null, null, 1.0, 1.5, 1.0, null, 2.0, 1.0, null, 1.0, null, 1.3333333333333333, 1.3333333333333333, 1.0, 1.0, null, null, null, null, null], "today": [null, null, null, null, null, null, null, null, null, null, null, null, null, null, null, null, null, null, null, null, null, null, null, null]}, "Bukit Ketri": {"baseline": [null, null, null, null, null, 1.0, 1.0888888888888888, 1.5454545454545454, 1.0909090909090908, 1.2727272727272727, 1.375, 1.5, 1.0, 1.0909090909090908, 1.0, 1.0769230769230769, 1.0625, 1.0178571428571428, 1.0714285714285714, 1.5, 1.0, 1.0, 2.0, null], "baseline_730": [null, null, null, null, null, 1.0, 1.0888888888888888, 1.5454545454545454, 1.0909090909090908, 1.2727272727272727, 1.375, 1.5, 1.0, 1.0909090909090908, 1.0, 1.0769230769230769, 1.0625, 1.0178571428571428, 1.0714285714285714, 1.5, 1.0, 1.0, 2.0, null], "today": [null, null, null, null, null, null, null, null, null, null, null, null, null, null, null, null, null, null, null, null, null, null, null, null]}, "Bukit Mertajam": {"baseline": [2.0, 1.25, 1.3333333333333333, 1.0, 1.2, 1.3043478260869565, 2.3153846153846156, 6.601307189542483, 3.7007874015748032, 2.2195121951219514, 2.0090909090909093, 1.8278688524590163, 1.7710843373493976, 2.0120481927710845, 1.5625, 1.9204545454545454, 2.1666666666666665, 1.9120879120879122, 2.482142857142857, 1.7397260273972603, 1.0, null, 4.0, 1.0], "baseline_730": [2.0, 1.25, 1.3333333333333333, 1.0, 1.2, 1.3043478260869565, 2.3153846153846156, 6.601307189542483, 3.7007874015748032, 2.2195121951219514, 2.0090909090909093, 1.8278688524590163, 1.7710843373493976, 2.0120481927710845, 1.5625, 1.9204545454545454, 2.1666666666666665, 1.9120879120879122, 2.482142857142857, 1.7397260273972603, 1.0, null, 4.0, 1.0], "today": [null, null, null, null, null, 1.0, null, 1.0, null, 3.0, 1.0, 2.0, null, 2.0, null, 3.0, null, 1.0, 1.0, 1.0, null, null, null, null]}, "Bukit Tengah": {"baseline": [1.0, 1.0, 1.0, null, null, 1.1515151515151516, 2.1307692307692307, 1.7478260869565216, 1.2321428571428572, 1.6511627906976745, 1.3191489361702127, 1.36, 1.2702702702702702, 1.868421052631579, 1.3043478260869565, 1.5161290322580645, 1.3018867924528301, 1.5471698113207548, 1.3620689655172413, 1.5757575757575757, 1.3333333333333333, null, 1.0, null], "baseline_730": [1.0, 1.0, 1.0, null, null, 1.1515151515151516, 2.1307692307692307, 1.7478260869565216, 1.2321428571428572, 1.6511627906976745, 1.3191489361702127, 1.36, 1.2702702702702702, 1.868421052631579, 1.3043478260869565, 1.5161290322580645, 1.3018867924528301, 1.5471698113207548, 1.3620689655172413, 1.5757575757575757, 1.3333333333333333, null, 1.0, null], "today": [null, null, null, null, null, 1.0, null, null, null, null, 2.0, null, null, 3.0, null, null, null, null, 1.0, 1.0, null, null, null, null]}, "Butterworth": {"baseline": [1.2727272727272727, 1.2857142857142858, 1.3, 1.0, 1.125, 1.9081632653061225, 4.28, 4.8471337579617835, 3.1258278145695364, 3.171875, 2.247863247863248, 2.889830508474576, 2.364705882352941, 2.406779661016949, 1.7613636363636365, 2.6176470588235294, 1.9361702127659575, 2.4954128440366974, 2.1908396946564888, 2.0285714285714285, 1.1176470588235294, 1.3333333333333333, 3.7142857142857144, null], "baseline_730": [1.2727272727272727, 1.2857142857142858, 1.3, 1.0, 1.125, 1.9081632653061225, 4.28, 4.8471337579617835, 3.1258278145695364, 3.171875, 2.247863247863248, 2.889830508474576, 2.364705882352941, 2.406779661016949, 1.7613636363636365, 2.6176470588235294, 1.9361702127659575, 2.4954128440366974, 2.1908396946564888, 2.0285714285714285, 1.1176470588235294, 1.3333333333333333, 3.7142857142857144, null], "today": [null, null, null, null, null, 1.0, 2.0, 3.0, null, 4.0, 1.0, 3.0, 3.0, 1.0, 3.0, 5.0, null, 4.0, null, 1.0, null, null, null, null]}, "Gurun": {"baseline": [null, 2.0, null, null, 1.0, 1.125, 1.1, 1.6, 1.0, 1.9411764705882353, 1.4166666666666667, 1.3478260869565217, 1.0, 1.3333333333333333, 1.8, 1.4444444444444444, 1.4166666666666667, 1.1764705882352942, 1.2380952380952381, 1.6, 1.0, 1.0, 1.0, null], "baseline_730": [null, 2.0, null, null, 1.0, 1.125, 1.1, 1.6, 1.0, 1.9411764705882353, 1.4166666666666667, 1.3478260869565217, 1.0, 1.3333333333333333, 1.8, 1.4444444444444444, 1.4166666666666667, 1.1764705882352942, 1.2380952380952381, 1.6, 1.0, 1.0, 1.0, null], "today": [null, null, null, null, null, 1.0, null, null, null, null, null, null, null, 1.0, null, 1.0, null, null, null, null, null, null, null, null]}, "Ipoh": {"baseline": [1.4516129032258065, 1.263157894736842, 1.2222222222222223, 1.0, 1.1770833333333333, 1.981651376146789, 4.865384615384615, 4.6824324324324325, 3.481203007518797, 4.080536912751678, 1.9661016949152543, 2.1735537190082646, 3.2142857142857144, 1.6470588235294117, 2.8439716312056738, 1.5833333333333333, 3.1451612903225805, 2.1392405063291138, 2.53125, 1.9574468085106382, 1.1818181818181819, 1.0769230769230769, 3.25, null],