{"service": "komuter_utara", "origin": "Bagan Serai", "latest_date": "2026-07-06", "destinations": {"Alor Setar": {"baseline": [1.0, 1.0, null, null, null, 1.1355932203389831, 1.4857142857142858, 1.3417721518987342, 1.5517241379310345, 1.4057971014492754, 1.12, 1.625, 1.625, 1.5, 1.53125, 1.6730769230769231, 1.4864864864864864, 1.4696969696969697, 1.25, 1.5263157894736843, 1.0, 1.0, 1.0, null], "baseline_730": [1.0, 1.0, null, null, null, 1.1355932203389831, 1.4857142857142858, 1.3417721518987342, 1.5517241379310345, 1.4057971014492754, 1.12, 1.625, 1.625, 1.5, 1.53125, 1.6730769230769231, 1.4864864864864864, 1.4696969696969697, 1.25, 1.5263157894736843, 1.0, 1.0, 1.0, null], "today": [null, null, null, null, null, null, 2.0, 1.0, null, 3.0, null, null, null, null, null, 3.0, null, 2.0, 1.0, null, null, null, null, null]}, "Anak Bukit": {"baseline": [1.25, 1.3333333333333333, 1.0, null, 1.0, 1.3529411764705883, 1.2173913043478262, 1.2794117647058822, 1.6923076923076923, 1.6140350877192982, 1.4736842105263157, 1.6153846153846154, 1.2380952380952381, 1.6666666666666667, 1.25, 1.88, 2.0, 1.3142857142857143, 1.2307692307692308, 1.0526315789473684, 1.0, 1.0, 1.0, null], "baseline_730": [1.25, 1.3333333333333333, 1.0, null, 1.0, 1.3529411764705883, 1.2173913043478262, 1.2794117647058822, 1.6923076923076923, 1.6140350877192982, 1.4736842105263157, 1.6153846153846154, 1.2380952380952381, 1.6666666666666667, 1.25, 1.88, 2.0, 1.3142857142857143, 1.2307692307692308, 1.0526315789473684, 1.0, 1.0, 1.0, null], "today": [null, 1.0, null, null, null, null, 2.0, null, null, null, null, null, null, null, null, null, null, null, 1.0, null, null, null, null, null]}, "Arau": {"baseline": [1.0, 1.0, 1.0, 1.0, 2.25, 1.4444444444444444, 1.8181818181818181, 1.8703703703703705, 1.2105263157894737, 1.9375, 1.7419354838709677, 1.859375, 1.423728813559322, 2.076923076923077, 1.6721311475409837, 2.358695652173913, 1.6567164179104477, 1.9285714285714286, 1.8428571428571427, 1.0, 1.2857142857142858, 1.1428571428571428, null, 1.0], "baseline_730": [1.0, 1.0, 1.0, 1.0, 2.25, 1.4444444444444444, 1.8181818181818181, 1.8703703703703705, 1.2105263157894737, 1.9375, 1.7419354838709677, 1.859375, 1.423728813559322, 2.076923076923077, 1.6721311475409837, 2.358695652173913, 1.6567164179104477, 1.9285714285714286, 1.8428571428571427, 1.0, 1.2857142857142858, 1.1428571428571428, null, 1.0], "today": [1.0, null, null, null, null, 2.0, 9.0, null, null, null, null, 1.0, null, 4.0, null, 1.0, null, 1.0, null, 2.0, 1.0, null, null, null]}, "Bagan Serai": {"baseline": [null, null, null, null, null, null, 1.0, 1.4, 1.0, null, 2.0, 1.0, null, 1.0, null, 1.3333333333333333, 1.3333333333333333, 1.0, 1.0, null, null, null, null, null], "baseline_730": [null, null, null, null, null, null, 1.0, 1.4, 1.0, null, 2.0, 1.0, null, 1.0, null, 1.3333333333333333, 1.3333333333333333, 1.0, 1.0, null, null, null, null, null], "today": [null, null, null, null, null, null, null, null, null, null, null, null, null, null, null, null, null, null, null, null, null, null, null, null]}, "Bukit Ketri": {"baseline": [null, null, null, null, null, 1.0, 1.08, 1.6153846153846154, 1.0666666666666667, 1.5, 1.375, 1.4545454545454546, 1.0, 1.0666666666666667, 1.1111111111111112, 1.1333333333333333, 1.105263157894737, 1.0454545454545454, 1.125, 1.3333333333333333, 1.1428571428571428, 1.0, 2.0, null], "baseline_730": [null, null, null, null, null, 1.0, 1.08, 1.6153846153846154, 1.0666666666666667, 1.5, 1.375, 1.4545454545454546, 1.0, 1.0666666666666667, 1.1111111111111112, 1.1333333333333333, 1.105263157894737, 1.0454545454545454, 1.125, 1.3333333333333333, 1.1428571428571428, 1.0, 2.0, null], "today": [null, null, null, null, null, null, null, null, null, null, null, 2.0, null, null, null, null, null, null, null, null, null, null, null, null]}, "Bukit Mertajam": {"baseline": [1.8333333333333333, 1.2, 1.25, 1.0, 1.1666666666666667, 1.3461538461538463, 2.357615894039735, 6.704545454545454, 3.589041095890411, 2.2214285714285715, 1.9761904761904763, 1.8251748251748252, 1.8111111111111111, 1.9456521739130435, 1.6266666666666667, 1.9090909090909092, 2.08, 1.8932038834951457, 2.330769230769231, 1.7317073170731707, 1.0, null, 4.0, 1.0], "baseline_730": [1.8333333333333333, 1.2, 1.25, 1.0, 1.1666666666666667, 1.3461538461538463, 2.357615894039735, 6.704545454545454, 3.589041095890411, 2.2214285714285715, 1.9761904761904763, 1.8251748251748252, 1.8111111111111111, 1.9456521739130435, 1.6266666666666667, 1.9090909090909092, 2.08, 1.8932038834951457, 2.330769230769231, 1.7317073170731707, 1.0, null, 4.0, 1.0], "today": [null, null, null, null, null, null, 1.0, 8.0, 4.0, 2.0, 2.0, null, null, null, null, 1.0, 1.0, 1.0, null, null, null, null, null, null]}, "Bukit Tengah": {"baseline": [1.0, 1.0, 1.0, null, null, 1.1486486486486487, 2.0933333333333333, 1.7272727272727273, 1.2241379310344827, 1.6666666666666667, 1.3653846153846154, 1.3448275862068966, 1.2857142857142858, 1.8333333333333333, 1.2941176470588236, 1.5277777777777777, 1.3214285714285714, 1.5862068965517242, 1.378787878787879, 1.4871794871794872, 1.3333333333333333, null, 1.0, null], "baseline_730": [1.0, 1.0, 1.0, null, null, 1.1486486486486487, 2.0933333333333333, 1.7272727272727273, 1.2241379310344827, 1.6666666666666667, 1.3653846153846154, 1.3448275862068966, 1.2857142857142858, 1.8333333333333333, 1.2941176470588236, 1.5277777777777777, 1.3214285714285714, 1.5862068965517242, 1.378787878787879, 1.4871794871794872, 1.3333333333333333, null, 1.0, null], "today": [null, null, null, null, null, null, 5.0, 2.0, 1.0, null, null, 1.0, null, 3.0, null, 1.0, null, null, null, null, null, null, null, null]}, "Butterworth": {"baseline": [1.2758620689655173, 1.25, 1.3, 1.0, 1.1111111111111112, 1.9217391304347826, 4.258620689655173, 4.911602209944752, 3.1052631578947367, 3.110344827586207, 2.1782945736434107, 2.948148148148148, 2.3440860215053765, 2.303030303030303, 1.8, 2.5789473684210527, 1.8679245283018868, 2.4444444444444446, 2.2066666666666666, 1.982608695652174, 1.0952380952380953, 1.3333333333333333, 3.7142857142857144, null], "baseline_730": [1.2758620689655173, 1.25, 1.3, 1.0, 1.1111111111111112, 1.9217391304347826, 4.258620689655173, 4.911602209944752, 3.1052631578947367, 3.110344827586207, 2.1782945736434107, 2.948148148148148, 2.3440860215053765, 2.303030303030303, 1.8, 2.5789473684210527, 1.8679245283018868, 2.4444444444444446, 2.2066666666666666, 1.982608695652174, 1.0952380952380953, 1.3333333333333333, 3.7142857142857144, null], "today": [null, null, null, 1.0, 1.0, 1.0, 7.0, 4.0, 4.0, null, null, 1.0, 1.0, 2.0, 1.0, 3.0, null, 1.0, 1.0, null, null, null, null, null]}, "Gurun": {"baseline": [null, 2.0, null, null, 1.0, 1.1111111111111112, 1.0869565217391304, 1.5294117647058822, 1.0, 1.8421052631578947, 1.3846153846153846, 1.2758620689655173, 1.0, 1.3, 1.6666666666666667, 1.4390243902439024, 1.3529411764705883, 1.1891891891891893, 1.2173913043478262, 1.5, 1.0, 1.0, 1.0, null], "baseline_730": [null, 2.0, null, null, 1.0, 1.1111111111111112, 1.0869565217391304, 1.5294117647058822, 1.0, 1.8421052631578947, 1.3846153846153846, 1.2758620689655173, 1.0, 1.3, 1.6666666666666667, 1.4390243902439024, 1.3529411764705883, 1.1891891891891893, 1.2173913043478262, 1.5, 1.0, 1.0, 1.0, null], "today": [null, null, null, null, null, null, null, null, null, null, null, null, null, null, null, null, null, null, null, null, 1.0, null, null, null]}, "Ipoh": {"baseline": [1.368421052631579, 1.2857142857142858, 1.25, 1.0, 1.18348623853211, 1.968503937007874, 4.778409090909091, 4.707602339181286, 3.3741935483870966, 4.011695906432749, 1.9846153846153847, 2.172661870503597, 3.331081081081081, 1.7215189873417722, 2.9367088607594938, 1.5416666666666667, 3.103448275862069, 2.096774193548387, 2.4829931972789114, 1.9166666666666667, 1.1538461538461537, 1.125, 3.25, null],