{"service": "komuter_utara", "origin": "Bagan Serai", "latest_date": "2026-07-13", "destinations": {"Alor Setar": {"baseline": [1.0, 1.0, null, null, null, 1.1333333333333333, 1.48, 1.3294117647058823, 1.5517241379310345, 1.4507042253521127, 1.1785714285714286, 1.6, 1.6363636363636365, 1.5087719298245614, 1.5151515151515151, 1.6851851851851851, 1.4736842105263157, 1.5072463768115942, 1.2820512820512822, 1.5, 1.0, 1.0, 1.0, null], "baseline_730": [1.0, 1.0, null, null, null, 1.1333333333333333, 1.48, 1.3294117647058823, 1.5517241379310345, 1.4507042253521127, 1.1785714285714286, 1.6, 1.6363636363636365, 1.5087719298245614, 1.5151515151515151, 1.6851851851851851, 1.4736842105263157, 1.5072463768115942, 1.2820512820512822, 1.5, 1.0, 1.0, 1.0, null], "today": [null, null, null, null, null, null, 1.0, 1.0, null, null, null, null, null, null, null, null, null, null, null, null, null, null, null, null]}, "Anak Bukit": {"baseline": [1.25, 1.2857142857142858, 1.0, null, 1.0, 1.3333333333333333, 1.2244897959183674, 1.2857142857142858, 1.6923076923076923, 1.6140350877192982, 1.4736842105263157, 1.6097560975609757, 1.2272727272727273, 1.6538461538461537, 1.25, 1.8461538461538463, 2.0, 1.3333333333333333, 1.255813953488372, 1.05, 1.0, 1.0, 1.0, null], "baseline_730": [1.25, 1.2857142857142858, 1.0, null, 1.0, 1.3333333333333333, 1.2244897959183674, 1.2857142857142858, 1.6923076923076923, 1.6140350877192982, 1.4736842105263157, 1.6097560975609757, 1.2272727272727273, 1.6538461538461537, 1.25, 1.8461538461538463, 2.0, 1.3333333333333333, 1.255813953488372, 1.05, 1.0, 1.0, 1.0, null], "today": [null, null, null, null, null, null, null, null, null, null, null, null, null, null, null, null, null, null, null, null, null, null, null, null]}, "Arau": {"baseline": [1.0, 1.0, 1.0, 1.0, 2.0, 1.4565217391304348, 1.891304347826087, 1.8545454545454545, 1.205128205128205, 1.9285714285714286, 1.6865671641791045, 1.8405797101449275, 1.4426229508196722, 2.111111111111111, 1.6721311475409837, 2.3092783505154637, 1.6956521739130435, 1.9189189189189189, 1.8450704225352113, 1.0454545454545454, 1.2, 1.1333333333333333, null, 1.0], "baseline_730": [1.0, 1.0, 1.0, 1.0, 2.0, 1.4565217391304348, 1.891304347826087, 1.8545454545454545, 1.205128205128205, 1.9285714285714286, 1.6865671641791045, 1.8405797101449275, 1.4426229508196722, 2.111111111111111, 1.6721311475409837, 2.3092783505154637, 1.6956521739130435, 1.9189189189189189, 1.8450704225352113, 1.0454545454545454, 1.2, 1.1333333333333333, null, 1.0], "today": [null, null, null, null, null, null, 3.0, null, null, null, 1.0, 1.0, null, 1.0, 1.0, 2.0, null, null, null, null, null, null, null, null]}, "Bagan Serai": {"baseline": [null, null, null, null, null, null, 1.0, 1.4, 1.0, null, 2.0, 1.0, null, 1.0, null, 1.3333333333333333, 1.3333333333333333, 1.0, 1.0, null, null, null, null, null], "baseline_730": [null, null, null, null, null, null, 1.0, 1.4, 1.0, null, 2.0, 1.0, null, 1.0, null, 1.3333333333333333, 1.3333333333333333, 1.0, 1.0, null, null, null, null, null], "today": [null, null, null, null, null, null, null, null, null, null, null, null, null, null, null, null, null, null, null, null, null, null, null, null]}, "Bukit Ketri": {"baseline": [null, null, null, null, null, 1.0, 1.0754716981132075, 1.6153846153846154, 1.0588235294117647, 1.5, 1.375, 1.5, 1.0, 1.0625, 1.1111111111111112, 1.1333333333333333, 1.1, 1.0571428571428572, 1.1176470588235294, 1.25, 1.1428571428571428, 1.0, 2.0, null], "baseline_730": [null, null, null, null, null, 1.0, 1.0754716981132075, 1.6153846153846154, 1.0588235294117647, 1.5, 1.375, 1.5, 1.0, 1.0625, 1.1111111111111112, 1.1333333333333333, 1.1, 1.0571428571428572, 1.1176470588235294, 1.25, 1.1428571428571428, 1.0, 2.0, null], "today": [null, null, null, null, null, null, null, null, 1.0, null, null, null, null, null, null, null, null, null, null, null, null, null, null, null]}, "Bukit Mertajam": {"baseline": [1.7142857142857142, 1.3333333333333333, 1.25, 1.0, 1.1666666666666667, 1.3396226415094339, 2.3734177215189876, 6.666666666666667, 3.5827814569536423, 2.191780821917808, 2.015151515151515, 1.8493150684931507, 1.8043478260869565, 1.9270833333333333, 1.6103896103896105, 1.911764705882353, 2.062015503875969, 1.9065420560747663, 2.298507462686567, 1.7241379310344827, 1.0, null, 4.0, 1.0], "baseline_730": [1.7142857142857142, 1.3333333333333333, 1.25, 1.0, 1.1666666666666667, 1.3396226415094339, 2.3734177215189876, 6.666666666666667, 3.5827814569536423, 2.191780821917808, 2.015151515151515, 1.8493150684931507, 1.8043478260869565, 1.9270833333333333, 1.6103896103896105, 1.911764705882353, 2.062015503875969, 1.9065420560747663, 2.298507462686567, 1.7241379310344827, 1.0, null, 4.0, 1.0], "today": [null, null, null, null, null, null, 3.0, 10.0, 3.0, 4.0, 2.0, 3.0, 2.0, 1.0, null, null, null, 2.0, null, null, null, null, null, null]}, "Bukit Tengah": {"baseline": [1.0, 1.0, 1.0, null, null, 1.1466666666666667, 2.109677419354839, 1.7153284671532847, 1.2258064516129032, 1.6666666666666667, 1.3653846153846154, 1.3492063492063493, 1.2727272727272727, 1.8444444444444446, 1.2941176470588236, 1.5, 1.3448275862068966, 1.5833333333333333, 1.4179104477611941, 1.4761904761904763, 1.3333333333333333, null, 1.0, null], "baseline_730": [1.0, 1.0, 1.0, null, null, 1.1466666666666667, 2.109677419354839, 1.7153284671532847, 1.2258064516129032, 1.6666666666666667, 1.3653846153846154, 1.3492063492063493, 1.2727272727272727, 1.8444444444444446, 1.2941176470588236, 1.5, 1.3448275862068966, 1.5833333333333333, 1.4179104477611941, 1.4761904761904763, 1.3333333333333333, null, 1.0, null], "today": [null, null, null, null, null, null, 2.0, 2.0, null, 1.0, null, null, null, null, null, 2.0, null, null, null, 1.0, null, null, null, null]}, "Butterworth": {"baseline": [1.2758620689655173, 1.25, 1.3, 1.0, 1.1, 1.8907563025210083, 4.2430939226519335, 4.920212765957447, 3.0786516853932584, 3.1283783783783785, 2.1492537313432836, 2.9432624113475176, 2.292929292929293, 2.311111111111111, 1.7864077669902914, 2.5416666666666665, 1.8545454545454545, 2.515151515151515, 2.2243589743589745, 2.0, 1.0909090909090908, 1.3333333333333333, 3.7142857142857144, null], "baseline_730": [1.2758620689655173, 1.25, 1.3, 1.0, 1.1, 1.8907563025210083, 4.2430939226519335, 4.920212765957447, 3.0786516853932584, 3.1283783783783785, 2.1492537313432836, 2.9432624113475176, 2.292929292929293, 2.311111111111111, 1.7864077669902914, 2.5416666666666665, 1.8545454545454545, 2.515151515151515, 2.2243589743589745, 2.0, 1.0909090909090908, 1.3333333333333333, 3.7142857142857144, null], "today": [null, null, null, null, null, 2.0, 7.0, 6.0, 5.0, 3.0, null, 3.0, 2.0, null, null, null, null, 3.0, 6.0, null, null, null, null, null]}, "Gurun": {"baseline": [null, 2.0, null, null, 1.0, 1.1111111111111112, 1.0869565217391304, 1.5294117647058822, 1.0, 1.7619047619047619, 1.3846153846153846, 1.2758620689655173, 1.0, 1.34375, 1.6666666666666667, 1.4390243902439024, 1.3529411764705883, 1.1842105263157894, 1.2173913043478262, 1.5, 1.0, 1.0, 1.0, null], "baseline_730": [null, 2.0, null, null, 1.0, 1.1111111111111112, 1.0869565217391304, 1.5294117647058822, 1.0, 1.7619047619047619, 1.3846153846153846, 1.2758620689655173, 1.0, 1.34375, 1.6666666666666667, 1.4390243902439024, 1.3529411764705883, 1.1842105263157894, 1.2173913043478262, 1.5, 1.0, 1.0, 1.0, null], "today": [null, null, null, null, null, null, null, null, 1.0, null, 1.0, null, null, null, null, null, null, null, null, null, null, null, null, null]}, "Ipoh": {"baseline": [1.368421052631579, 1.2857142857142858, 1.25, 1.1111111111111112, 1.1785714285714286, 2.0, 4.775956284153006, 4.685393258426966, 3.3703703703703702, 4.033707865168539, 1.9848484848484849, 2.1888111888111887, 3.361290322580645, 1.7469879518072289, 2.9393939393939394, 1.6266666666666667, 3.161073825503356, 2.0833333333333335, 2.4966442953020134, 1.894736842105263, 1.1724137931034482, 1.1176470588235294, 3.25, null],