{"service": "komuter_utara", "origin": "Bagan Serai", "latest_date": "2026-07-11", "destinations": {"Alor Setar": {"baseline": [1.0, 1.0, null, null, null, 1.1355932203389831, 1.4794520547945205, 1.3214285714285714, 1.5517241379310345, 1.4285714285714286, 1.1481481481481481, 1.6081081081081081, 1.625, 1.5, 1.5151515151515151, 1.6981132075471699, 1.4864864864864864, 1.4852941176470589, 1.236842105263158, 1.5, 1.0, 1.0, 1.0, null], "baseline_730": [1.0, 1.0, null, null, null, 1.1355932203389831, 1.4794520547945205, 1.3214285714285714, 1.5517241379310345, 1.4285714285714286, 1.1481481481481481, 1.6081081081081081, 1.625, 1.5, 1.5151515151515151, 1.6981132075471699, 1.4864864864864864, 1.4852941176470589, 1.236842105263158, 1.5, 1.0, 1.0, 1.0, null], "today": [null, null, null, null, null, null, 1.0, 2.0, null, null, 2.0, 1.0, 2.0, null, null, null, null, null, 3.0, null, null, null, null, null]}, "Anak Bukit": {"baseline": [1.25, 1.2857142857142858, 1.0, null, 1.0, 1.3333333333333333, 1.2340425531914894, 1.2794117647058822, 1.6923076923076923, 1.6140350877192982, 1.4736842105263157, 1.6153846153846154, 1.2380952380952381, 1.6666666666666667, 1.25, 1.8461538461538463, 2.0, 1.3142857142857143, 1.2380952380952381, 1.05, 1.0, 1.0, 1.0, null], "baseline_730": [1.25, 1.2857142857142858, 1.0, null, 1.0, 1.3333333333333333, 1.2340425531914894, 1.2794117647058822, 1.6923076923076923, 1.6140350877192982, 1.4736842105263157, 1.6153846153846154, 1.2380952380952381, 1.6666666666666667, 1.25, 1.8461538461538463, 2.0, 1.3142857142857143, 1.2380952380952381, 1.05, 1.0, 1.0, 1.0, null], "today": [null, null, null, null, null, null, 1.0, 1.0, null, null, null, 2.0, 1.0, 1.0, null, null, null, 2.0, 2.0, null, 1.0, null, null, null]}, "Arau": {"baseline": [1.0, 1.0, 1.0, 1.0, 2.25, 1.4565217391304348, 1.901098901098901, 1.8703703703703705, 1.205128205128205, 1.9156626506024097, 1.7076923076923076, 1.835820895522388, 1.45, 2.1012658227848102, 1.6721311475409837, 2.3263157894736843, 1.661764705882353, 1.9027777777777777, 1.8450704225352113, 1.0454545454545454, 1.2222222222222223, 1.1333333333333333, null, 1.0], "baseline_730": [1.0, 1.0, 1.0, 1.0, 2.25, 1.4565217391304348, 1.901098901098901, 1.8703703703703705, 1.205128205128205, 1.9156626506024097, 1.7076923076923076, 1.835820895522388, 1.45, 2.1012658227848102, 1.6721311475409837, 2.3263157894736843, 1.661764705882353, 1.9027777777777777, 1.8450704225352113, 1.0454545454545454, 1.2222222222222223, 1.1333333333333333, null, 1.0], "today": [null, null, null, null, 1.0, null, null, null, null, 3.0, 1.0, 1.0, null, 1.0, null, 2.0, null, 1.0, null, null, null, null, null, null]}, "Bagan Serai": {"baseline": [null, null, null, null, null, null, 1.0, 1.4, 1.0, null, 2.0, 1.0, null, 1.0, null, 1.3333333333333333, 1.3333333333333333, 1.0, 1.0, null, null, null, null, null], "baseline_730": [null, null, null, null, null, null, 1.0, 1.4, 1.0, null, 2.0, 1.0, null, 1.0, null, 1.3333333333333333, 1.3333333333333333, 1.0, 1.0, null, null, null, null, null], "today": [null, null, null, null, null, null, null, null, null, null, null, null, null, null, null, null, null, null, null, null, null, null, null, null]}, "Bukit Ketri": {"baseline": [null, null, null, null, null, 1.0, 1.0769230769230769, 1.6153846153846154, 1.0588235294117647, 1.5, 1.375, 1.5, 1.0, 1.0625, 1.1111111111111112, 1.1333333333333333, 1.1, 1.0434782608695652, 1.1176470588235294, 1.25, 1.1428571428571428, 1.0, 2.0, null], "baseline_730": [null, null, null, null, null, 1.0, 1.0769230769230769, 1.6153846153846154, 1.0588235294117647, 1.5, 1.375, 1.5, 1.0, 1.0625, 1.1111111111111112, 1.1333333333333333, 1.1, 1.0434782608695652, 1.1176470588235294, 1.25, 1.1428571428571428, 1.0, 2.0, null], "today": [null, null, null, null, null, null, 1.0, null, null, null, null, null, null, null, null, null, null, 2.0, null, null, null, null, null, null]}, "Bukit Mertajam": {"baseline": [1.8333333333333333, 1.3333333333333333, 1.25, 1.0, 1.1666666666666667, 1.3461538461538463, 2.3525641025641026, 6.7292817679558015, 3.6, 2.2083333333333335, 2.0076923076923077, 1.8413793103448275, 1.8111111111111111, 1.946808510638298, 1.618421052631579, 1.911764705882353, 2.0546875, 1.8962264150943395, 2.308270676691729, 1.7176470588235293, 1.0, null, 4.0, 1.0], "baseline_730": [1.8333333333333333, 1.3333333333333333, 1.25, 1.0, 1.1666666666666667, 1.3461538461538463, 2.3525641025641026, 6.7292817679558015, 3.6, 2.2083333333333335, 2.0076923076923077, 1.8413793103448275, 1.8111111111111111, 1.946808510638298, 1.618421052631579, 1.911764705882353, 2.0546875, 1.8962264150943395, 2.308270676691729, 1.7176470588235293, 1.0, null, 4.0, 1.0], "today": [null, null, null, null, null, 1.0, 1.0, 1.0, null, 1.0, 3.0, 3.0, 1.0, 1.0, null, null, null, 3.0, null, 1.0, null, null, null, null]}, "Bukit Tengah": {"baseline": [1.0, 1.0, 1.0, null, null, 1.1466666666666667, 2.109677419354839, 1.7205882352941178, 1.2295081967213115, 1.673913043478261, 1.3653846153846154, 1.3548387096774193, 1.2790697674418605, 1.8409090909090908, 1.2941176470588236, 1.5135135135135136, 1.3157894736842106, 1.5932203389830508, 1.378787878787879, 1.4878048780487805, 1.3333333333333333, null, 1.0, null], "baseline_730": [1.0, 1.0, 1.0, null, null, 1.1466666666666667, 2.109677419354839, 1.7205882352941178, 1.2295081967213115, 1.673913043478261, 1.3653846153846154, 1.3548387096774193, 1.2790697674418605, 1.8409090909090908, 1.2941176470588236, 1.5135135135135136, 1.3157894736842106, 1.5932203389830508, 1.378787878787879, 1.4878048780487805, 1.3333333333333333, null, 1.0, null], "today": [1.0, 1.0, null, null, null, null, null, null, 1.0, 2.0, null, null, null, null, null, null, null, null, null, null, null, null, null, null]}, "Butterworth": {"baseline": [1.2758620689655173, 1.25, 1.3, 1.0, 1.1, 1.8907563025210083, 4.262569832402234, 4.919354838709677, 3.085227272727273, 3.108843537414966, 2.1515151515151514, 2.8920863309352516, 2.2989690721649483, 2.291044776119403, 1.7941176470588236, 2.559322033898305, 1.8611111111111112, 2.4384615384615387, 2.232258064516129, 1.9913793103448276, 1.0952380952380953, 1.3333333333333333, 3.7142857142857144, null], "baseline_730": [1.2758620689655173, 1.25, 1.3, 1.0, 1.1, 1.8907563025210083, 4.262569832402234, 4.919354838709677, 3.085227272727273, 3.108843537414966, 2.1515151515151514, 2.8920863309352516, 2.2989690721649483, 2.291044776119403, 1.7941176470588236, 2.559322033898305, 1.8611111111111112, 2.4384615384615387, 2.232258064516129, 1.9913793103448276, 1.0952380952380953, 1.3333333333333333, 3.7142857142857144, null], "today": [null, null, null, null, null, null, 2.0, 8.0, 3.0, 6.0, 3.0, 5.0, 1.0, 5.0, null, 1.0, 1.0, 6.0, null, 4.0, null, null, null, null]}, "Gurun": {"baseline": [null, 2.0, null, null, 1.0, 1.1111111111111112, 1.0869565217391304, 1.5294117647058822, 1.0, 1.8, 1.3846153846153846, 1.2758620689655173, 1.0, 1.3, 1.6666666666666667, 1.4390243902439024, 1.3529411764705883, 1.1842105263157894, 1.2173913043478262, 1.5, 1.0, 1.0, 1.0, null], "baseline_730": [null, 2.0, null, null, 1.0, 1.1111111111111112, 1.0869565217391304, 1.5294117647058822, 1.0, 1.8, 1.3846153846153846, 1.2758620689655173, 1.0, 1.3, 1.6666666666666667, 1.4390243902439024, 1.3529411764705883, 1.1842105263157894, 1.2173913043478262, 1.5, 1.0, 1.0, 1.0, null], "today": [null, null, null, null, null, null, null, null, null, null, null, null, null, 3.0, null, null, null, null, null, null, null, null, null, null]}, "Ipoh": {"baseline": [1.368421052631579, 1.2857142857142858, 1.25, 1.0, 1.1785714285714286, 1.9924242424242424, 4.790055248618785, 4.7102272727272725, 3.3875, 3.9943181818181817, 1.9848484848484849, 2.1619718309859155, 3.2941176470588234, 1.7407407407407407, 2.8773006134969323, 1.527027027027027, 3.0884353741496597, 2.0736842105263156, 2.5, 1.8928571428571428, 1.1724137931034482, 1.1176470588235294, 3.25, null],