{"service": "komuter_utara", "origin": "Bagan Serai", "latest_date": "2026-06-20", "destinations": {"Alor Setar": {"baseline": [1.0, 1.0, null, null, null, 1.1454545454545455, 1.484375, 1.3714285714285714, 1.5714285714285714, 1.359375, 1.1428571428571428, 1.606060606060606, 1.6666666666666667, 1.52, 1.5666666666666667, 1.7234042553191489, 1.4857142857142858, 1.4838709677419355, 1.25, 1.3888888888888888, 1.0, 1.0, 1.0, null], "baseline_730": [1.0, 1.0, null, null, null, 1.1454545454545455, 1.484375, 1.3714285714285714, 1.5714285714285714, 1.359375, 1.1428571428571428, 1.606060606060606, 1.6666666666666667, 1.52, 1.5666666666666667, 1.7234042553191489, 1.4857142857142858, 1.4838709677419355, 1.25, 1.3888888888888888, 1.0, 1.0, 1.0, null], "today": [null, null, null, null, null, null, null, null, null, 5.0, null, null, null, null, null, 1.0, null, 1.0, null, null, null, null, null, null]}, "Anak Bukit": {"baseline": [1.25, 1.4, 1.0, null, 1.0, 1.2666666666666666, 1.1904761904761905, 1.2835820895522387, 1.75, 1.5576923076923077, 1.3125, 1.5625, 1.25, 1.7272727272727273, 1.25, 1.8444444444444446, 2.0, 1.303030303030303, 1.25, 1.0555555555555556, 1.0, 1.0, 1.0, null], "baseline_730": [1.25, 1.4, 1.0, null, 1.0, 1.2666666666666666, 1.1904761904761905, 1.2835820895522387, 1.75, 1.5576923076923077, 1.3125, 1.5625, 1.25, 1.7272727272727273, 1.25, 1.8444444444444446, 2.0, 1.303030303030303, 1.25, 1.0555555555555556, 1.0, 1.0, 1.0, null], "today": [null, null, null, null, null, null, null, null, null, 1.0, 1.0, null, null, null, null, null, 2.0, null, 1.0, null, null, null, null, null]}, "Arau": {"baseline": [1.0, 1.0, 1.0, 1.0, 2.6666666666666665, 1.4285714285714286, 1.84, 1.88, 1.2162162162162162, 1.9420289855072463, 1.6415094339622642, 1.875, 1.3846153846153846, 2.029850746268657, 1.6491228070175439, 2.3493975903614457, 1.728813559322034, 1.8125, 1.8571428571428572, 1.0, 1.2, 1.1428571428571428, null, 1.0], "baseline_730": [1.0, 1.0, 1.0, 1.0, 2.6666666666666665, 1.4285714285714286, 1.84, 1.88, 1.2162162162162162, 1.9420289855072463, 1.6415094339622642, 1.875, 1.3846153846153846, 2.029850746268657, 1.6491228070175439, 2.3493975903614457, 1.728813559322034, 1.8125, 1.8571428571428572, 1.0, 1.2, 1.1428571428571428, null, 1.0], "today": [null, null, null, null, null, null, 1.0, 2.0, null, 5.0, 3.0, 1.0, null, 1.0, null, 1.0, 1.0, 2.0, null, null, null, null, null, null]}, "Bagan Serai": {"baseline": [null, null, null, null, null, null, 1.0, 1.5, 1.0, null, 2.0, 1.0, null, 1.0, null, 1.3333333333333333, 1.3333333333333333, 1.0, 1.0, null, null, null, null, null], "baseline_730": [null, null, null, null, null, null, 1.0, 1.5, 1.0, null, 2.0, 1.0, null, 1.0, null, 1.3333333333333333, 1.3333333333333333, 1.0, 1.0, null, null, null, null, null], "today": [null, null, null, null, null, null, null, null, null, null, null, null, null, null, null, null, null, null, null, null, null, null, null, null]}, "Bukit Ketri": {"baseline": [null, null, null, null, null, 1.0, 1.0869565217391304, 1.5454545454545454, 1.0769230769230769, 1.25, 1.375, 1.5, 1.0, 1.0833333333333333, 1.0, 1.0769230769230769, 1.0625, 1.0172413793103448, 1.1333333333333333, 1.5, 1.0, 1.0, 2.0, null], "baseline_730": [null, null, null, null, null, 1.0, 1.0869565217391304, 1.5454545454545454, 1.0769230769230769, 1.25, 1.375, 1.5, 1.0, 1.0833333333333333, 1.0, 1.0769230769230769, 1.0625, 1.0172413793103448, 1.1333333333333333, 1.5, 1.0, 1.0, 2.0, null], "today": [null, null, null, null, null, null, null, null, null, null, null, null, null, null, null, null, null, 2.0, null, null, null, null, null, null]}, "Bukit Mertajam": {"baseline": [2.0, 1.25, 1.3333333333333333, 1.0, 1.2, 1.3125, 2.362962962962963, 6.60377358490566, 3.696969696969697, 2.2125984251968505, 2.026315789473684, 1.8346456692913387, 1.7647058823529411, 2.0, 1.5625, 1.9333333333333333, 2.1621621621621623, 1.8829787234042554, 2.4322033898305087, 1.736842105263158, 1.0, null, 4.0, 1.0], "baseline_730": [2.0, 1.25, 1.3333333333333333, 1.0, 1.2, 1.3125, 2.362962962962963, 6.60377358490566, 3.696969696969697, 2.2125984251968505, 2.026315789473684, 1.8346456692913387, 1.7647058823529411, 2.0, 1.5625, 1.9333333333333333, 2.1621621621621623, 1.8829787234042554, 2.4322033898305087, 1.736842105263158, 1.0, null, 4.0, 1.0], "today": [null, 1.0, null, null, null, null, 2.0, 5.0, 2.0, null, 2.0, null, null, 2.0, 7.0, 1.0, null, null, 2.0, null, null, null, null, null]}, "Bukit Tengah": {"baseline": [1.0, 1.0, 1.0, null, null, 1.144927536231884, 2.1333333333333333, 1.7394957983193278, 1.2280701754385965, 1.6511627906976745, 1.3333333333333333, 1.3846153846153846, 1.2894736842105263, 1.8974358974358974, 1.297872340425532, 1.5454545454545454, 1.2962962962962963, 1.5555555555555556, 1.35, 1.542857142857143, 1.3333333333333333, null, 1.0, null], "baseline_730": [1.0, 1.0, 1.0, null, null, 1.144927536231884, 2.1333333333333333, 1.7394957983193278, 1.2280701754385965, 1.6511627906976745, 1.3333333333333333, 1.3846153846153846, 1.2894736842105263, 1.8974358974358974, 1.297872340425532, 1.5454545454545454, 1.2962962962962963, 1.5555555555555556, 1.35, 1.542857142857143, 1.3333333333333333, null, 1.0, null], "today": [null, null, null, null, null, 1.0, null, null, null, null, null, 1.0, null, null, null, null, null, null, 1.0, 1.0, null, null, null, null]}, "Butterworth": {"baseline": [1.25, 1.25, 1.3, 1.0, 1.125, 1.912621359223301, 4.262820512820513, 4.889570552147239, 3.1354838709677417, 3.143939393939394, 2.216666666666667, 2.901639344262295, 2.372093023255814, 2.371900826446281, 1.7608695652173914, 2.6226415094339623, 1.907216494845361, 2.495575221238938, 2.2222222222222223, 2.0, 1.1176470588235294, 1.3333333333333333, 3.7142857142857144, null], "baseline_730": [1.25, 1.25, 1.3, 1.0, 1.125, 1.912621359223301, 4.262820512820513, 4.889570552147239, 3.1354838709677417, 3.143939393939394, 2.216666666666667, 2.901639344262295, 2.372093023255814, 2.371900826446281, 1.7608695652173914, 2.6226415094339623, 1.907216494845361, 2.495575221238938, 2.2222222222222223, 2.0, 1.1176470588235294, 1.3333333333333333, 3.7142857142857144, null], "today": [null, null, null, null, null, null, 2.0, 7.0, 2.0, null, null, 5.0, 1.0, null, 5.0, 1.0, 1.0, null, 1.0, null, null, null, null, null]}, "Gurun": {"baseline": [null, 2.0, null, null, 1.0, 1.1111111111111112, 1.0952380952380953, 1.5625, 1.0, 1.9411764705882353, 1.4166666666666667, 1.3333333333333333, 1.0, 1.3214285714285714, 1.8, 1.4473684210526316, 1.4615384615384615, 1.1764705882352942, 1.2380952380952381, 1.6, 1.0, 1.0, 1.0, null], "baseline_730": [null, 2.0, null, null, 1.0, 1.1111111111111112, 1.0952380952380953, 1.5625, 1.0, 1.9411764705882353, 1.4166666666666667, 1.3333333333333333, 1.0, 1.3214285714285714, 1.8, 1.4473684210526316, 1.4615384615384615, 1.1764705882352942, 1.2380952380952381, 1.6, 1.0, 1.0, 1.0, null], "today": [null, null, null, null, null, null, null, 1.0, null, null, null, 1.0, 1.0, null, null, 1.0, null, null, 1.0, null, null, null, null, null]}, "Ipoh": {"baseline": [1.4375, 1.263157894736842, 1.2727272727272727, 1.0, 1.18, 1.956140350877193, 4.820987654320987, 4.662337662337662, 3.4565217391304346, 4.077922077922078, 1.935483870967742, 2.152, 3.1908396946564888, 1.732394366197183, 2.815068493150685, 1.5737704918032787, 3.0930232558139537, 2.180722891566265, 2.511278195488722, 1.92, 1.1818181818181819, 1.0740740740740742, 3.25, null], "baseline_730": [1.4375, 1.263157894736842, 1.2727272727272727, 1.0, 1.18, 1.956140350877193, 4.820987654320987, 4.662337662337662, 3.4565217391304346, 4.077922077922078, 1.935483870967742, 2.152, 3.1908396946564888, 1.732394366197183, 2.815068493150685, 1.5737704918032787, 3.0930232558139537, 2.180722891566265, 2.511278195488722, 1.92, 1.1818181818181819, 1.0740740740740742, 3.25, null], "today": [null, 2.0, null, null, null, null, null, 9.0, 2.0, 6.0, null, 1.0, 5.0, 2.0, null, null, 2.0, 2.0, 3.0, null, null, null, null, null]},