{"service": "komuter_utara", "origin": "Bagan Serai", "latest_date": "2026-07-12", "destinations": {"Alor Setar": {"baseline": [1.0, 1.0, null, null, null, 1.1355932203389831, 1.472972972972973, 1.3294117647058823, 1.5517241379310345, 1.4285714285714286, 1.1785714285714286, 1.6, 1.6363636363636365, 1.5, 1.5151515151515151, 1.6981132075471699, 1.4864864864864864, 1.4852941176470589, 1.2820512820512822, 1.5, 1.0, 1.0, 1.0, null], "baseline_730": [1.0, 1.0, null, null, null, 1.1355932203389831, 1.472972972972973, 1.3294117647058823, 1.5517241379310345, 1.4285714285714286, 1.1785714285714286, 1.6, 1.6363636363636365, 1.5, 1.5151515151515151, 1.6981132075471699, 1.4864864864864864, 1.4852941176470589, 1.2820512820512822, 1.5, 1.0, 1.0, 1.0, null], "today": [null, null, null, null, null, 1.0, 2.0, null, null, 3.0, null, null, null, 2.0, null, 1.0, 1.0, 3.0, null, null, null, null, null, null]}, "Anak Bukit": {"baseline": [1.25, 1.2857142857142858, 1.0, null, 1.0, 1.3333333333333333, 1.2291666666666667, 1.2753623188405796, 1.6923076923076923, 1.6140350877192982, 1.4736842105263157, 1.625, 1.2272727272727273, 1.6538461538461537, 1.25, 1.8461538461538463, 2.0, 1.3333333333333333, 1.255813953488372, 1.05, 1.0, 1.0, 1.0, null], "baseline_730": [1.25, 1.2857142857142858, 1.0, null, 1.0, 1.3333333333333333, 1.2291666666666667, 1.2753623188405796, 1.6923076923076923, 1.6140350877192982, 1.4736842105263157, 1.625, 1.2272727272727273, 1.6538461538461537, 1.25, 1.8461538461538463, 2.0, 1.3333333333333333, 1.255813953488372, 1.05, 1.0, 1.0, 1.0, null], "today": [null, null, null, null, null, null, 1.0, 2.0, null, null, null, 1.0, null, null, null, null, null, null, null, null, null, null, null, null]}, "Arau": {"baseline": [1.0, 1.0, 1.0, 1.0, 2.0, 1.4565217391304348, 1.901098901098901, 1.8703703703703705, 1.205128205128205, 1.9285714285714286, 1.696969696969697, 1.8235294117647058, 1.45, 2.0875, 1.6721311475409837, 2.3229166666666665, 1.661764705882353, 1.8904109589041096, 1.8450704225352113, 1.0454545454545454, 1.2222222222222223, 1.1333333333333333, null, 1.0], "baseline_730": [1.0, 1.0, 1.0, 1.0, 2.0, 1.4565217391304348, 1.901098901098901, 1.8703703703703705, 1.205128205128205, 1.9285714285714286, 1.696969696969697, 1.8235294117647058, 1.45, 2.0875, 1.6721311475409837, 2.3229166666666665, 1.661764705882353, 1.8904109589041096, 1.8450704225352113, 1.0454545454545454, 1.2222222222222223, 1.1333333333333333, null, 1.0], "today": [null, null, null, null, null, null, 1.0, 1.0, null, null, 1.0, 3.0, 1.0, 4.0, null, 1.0, 4.0, 4.0, null, null, 1.0, null, null, null]}, "Bagan Serai": {"baseline": [null, null, null, null, null, null, 1.0, 1.4, 1.0, null, 2.0, 1.0, null, 1.0, null, 1.3333333333333333, 1.3333333333333333, 1.0, 1.0, null, null, null, null, null], "baseline_730": [null, null, null, null, null, null, 1.0, 1.4, 1.0, null, 2.0, 1.0, null, 1.0, null, 1.3333333333333333, 1.3333333333333333, 1.0, 1.0, null, null, null, null, null], "today": [null, null, null, null, null, null, null, null, null, null, null, null, null, null, null, null, null, null, null, null, null, null, null, null]}, "Bukit Ketri": {"baseline": [null, null, null, null, null, 1.0, 1.0754716981132075, 1.6153846153846154, 1.0588235294117647, 1.5, 1.375, 1.5, 1.0, 1.0625, 1.1111111111111112, 1.1333333333333333, 1.1, 1.0571428571428572, 1.1176470588235294, 1.25, 1.1428571428571428, 1.0, 2.0, null], "baseline_730": [null, null, null, null, null, 1.0, 1.0754716981132075, 1.6153846153846154, 1.0588235294117647, 1.5, 1.375, 1.5, 1.0, 1.0625, 1.1111111111111112, 1.1333333333333333, 1.1, 1.0571428571428572, 1.1176470588235294, 1.25, 1.1428571428571428, 1.0, 2.0, null], "today": [null, null, null, null, null, null, null, null, null, null, null, null, 1.0, null, null, null, null, null, null, null, null, null, null, null]}, "Bukit Mertajam": {"baseline": [1.8333333333333333, 1.3333333333333333, 1.25, 1.0, 1.1666666666666667, 1.3396226415094339, 2.343949044585987, 6.697802197802198, 3.6, 2.2, 2.015267175572519, 1.8493150684931507, 1.8021978021978022, 1.936842105263158, 1.618421052631579, 1.911764705882353, 2.0546875, 1.9065420560747663, 2.308270676691729, 1.7093023255813953, 1.0, null, 4.0, 1.0], "baseline_730": [1.8333333333333333, 1.3333333333333333, 1.25, 1.0, 1.1666666666666667, 1.3396226415094339, 2.343949044585987, 6.697802197802198, 3.6, 2.2, 2.015267175572519, 1.8493150684931507, 1.8021978021978022, 1.936842105263158, 1.618421052631579, 1.911764705882353, 2.0546875, 1.9065420560747663, 2.308270676691729, 1.7093023255813953, 1.0, null, 4.0, 1.0], "today": [1.0, null, null, null, null, null, 7.0, 1.0, 1.0, 1.0, 2.0, null, 2.0, 1.0, 1.0, null, 3.0, null, 1.0, 3.0, null, null, null, null]}, "Bukit Tengah": {"baseline": [1.0, 1.0, 1.0, null, null, 1.1466666666666667, 2.109677419354839, 1.7205882352941178, 1.2258064516129032, 1.6808510638297873, 1.3653846153846154, 1.3548387096774193, 1.2790697674418605, 1.8409090909090908, 1.2941176470588236, 1.5135135135135136, 1.3157894736842106, 1.5932203389830508, 1.378787878787879, 1.4878048780487805, 1.3333333333333333, null, 1.0, null], "baseline_730": [1.0, 1.0, 1.0, null, null, 1.1466666666666667, 2.109677419354839, 1.7205882352941178, 1.2258064516129032, 1.6808510638297873, 1.3653846153846154, 1.3548387096774193, 1.2790697674418605, 1.8409090909090908, 1.2941176470588236, 1.5135135135135136, 1.3157894736842106, 1.5932203389830508, 1.378787878787879, 1.4878048780487805, 1.3333333333333333, null, 1.0, null], "today": [null, null, null, null, null, null, null, 1.0, null, 1.0, null, 1.0, 1.0, 2.0, null, 1.0, 3.0, 1.0, 4.0, 1.0, null, null, null, null]}, "Butterworth": {"baseline": [1.2758620689655173, 1.25, 1.3, 1.0, 1.1, 1.8907563025210083, 4.25, 4.935828877005347, 3.0847457627118646, 3.1283783783783785, 2.1578947368421053, 2.907142857142857, 2.2857142857142856, 2.311111111111111, 1.7941176470588236, 2.546218487394958, 1.853211009174312, 2.4656488549618323, 2.232258064516129, 2.0085470085470085, 1.0952380952380953, 1.3333333333333333, 3.7142857142857144, null], "baseline_730": [1.2758620689655173, 1.25, 1.3, 1.0, 1.1, 1.8907563025210083, 4.25, 4.935828877005347, 3.0847457627118646, 3.1283783783783785, 2.1578947368421053, 2.907142857142857, 2.2857142857142856, 2.311111111111111, 1.7941176470588236, 2.546218487394958, 1.853211009174312, 2.4656488549618323, 2.232258064516129, 2.0085470085470085, 1.0952380952380953, 1.3333333333333333, 3.7142857142857144, null], "today": [null, null, null, null, null, null, 3.0, 2.0, 2.0, null, 1.0, 8.0, 3.0, null, 1.0, 2.0, 2.0, 9.0, 1.0, 1.0, 1.0, null, null, null]}, "Gurun": {"baseline": [null, 2.0, null, null, 1.0, 1.1111111111111112, 1.0869565217391304, 1.5294117647058822, 1.0, 1.8, 1.3846153846153846, 1.2758620689655173, 1.0, 1.3548387096774193, 1.6666666666666667, 1.4390243902439024, 1.3529411764705883, 1.1842105263157894, 1.2173913043478262, 1.5, 1.0, 1.0, 1.0, null], "baseline_730": [null, 2.0, null, null, 1.0, 1.1111111111111112, 1.0869565217391304, 1.5294117647058822, 1.0, 1.8, 1.3846153846153846, 1.2758620689655173, 1.0, 1.3548387096774193, 1.6666666666666667, 1.4390243902439024, 1.3529411764705883, 1.1842105263157894, 1.2173913043478262, 1.5, 1.0, 1.0, 1.0, null], "today": [null, null, null, null, null, null, null, null, null, 1.0, null, null, null, 1.0, null, null, null, null, null, null, null, null, null, null]}, "Ipoh": {"baseline": [1.368421052631579, 1.2857142857142858, 1.25, 1.1111111111111112, 1.1785714285714286, 1.9924812030075187, 4.774725274725275, 4.700564971751413, 3.3850931677018634, 3.994350282485876, 1.9848484848484849, 2.1619718309859155, 3.324675324675325, 1.7317073170731707, 2.8841463414634148, 1.527027027027027, 3.114864864864865, 2.0736842105263156, 2.5, 1.8849557522123894, 1.1724137931034482, 1.1176470588235294, 3.25, null],