{"service": "komuter_utara", "origin": "Bagan Serai", "latest_date": "2026-07-09", "destinations": {"Alor Setar": {"baseline": [1.0, 1.0, null, null, null, 1.1355932203389831, 1.4861111111111112, 1.329268292682927, 1.5517241379310345, 1.4285714285714286, 1.1153846153846154, 1.6081081081081081, 1.625, 1.5, 1.5151515151515151, 1.6981132075471699, 1.4864864864864864, 1.4852941176470589, 1.2432432432432432, 1.5128205128205128, 1.0, 1.0, 1.0, null], "baseline_730": [1.0, 1.0, null, null, null, 1.1355932203389831, 1.4861111111111112, 1.329268292682927, 1.5517241379310345, 1.4285714285714286, 1.1153846153846154, 1.6081081081081081, 1.625, 1.5, 1.5151515151515151, 1.6981132075471699, 1.4864864864864864, 1.4852941176470589, 1.2432432432432432, 1.5128205128205128, 1.0, 1.0, 1.0, null], "today": [null, null, null, null, null, null, 1.0, 1.0, null, null, null, null, null, null, null, null, null, null, null, null, null, null, null, null]}, "Anak Bukit": {"baseline": [1.25, 1.2857142857142858, 1.0, null, 1.0, 1.3333333333333333, 1.2340425531914894, 1.2794117647058822, 1.6923076923076923, 1.6140350877192982, 1.4736842105263157, 1.6153846153846154, 1.2380952380952381, 1.6666666666666667, 1.25, 1.8627450980392157, 2.0, 1.3142857142857143, 1.2195121951219512, 1.0526315789473684, 1.0, 1.0, 1.0, null], "baseline_730": [1.25, 1.2857142857142858, 1.0, null, 1.0, 1.3333333333333333, 1.2340425531914894, 1.2794117647058822, 1.6923076923076923, 1.6140350877192982, 1.4736842105263157, 1.6153846153846154, 1.2380952380952381, 1.6666666666666667, 1.25, 1.8627450980392157, 2.0, 1.3142857142857143, 1.2195121951219512, 1.0526315789473684, 1.0, 1.0, 1.0, null], "today": [null, null, null, null, null, null, null, null, null, null, null, null, null, null, null, null, null, null, null, 1.0, null, null, null, null]}, "Arau": {"baseline": [1.0, 1.0, 1.0, 1.0, 2.25, 1.4565217391304348, 1.901098901098901, 1.8703703703703705, 1.205128205128205, 1.9146341463414633, 1.71875, 1.8333333333333333, 1.423728813559322, 2.1012658227848102, 1.6721311475409837, 2.3404255319148937, 1.6567164179104477, 1.9154929577464788, 1.8428571428571427, 1.0454545454545454, 1.2222222222222223, 1.1428571428571428, null, 1.0], "baseline_730": [1.0, 1.0, 1.0, 1.0, 2.25, 1.4565217391304348, 1.901098901098901, 1.8703703703703705, 1.205128205128205, 1.9146341463414633, 1.71875, 1.8333333333333333, 1.423728813559322, 2.1012658227848102, 1.6721311475409837, 2.3404255319148937, 1.6567164179104477, 1.9154929577464788, 1.8428571428571427, 1.0454545454545454, 1.2222222222222223, 1.1428571428571428, null, 1.0], "today": [null, null, null, null, null, null, null, null, null, null, null, null, null, null, null, null, null, 1.0, null, null, null, 1.0, null, null]}, "Bagan Serai": {"baseline": [null, null, null, null, null, null, 1.0, 1.4, 1.0, null, 2.0, 1.0, null, 1.0, null, 1.3333333333333333, 1.3333333333333333, 1.0, 1.0, null, null, null, null, null], "baseline_730": [null, null, null, null, null, null, 1.0, 1.4, 1.0, null, 2.0, 1.0, null, 1.0, null, 1.3333333333333333, 1.3333333333333333, 1.0, 1.0, null, null, null, null, null], "today": [null, null, null, null, null, null, null, null, null, null, null, null, null, null, null, null, null, null, null, null, null, null, null, null]}, "Bukit Ketri": {"baseline": [null, null, null, null, null, 1.0, 1.0784313725490196, 1.6153846153846154, 1.0625, 1.5, 1.375, 1.5, 1.0, 1.0625, 1.1111111111111112, 1.1333333333333333, 1.105263157894737, 1.044776119402985, 1.125, 1.3333333333333333, 1.1428571428571428, 1.0, 2.0, null], "baseline_730": [null, null, null, null, null, 1.0, 1.0784313725490196, 1.6153846153846154, 1.0625, 1.5, 1.375, 1.5, 1.0, 1.0625, 1.1111111111111112, 1.1333333333333333, 1.105263157894737, 1.044776119402985, 1.125, 1.3333333333333333, 1.1428571428571428, 1.0, 2.0, null], "today": [null, null, null, null, null, null, 1.0, null, 1.0, null, null, null, null, null, null, null, null, 1.0, null, null, null, null, null, null]}, "Bukit Mertajam": {"baseline": [1.8333333333333333, 1.2, 1.25, 1.0, 1.1666666666666667, 1.3461538461538463, 2.344155844155844, 6.720670391061453, 3.6013513513513513, 2.211267605633803, 1.984375, 1.8194444444444444, 1.8111111111111111, 1.956989247311828, 1.6266666666666667, 1.9108910891089108, 2.0714285714285716, 1.8761904761904762, 2.3181818181818183, 1.7228915662650603, 1.0, null, 4.0, 1.0], "baseline_730": [1.8333333333333333, 1.2, 1.25, 1.0, 1.1666666666666667, 1.3461538461538463, 2.344155844155844, 6.720670391061453, 3.6013513513513513, 2.211267605633803, 1.984375, 1.8194444444444444, 1.8111111111111111, 1.956989247311828, 1.6266666666666667, 1.9108910891089108, 2.0714285714285716, 1.8761904761904762, 2.3181818181818183, 1.7228915662650603, 1.0, null, 4.0, 1.0], "today": [null, null, null, null, null, null, 2.0, 8.0, 3.0, 3.0, 2.0, null, null, null, null, null, 1.0, null, null, 1.0, null, null, null, null]}, "Bukit Tengah": {"baseline": [1.0, 1.0, 1.0, null, null, 1.1466666666666667, 2.111111111111111, 1.7185185185185186, 1.2295081967213115, 1.673913043478261, 1.3653846153846154, 1.3442622950819672, 1.2857142857142858, 1.8604651162790697, 1.2941176470588236, 1.5135135135135136, 1.3157894736842106, 1.5932203389830508, 1.378787878787879, 1.475, 1.3333333333333333, null, 1.0, null], "baseline_730": [1.0, 1.0, 1.0, null, null, 1.1466666666666667, 2.111111111111111, 1.7185185185185186, 1.2295081967213115, 1.673913043478261, 1.3653846153846154, 1.3442622950819672, 1.2857142857142858, 1.8604651162790697, 1.2941176470588236, 1.5135135135135136, 1.3157894736842106, 1.5932203389830508, 1.378787878787879, 1.475, 1.3333333333333333, null, 1.0, null], "today": [null, null, null, null, null, null, 1.0, 2.0, null, null, null, 2.0, null, null, null, null, null, null, null, null, null, null, null, null]}, "Butterworth": {"baseline": [1.2758620689655173, 1.25, 1.3, 1.0, 1.1, 1.9059829059829059, 4.265536723163842, 4.9021739130434785, 3.0919540229885056, 3.108843537414966, 2.169230769230769, 2.9197080291970803, 2.3020833333333335, 2.300751879699248, 1.7920792079207921, 2.5555555555555554, 1.8598130841121496, 2.421875, 2.2026143790849675, 1.9913793103448276, 1.0952380952380953, 1.3333333333333333, 3.7142857142857144, null], "baseline_730": [1.2758620689655173, 1.25, 1.3, 1.0, 1.1, 1.9059829059829059, 4.265536723163842, 4.9021739130434785, 3.0919540229885056, 3.108843537414966, 2.169230769230769, 2.9197080291970803, 2.3020833333333335, 2.300751879699248, 1.7920792079207921, 2.5555555555555554, 1.8598130841121496, 2.421875, 2.2026143790849675, 1.9913793103448276, 1.0952380952380953, 1.3333333333333333, 3.7142857142857144, null], "today": [null, null, null, null, null, 1.0, 2.0, 3.0, 3.0, null, 1.0, 1.0, null, 1.0, null, 3.0, null, 4.0, 2.0, null, null, null, null, null]}, "Gurun": {"baseline": [null, 2.0, null, null, 1.0, 1.1111111111111112, 1.0869565217391304, 1.5294117647058822, 1.0, 1.8, 1.3846153846153846, 1.2758620689655173, 1.0, 1.3, 1.6666666666666667, 1.4390243902439024, 1.3529411764705883, 1.1891891891891893, 1.2173913043478262, 1.5, 1.0, 1.0, 1.0, null], "baseline_730": [null, 2.0, null, null, 1.0, 1.1111111111111112, 1.0869565217391304, 1.5294117647058822, 1.0, 1.8, 1.3846153846153846, 1.2758620689655173, 1.0, 1.3, 1.6666666666666667, 1.4390243902439024, 1.3529411764705883, 1.1891891891891893, 1.2173913043478262, 1.5, 1.0, 1.0, 1.0, null], "today": [null, null, null, null, null, null, null, null, null, null, null, null, null, null, null, null, null, null, null, null, null, null, null, null]}, "Ipoh": {"baseline": [1.368421052631579, 1.2857142857142858, 1.25, 1.0, 1.1818181818181819, 2.0076923076923077, 4.798882681564246, 4.712643678160919, 3.3734177215189876, 4.011494252873563, 1.9846153846153847, 2.1702127659574466, 3.3245033112582782, 1.7125, 2.900621118012422, 1.5342465753424657, 3.0884353741496597, 2.0851063829787235, 2.4829931972789114, 1.9, 1.1851851851851851, 1.1176470588235294, 3.25, null],