{"service": "komuter_utara", "origin": "Bagan Serai", "latest_date": "2026-07-02", "destinations": {"Alor Setar": {"baseline": [1.0, 1.0, null, null, null, 1.1403508771929824, 1.484375, 1.3611111111111112, 1.5714285714285714, 1.4090909090909092, 1.1304347826086956, 1.6029411764705883, 1.6666666666666667, 1.5, 1.5483870967741935, 1.68, 1.5, 1.46875, 1.2727272727272727, 1.3783783783783783, 1.0, 1.0, 1.0, null], "baseline_730": [1.0, 1.0, null, null, null, 1.1403508771929824, 1.484375, 1.3611111111111112, 1.5714285714285714, 1.4090909090909092, 1.1304347826086956, 1.6029411764705883, 1.6666666666666667, 1.5, 1.5483870967741935, 1.68, 1.5, 1.46875, 1.2727272727272727, 1.3783783783783783, 1.0, 1.0, 1.0, null], "today": [null, null, null, null, null, null, null, null, null, 1.0, null, null, null, null, null, null, null, null, null, null, null, null, null, null]}, "Anak Bukit": {"baseline": [1.25, 1.3333333333333333, 1.0, null, 1.0, 1.2666666666666666, 1.186046511627907, 1.2835820895522387, 1.75, 1.5471698113207548, 1.2941176470588236, 1.5625, 1.25, 1.6956521739130435, 1.25, 1.8444444444444446, 2.0, 1.303030303030303, 1.2432432432432432, 1.0555555555555556, 1.0, 1.0, 1.0, null], "baseline_730": [1.25, 1.3333333333333333, 1.0, null, 1.0, 1.2666666666666666, 1.186046511627907, 1.2835820895522387, 1.75, 1.5471698113207548, 1.2941176470588236, 1.5625, 1.25, 1.6956521739130435, 1.25, 1.8444444444444446, 2.0, 1.303030303030303, 1.2432432432432432, 1.0555555555555556, 1.0, 1.0, 1.0, null], "today": [null, null, null, null, null, null, null, null, null, null, null, null, null, null, null, null, null, null, null, null, 1.0, null, null, null]}, "Arau": {"baseline": [1.0, 1.0, 1.0, 1.0, 2.6666666666666665, 1.4186046511627908, 1.8375, 1.8823529411764706, 1.2162162162162162, 1.9726027397260273, 1.6545454545454545, 1.847457627118644, 1.4, 2.0422535211267605, 1.6610169491525424, 2.32183908045977, 1.7096774193548387, 1.8636363636363635, 1.8307692307692307, 1.0, 1.3333333333333333, 1.1428571428571428, null, 1.0], "baseline_730": [1.0, 1.0, 1.0, 1.0, 2.6666666666666665, 1.4186046511627908, 1.8375, 1.8823529411764706, 1.2162162162162162, 1.9726027397260273, 1.6545454545454545, 1.847457627118644, 1.4, 2.0422535211267605, 1.6610169491525424, 2.32183908045977, 1.7096774193548387, 1.8636363636363635, 1.8307692307692307, 1.0, 1.3333333333333333, 1.1428571428571428, null, 1.0], "today": [null, null, null, null, null, null, null, null, null, 1.0, null, 1.0, 1.0, 2.0, null, 2.0, null, null, null, null, null, null, null, null]}, "Bagan Serai": {"baseline": [null, null, null, null, null, null, 1.0, 1.5, 1.0, null, 2.0, 1.0, null, 1.0, null, 1.3333333333333333, 1.3333333333333333, 1.0, 1.0, null, null, null, null, null], "baseline_730": [null, null, null, null, null, null, 1.0, 1.5, 1.0, null, 2.0, 1.0, null, 1.0, null, 1.3333333333333333, 1.3333333333333333, 1.0, 1.0, null, null, null, null, null], "today": [null, null, null, null, null, null, null, null, null, null, null, null, null, null, null, null, null, null, null, null, null, null, null, null]}, "Bukit Ketri": {"baseline": [null, null, null, null, null, 1.0, 1.0851063829787233, 1.5454545454545454, 1.0714285714285714, 1.25, 1.375, 1.5555555555555556, 1.0, 1.0833333333333333, 1.0, 1.0769230769230769, 1.0625, 1.0333333333333334, 1.1333333333333333, 1.5, 1.0, 1.0, 2.0, null], "baseline_730": [null, null, null, null, null, 1.0, 1.0851063829787233, 1.5454545454545454, 1.0714285714285714, 1.25, 1.375, 1.5555555555555556, 1.0, 1.0833333333333333, 1.0, 1.0769230769230769, 1.0625, 1.0333333333333334, 1.1333333333333333, 1.5, 1.0, 1.0, 2.0, null], "today": [null, null, null, null, null, null, null, null, 1.0, null, null, null, null, null, null, 2.0, null, 1.0, null, null, null, null, null, null]}, "Bukit Mertajam": {"baseline": [1.8333333333333333, 1.2, 1.3333333333333333, 1.0, 1.2, 1.346938775510204, 2.357142857142857, 6.628048780487805, 3.661764705882353, 2.2248062015503876, 2.0172413793103448, 1.8384615384615384, 1.802325581395349, 1.9885057471264367, 1.6521739130434783, 1.913978494623656, 2.1478260869565218, 1.8762886597938144, 2.4049586776859506, 1.7468354430379747, 1.0, null, 4.0, 1.0], "baseline_730": [1.8333333333333333, 1.2, 1.3333333333333333, 1.0, 1.2, 1.346938775510204, 2.357142857142857, 6.628048780487805, 3.661764705882353, 2.2248062015503876, 2.0172413793103448, 1.8384615384615384, 1.802325581395349, 1.9885057471264367, 1.6521739130434783, 1.913978494623656, 2.1478260869565218, 1.8762886597938144, 2.4049586776859506, 1.7468354430379747, 1.0, null, 4.0, 1.0], "today": [null, null, null, null, null, null, 4.0, 8.0, 4.0, 2.0, 2.0, 1.0, null, null, null, 1.0, 1.0, null, null, null, null, null, null, null]}, "Bukit Tengah": {"baseline": [1.0, 1.0, 1.0, null, null, 1.1408450704225352, 2.1223021582733814, 1.721311475409836, 1.2280701754385965, 1.6511627906976745, 1.3265306122448979, 1.3571428571428572, 1.2820512820512822, 1.8974358974358974, 1.2916666666666667, 1.5294117647058822, 1.2962962962962963, 1.5454545454545454, 1.3548387096774193, 1.5277777777777777, 1.3333333333333333, null, 1.0, null], "baseline_730": [1.0, 1.0, 1.0, null, null, 1.1408450704225352, 2.1223021582733814, 1.721311475409836, 1.2280701754385965, 1.6511627906976745, 1.3265306122448979, 1.3571428571428572, 1.2820512820512822, 1.8974358974358974, 1.2916666666666667, 1.5294117647058822, 1.2962962962962963, 1.5454545454545454, 1.3548387096774193, 1.5277777777777777, 1.3333333333333333, null, 1.0, null], "today": [null, null, null, null, null, null, 1.0, 2.0, null, 3.0, null, null, null, 1.0, null, null, null, null, null, null, null, null, null, null]}, "Butterworth": {"baseline": [1.25, 1.25, 1.3, 1.0, 1.1111111111111112, 1.9047619047619047, 4.260869565217392, 4.934523809523809, 3.1132075471698113, 3.1259259259259258, 2.19672131147541, 2.9206349206349205, 2.340909090909091, 2.3548387096774195, 1.8, 2.6018518518518516, 1.891089108910891, 2.4741379310344827, 2.194244604316547, 1.990990990990991, 1.1111111111111112, 1.3333333333333333, 3.7142857142857144, null], "baseline_730": [1.25, 1.25, 1.3, 1.0, 1.1111111111111112, 1.9047619047619047, 4.260869565217392, 4.934523809523809, 3.1132075471698113, 3.1259259259259258, 2.19672131147541, 2.9206349206349205, 2.340909090909091, 2.3548387096774195, 1.8, 2.6018518518518516, 1.891089108910891, 2.4741379310344827, 2.194244604316547, 1.990990990990991, 1.1111111111111112, 1.3333333333333333, 3.7142857142857144, null], "today": [null, null, null, null, null, 2.0, 4.0, 5.0, 1.0, 1.0, 2.0, null, null, 1.0, null, null, null, 2.0, null, 3.0, null, null, null, null]}, "Gurun": {"baseline": [null, 2.0, null, null, 1.0, 1.1111111111111112, 1.0909090909090908, 1.5294117647058822, 1.0, 1.9411764705882353, 1.4166666666666667, 1.32, 1.0, 1.3214285714285714, 1.8, 1.45, 1.4285714285714286, 1.1764705882352942, 1.2272727272727273, 1.6, 1.0, 1.0, 1.0, null], "baseline_730": [null, 2.0, null, null, 1.0, 1.1111111111111112, 1.0909090909090908, 1.5294117647058822, 1.0, 1.9411764705882353, 1.4166666666666667, 1.32, 1.0, 1.3214285714285714, 1.8, 1.45, 1.4285714285714286, 1.1764705882352942, 1.2272727272727273, 1.6, 1.0, 1.0, 1.0, null], "today": [null, null, null, null, null, null, null, null, 1.0, null, null, 1.0, null, null, 1.0, null, null, null, null, null, null, null, null, null]}, "Ipoh": {"baseline": [1.411764705882353, 1.3, 1.2727272727272727, 1.0, 1.1764705882352942, 1.9914529914529915, 4.8121212121212125, 4.6835443037974684, 3.443661971830986, 4.050314465408805, 1.953125, 2.1307692307692307, 3.1691176470588234, 1.7397260273972603, 2.8445945945945947, 1.5555555555555556, 3.08955223880597, 2.1494252873563218, 2.5, 1.9320388349514563, 1.173913043478261, 1.1428571428571428, 3.25, null],