{"service": "komuter_utara", "origin": "Bukit Ketri", "latest_date": "2026-07-13", "destinations": {"Alor Setar": {"baseline": [1.6451612903225807, 1.1, 1.3333333333333333, null, 1.0714285714285714, 1.5565217391304347, 5.01123595505618, 4.583333333333333, 3.7880434782608696, 2.0638297872340425, 4.783132530120482, 2.9390243902439024, 3.7531645569620253, 2.146788990825688, 3.5616438356164384, 3.072463768115942, 2.542056074766355, 2.2344827586206897, 2.2447552447552446, 2.1875, 1.1470588235294117, 1.6981132075471699, 1.813953488372093, null], "baseline_730": [1.6451612903225807, 1.1, 1.3333333333333333, null, 1.0714285714285714, 1.5565217391304347, 5.01123595505618, 4.583333333333333, 3.7880434782608696, 2.0638297872340425, 4.783132530120482, 2.9390243902439024, 3.7531645569620253, 2.146788990825688, 3.5616438356164384, 3.072463768115942, 2.542056074766355, 2.2344827586206897, 2.2447552447552446, 2.1875, 1.1470588235294117, 1.6981132075471699, 1.813953488372093, null], "today": [null, null, null, null, null, 3.0, 8.0, 5.0, 5.0, 2.0, 1.0, null, 5.0, 1.0, 1.0, null, 2.0, 1.0, 4.0, null, null, null, null, null]}, "Anak Bukit": {"baseline": [1.3333333333333333, 1.0, 1.0, 1.0, 1.0, 1.2857142857142858, 3.783625730994152, 2.66, 1.606837606837607, 1.2244897959183674, 1.7297297297297298, 1.3291139240506329, 2.142857142857143, 1.5116279069767442, 2.3698630136986303, 2.0238095238095237, 1.6551724137931034, 1.853846153846154, 1.5636363636363637, 2.5, 1.4, 1.2857142857142858, 1.5666666666666667, 1.0], "baseline_730": [1.3333333333333333, 1.0, 1.0, 1.0, 1.0, 1.2857142857142858, 3.783625730994152, 2.66, 1.606837606837607, 1.2244897959183674, 1.7297297297297298, 1.3291139240506329, 2.142857142857143, 1.5116279069767442, 2.3698630136986303, 2.0238095238095237, 1.6551724137931034, 1.853846153846154, 1.5636363636363637, 2.5, 1.4, 1.2857142857142858, 1.5666666666666667, 1.0], "today": [null, null, null, null, null, 2.0, 6.0, 2.0, 1.0, null, null, 1.0, null, null, 2.0, null, null, 1.0, 1.0, null, 1.0, null, null, null]}, "Arau": {"baseline": [2.0, null, null, 1.0, null, 1.0, 1.1911764705882353, 1.2564102564102564, 1.1666666666666667, 1.0833333333333333, 1.2222222222222223, 1.2307692307692308, 1.2352941176470589, 1.0, 1.4242424242424243, 1.375, 1.5384615384615385, 1.4444444444444444, 1.125, 1.375, 1.2222222222222223, 1.0, 1.4, 1.1428571428571428], "baseline_730": [2.0, null, null, 1.0, null, 1.0, 1.1911764705882353, 1.2564102564102564, 1.1666666666666667, 1.0833333333333333, 1.2222222222222223, 1.2307692307692308, 1.2352941176470589, 1.0, 1.4242424242424243, 1.375, 1.5384615384615385, 1.4444444444444444, 1.125, 1.375, 1.2222222222222223, 1.0, 1.4, 1.1428571428571428], "today": [null, null, null, null, null, null, null, 2.0, null, null, null, null, null, null, null, 1.0, null, null, null, null, null, null, null, null]}, "Bagan Serai": {"baseline": [1.0, null, null, null, 1.0, 1.0512820512820513, 1.1333333333333333, 1.3333333333333333, 1.5, 1.2727272727272727, 1.2727272727272727, 1.2, 1.4615384615384615, 1.4444444444444444, 1.2857142857142858, 1.75, 1.5714285714285714, 1.411764705882353, 1.0, 1.2, 1.0, null, 1.0, null], "baseline_730": [1.0, null, null, null, 1.0, 1.0512820512820513, 1.1333333333333333, 1.3333333333333333, 1.5, 1.2727272727272727, 1.2727272727272727, 1.2, 1.4615384615384615, 1.4444444444444444, 1.2857142857142858, 1.75, 1.5714285714285714, 1.411764705882353, 1.0, 1.2, 1.0, null, 1.0, null], "today": [null, null, null, null, null, null, null, null, null, 1.0, 1.0, null, null, null, null, null, null, null, null, null, null, null, null, null]}, "Bukit Ketri": {"baseline": [null, null, null, null, null, null, 1.0, null, 1.0, 1.0, 1.0, 1.0, null, 1.0, 1.0, null, 1.0, 1.0, null, null, 1.0, 1.0, 2.0, 1.0], "baseline_730": [null, null, null, null, null, null, 1.0, null, 1.0, 1.0, 1.0, 1.0, null, 1.0, 1.0, null, 1.0, 1.0, null, null, 1.0, 1.0, 2.0, 1.0], "today": [null, null, null, null, null, null, null, null, null, null, null, null, null, null, null, null, null, null, null, null, null, null, null, null]}, "Bukit Mertajam": {"baseline": [1.5, 1.0, 1.2, 1.0, 1.0, 2.633093525179856, 3.5714285714285716, 3.3202247191011236, 2.00990099009901, 1.3626373626373627, 2.3676470588235294, 1.625, 2.32, 1.55, 2.797202797202797, 1.9904761904761905, 2.186046511627907, 2.3135593220338984, 2.6486486486486487, 2.3, 1.7543859649122806, 2.9858156028368796, 3.0, 1.4761904761904763], "baseline_730": [1.5, 1.0, 1.2, 1.0, 1.0, 2.633093525179856, 3.5714285714285716, 3.3202247191011236, 2.00990099009901, 1.3626373626373627, 2.3676470588235294, 1.625, 2.32, 1.55, 2.797202797202797, 1.9904761904761905, 2.186046511627907, 2.3135593220338984, 2.6486486486486487, 2.3, 1.7543859649122806, 2.9858156028368796, 3.0, 1.4761904761904763], "today": [null, null, null, null, null, 4.0, 6.0, 3.0, null, 1.0, 5.0, 3.0, null, null, 1.0, 3.0, 3.0, 5.0, 1.0, 1.0, 1.0, 8.0, null, 1.0]}, "Bukit Tengah": {"baseline": [1.736842105263158, 1.125, 1.0, 1.0, 1.5546218487394958, 4.892655367231638, 5.9779005524861875, 6.626315789473685, 2.700636942675159, 1.524390243902439, 2.8734177215189876, 1.7313432835820894, 2.61875, 1.523076923076923, 2.8633540372670807, 2.132867132867133, 2.4713375796178343, 2.5163398692810457, 3.727272727272727, 3.315068493150685, 2.2857142857142856, 5.393258426966292, 9.75, 2.396551724137931], "baseline_730": [1.736842105263158, 1.125, 1.0, 1.0, 1.5546218487394958, 4.892655367231638, 5.9779005524861875, 6.626315789473685, 2.700636942675159, 1.524390243902439, 2.8734177215189876, 1.7313432835820894, 2.61875, 1.523076923076923, 2.8633540372670807, 2.132867132867133, 2.4713375796178343, 2.5163398692810457, 3.727272727272727, 3.315068493150685, 2.2857142857142856, 5.393258426966292, 9.75, 2.396551724137931], "today": [null, null, 1.0, null, 2.0, 14.0, 16.0, 14.0, 3.0, null, 4.0, 3.0, 2.0, null, 1.0, null, null, 1.0, 5.0, 4.0, null, 11.0, null, 2.0]}, "Butterworth": {"baseline": [1.8148148148148149, 1.3529411764705883, 1.375, 1.0, 1.4772727272727273, 3.147239263803681, 4.790697674418604, 3.544378698224852, 3.227777777777778, 1.962962962962963, 3.2962962962962963, 2.291044776119403, 3.36875, 1.7727272727272727, 3.49375, 2.888888888888889, 2.9779411764705883, 2.7163120567375887, 2.6933333333333334, 2.576923076923077, 1.6888888888888889, 2.574468085106383, 5.857142857142857, 1.309090909090909], "baseline_730": [1.8148148148148149, 1.3529411764705883, 1.375, 1.0, 1.4772727272727273, 3.147239263803681, 4.790697674418604, 3.544378698224852, 3.227777777777778, 1.962962962962963, 3.2962962962962963, 2.291044776119403, 3.36875, 1.7727272727272727, 3.49375, 2.888888888888889, 2.9779411764705883, 2.7163120567375887, 2.6933333333333334, 2.576923076923077, 1.6888888888888889, 2.574468085106383, 5.857142857142857, 1.309090909090909], "today": [1.0, null, null, null, null, 8.0, 4.0, 5.0, 3.0, 1.0, 1.0, 3.0, 8.0, null, 6.0, 4.0, 1.0, 2.0, 3.0, 3.0, null, 3.0, 1.0, null]}, "Gurun": {"baseline": [1.5, 1.6666666666666667, 1.0, 2.0, 1.0, 1.2363636363636363, 2.769230769230769, 1.9594594594594594, 1.5256410256410255, 1.3333333333333333, 1.7848101265822784, 1.3061224489795917, 1.5696202531645569, 2.0555555555555554, 2.426470588235294, 2.1492537313432836, 1.8559322033898304, 1.8854166666666667, 1.7872340425531914, 1.5737704918032787, 1.2222222222222223, 1.32, 2.4, 2.0], "baseline_730": [1.5, 1.6666666666666667, 1.0, 2.0, 1.0, 1.2363636363636363, 2.769230769230769, 1.9594594594594594, 1.5256410256410255, 1.3333333333333333, 1.7848101265822784, 1.3061224489795917, 1.5696202531645569, 2.0555555555555554, 2.426470588235294, 2.1492537313432836, 1.8559322033898304, 1.8854166666666667, 1.7872340425531914, 1.5737704918032787, 1.2222222222222223, 1.32, 2.4, 2.0], "today": [null, null, null, null, null, null, 5.0, null, 3.0, null, null, 1.0, null, null, 1.0, null, null, 2.0, null, null, null, 1.0, null, null]},