{"service": "komuter_utara", "origin": "Bukit Ketri", "latest_date": "2026-07-06", "destinations": {"Alor Setar": {"baseline": [1.6666666666666667, 1.1, 1.3333333333333333, null, 1.0769230769230769, 1.5535714285714286, 5.029239766081871, 4.578034682080925, 3.8022598870056497, 2.074074074074074, 4.6871165644171775, 2.9240506329113924, 3.774834437086093, 2.1346153846153846, 3.607142857142857, 3.0977443609022557, 2.576923076923077, 2.2357142857142858, 2.2681159420289854, 2.227642276422764, 1.1515151515151516, 1.6981132075471699, 1.8333333333333333, null], "baseline_730": [1.6666666666666667, 1.1, 1.3333333333333333, null, 1.0769230769230769, 1.5535714285714286, 5.029239766081871, 4.578034682080925, 3.8022598870056497, 2.074074074074074, 4.6871165644171775, 2.9240506329113924, 3.774834437086093, 2.1346153846153846, 3.607142857142857, 3.0977443609022557, 2.576923076923077, 2.2357142857142858, 2.2681159420289854, 2.227642276422764, 1.1515151515151516, 1.6981132075471699, 1.8333333333333333, null], "today": [null, null, null, null, null, null, 2.0, 4.0, 2.0, 3.0, 2.0, 5.0, 6.0, 1.0, 2.0, null, null, 2.0, 2.0, 1.0, null, null, 1.0, null]}, "Anak Bukit": {"baseline": [1.4, 1.0, 1.0, 1.0, 1.0, 1.2923076923076924, 3.7134146341463414, 2.684931506849315, 1.6160714285714286, 1.2244897959183674, 1.732394366197183, 1.3157894736842106, 2.1470588235294117, 1.5238095238095237, 2.388888888888889, 2.0625, 1.6746987951807228, 1.8629032258064515, 1.5688073394495412, 2.504854368932039, 1.4375, 1.2857142857142858, 1.5666666666666667, 1.0], "baseline_730": [1.4, 1.0, 1.0, 1.0, 1.0, 1.2923076923076924, 3.7134146341463414, 2.684931506849315, 1.6160714285714286, 1.2244897959183674, 1.732394366197183, 1.3157894736842106, 2.1470588235294117, 1.5238095238095237, 2.388888888888889, 2.0625, 1.6746987951807228, 1.8629032258064515, 1.5688073394495412, 2.504854368932039, 1.4375, 1.2857142857142858, 1.5666666666666667, 1.0], "today": [null, null, null, null, null, null, 3.0, 4.0, 2.0, null, null, null, null, null, null, null, null, 1.0, null, 1.0, 1.0, null, null, null]}, "Arau": {"baseline": [2.0, null, null, 1.0, null, 1.0, 1.1940298507462686, 1.2941176470588236, 1.1764705882352942, 1.0833333333333333, 1.25, 1.2307692307692308, 1.21875, 1.0, 1.4242424242424243, 1.391304347826087, 1.56, 1.44, 1.125, 1.375, 1.2222222222222223, 1.0, 1.5, 1.1428571428571428], "baseline_730": [2.0, null, null, 1.0, null, 1.0, 1.1940298507462686, 1.2941176470588236, 1.1764705882352942, 1.0833333333333333, 1.25, 1.2307692307692308, 1.21875, 1.0, 1.4242424242424243, 1.391304347826087, 1.56, 1.44, 1.125, 1.375, 1.2222222222222223, 1.0, 1.5, 1.1428571428571428], "today": [null, null, null, null, null, null, null, 1.0, null, null, null, null, null, null, null, null, null, null, null, null, null, null, null, null]}, "Bagan Serai": {"baseline": [1.0, null, null, null, 1.0, 1.054054054054054, 1.119047619047619, 1.34375, 1.5, 1.2727272727272727, 1.2857142857142858, 1.2, 1.4615384615384615, 1.5, 1.25, 1.75, 1.5789473684210527, 1.2142857142857142, 1.0, 1.2, 1.0, null, 1.0, null], "baseline_730": [1.0, null, null, null, 1.0, 1.054054054054054, 1.119047619047619, 1.34375, 1.5, 1.2727272727272727, 1.2857142857142858, 1.2, 1.4615384615384615, 1.5, 1.25, 1.75, 1.5789473684210527, 1.2142857142857142, 1.0, 1.2, 1.0, null, 1.0, null], "today": [null, null, null, null, null, 1.0, null, 1.0, null, null, null, null, null, null, null, null, null, 1.0, null, null, null, null, null, null]}, "Bukit Ketri": {"baseline": [null, null, null, null, null, null, 1.0, null, 1.0, 1.0, 1.0, 1.0, null, 1.0, 1.0, null, 1.0, 1.0, null, null, 1.0, 1.0, 2.0, 1.0], "baseline_730": [null, null, null, null, null, null, 1.0, null, 1.0, 1.0, 1.0, 1.0, null, 1.0, 1.0, null, 1.0, 1.0, null, null, 1.0, 1.0, 2.0, 1.0], "today": [null, null, null, null, null, null, 1.0, null, null, null, null, null, null, null, null, null, null, null, null, null, null, null, null, null]}, "Bukit Mertajam": {"baseline": [1.5, 1.0, 1.2, 1.0, 1.0, 2.6148148148148147, 3.5714285714285716, 3.3391812865497075, 2.020618556701031, 1.3409090909090908, 2.3846153846153846, 1.595959595959596, 2.3636363636363638, 1.5636363636363637, 2.7941176470588234, 2.0202020202020203, 2.227642276422764, 2.3333333333333335, 2.6595744680851063, 2.3162393162393164, 1.7727272727272727, 3.0444444444444443, 3.0, 1.423728813559322], "baseline_730": [1.5, 1.0, 1.2, 1.0, 1.0, 2.6148148148148147, 3.5714285714285716, 3.3391812865497075, 2.020618556701031, 1.3409090909090908, 2.3846153846153846, 1.595959595959596, 2.3636363636363638, 1.5636363636363637, 2.7941176470588234, 2.0202020202020203, 2.227642276422764, 2.3333333333333335, 2.6595744680851063, 2.3162393162393164, 1.7727272727272727, 3.0444444444444443, 3.0, 1.423728813559322], "today": [null, null, null, null, null, 8.0, 3.0, 2.0, 4.0, null, 2.0, null, 1.0, 1.0, 4.0, 1.0, null, 1.0, 1.0, 1.0, 1.0, 2.0, null, 1.0]}, "Bukit Tengah": {"baseline": [1.736842105263158, 1.125, 1.0, 1.0, 1.565217391304348, 4.935672514619883, 5.879310344827586, 6.584699453551913, 2.6933333333333334, 1.5375, 2.8815789473684212, 1.7364341085271318, 2.6143790849673203, 1.453125, 2.8376623376623376, 2.1691176470588234, 2.4466666666666668, 2.506849315068493, 3.7337278106508878, 3.3, 2.308411214953271, 5.461988304093567, 9.75, 2.4324324324324325], "baseline_730": [1.736842105263158, 1.125, 1.0, 1.0, 1.565217391304348, 4.935672514619883, 5.879310344827586, 6.584699453551913, 2.6933333333333334, 1.5375, 2.8815789473684212, 1.7364341085271318, 2.6143790849673203, 1.453125, 2.8376623376623376, 2.1691176470588234, 2.4466666666666668, 2.506849315068493, 3.7337278106508878, 3.3, 2.308411214953271, 5.461988304093567, 9.75, 2.4324324324324325], "today": [null, null, 1.0, null, 2.0, 6.0, 18.0, 13.0, 3.0, null, 6.0, 2.0, 4.0, null, 4.0, 1.0, 1.0, 1.0, 3.0, 5.0, 1.0, 3.0, null, null]}, "Butterworth": {"baseline": [1.8148148148148149, 1.3529411764705883, 1.4285714285714286, 1.0, 1.4772727272727273, 3.1392405063291138, 4.789156626506024, 3.549382716049383, 3.2369942196531793, 1.9807692307692308, 3.3184713375796178, 2.2790697674418605, 3.3694267515923566, 1.796875, 3.5620915032679736, 2.8863636363636362, 2.9545454545454546, 2.7153284671532845, 2.701388888888889, 2.592, 1.6744186046511629, 2.5579710144927534, 5.857142857142857, 1.3269230769230769], "baseline_730": [1.8148148148148149, 1.3529411764705883, 1.4285714285714286, 1.0, 1.4772727272727273, 3.1392405063291138, 4.789156626506024, 3.549382716049383, 3.2369942196531793, 1.9807692307692308, 3.3184713375796178, 2.2790697674418605, 3.3694267515923566, 1.796875, 3.5620915032679736, 2.8863636363636362, 2.9545454545454546, 2.7153284671532845, 2.701388888888889, 2.592, 1.6744186046511629, 2.5579710144927534, 5.857142857142857, 1.3269230769230769], "today": [null, null, null, null, null, 6.0, 13.0, 4.0, 2.0, null, 6.0, 2.0, 5.0, null, 1.0, null, null, 1.0, 1.0, 2.0, null, 3.0, null, null]}, "Gurun": {"baseline": [1.5, 1.6666666666666667, 1.0, 2.0, 1.0, 1.25, 2.7098765432098766, 1.9861111111111112, 1.4675324675324675, 1.3333333333333333, 1.8026315789473684, 1.3191489361702127, 1.5921052631578947, 2.085714285714286, 2.46875, 2.0303030303030303, 1.8695652173913044, 1.8936170212765957, 1.8202247191011236, 1.576271186440678, 1.2325581395348837, 1.3404255319148937, 2.4, 2.0], "baseline_730": [1.5, 1.6666666666666667, 1.0, 2.0, 1.0, 1.25, 2.7098765432098766, 1.9861111111111112, 1.4675324675324675, 1.3333333333333333, 1.8026315789473684, 1.3191489361702127, 1.5921052631578947, 2.085714285714286, 2.46875, 2.0303030303030303, 1.8695652173913044, 1.8936170212765957, 1.8202247191011236, 1.576271186440678, 1.2325581395348837, 1.3404255319148937, 2.4, 2.0], "today": [null, null, null, null, null, null, 3.0, 1.0, null, null, null, 1.0, null, null, null, null, null, null, 1.0, null, null, 1.0, null, null]},