{"service": "komuter_utara", "origin": "Bukit Ketri", "latest_date": "2026-07-04", "destinations": {"Alor Setar": {"baseline": [1.6785714285714286, 1.1111111111111112, 1.0, null, 1.0769230769230769, 1.5327102803738317, 5.03125, 4.4939024390243905, 3.8493975903614457, 2.125, 4.6558441558441555, 2.959731543624161, 3.804195804195804, 2.183673469387755, 3.623076923076923, 3.126984126984127, 2.6161616161616164, 2.16793893129771, 2.317829457364341, 2.2033898305084745, 1.15625, 1.74, 1.8333333333333333, null], "baseline_730": [1.6785714285714286, 1.1111111111111112, 1.0, null, 1.0769230769230769, 1.5327102803738317, 5.03125, 4.4939024390243905, 3.8493975903614457, 2.125, 4.6558441558441555, 2.959731543624161, 3.804195804195804, 2.183673469387755, 3.623076923076923, 3.126984126984127, 2.6161616161616164, 2.16793893129771, 2.317829457364341, 2.2033898305084745, 1.15625, 1.74, 1.8333333333333333, null], "today": [null, null, null, null, null, 1.0, 1.0, 6.0, 4.0, 1.0, 5.0, 2.0, 5.0, 3.0, 5.0, 1.0, null, null, 1.0, null, 1.0, 1.0, null, null]}, "Anak Bukit": {"baseline": [1.3333333333333333, 1.0, 1.0, 1.0, 1.0, 1.3064516129032258, 3.7012987012987013, 2.6594202898550723, 1.619047619047619, 1.2173913043478262, 1.7727272727272727, 1.2463768115942029, 2.169230769230769, 1.5238095238095237, 2.3380281690140845, 2.039473684210526, 1.641025641025641, 1.8803418803418803, 1.5754716981132075, 2.4536082474226806, 1.4642857142857142, 1.2926829268292683, 1.5862068965517242, 1.0], "baseline_730": [1.3333333333333333, 1.0, 1.0, 1.0, 1.0, 1.3064516129032258, 3.7012987012987013, 2.6594202898550723, 1.619047619047619, 1.2173913043478262, 1.7727272727272727, 1.2463768115942029, 2.169230769230769, 1.5238095238095237, 2.3380281690140845, 2.039473684210526, 1.641025641025641, 1.8803418803418803, 1.5754716981132075, 2.4536082474226806, 1.4642857142857142, 1.2926829268292683, 1.5862068965517242, 1.0], "today": [2.0, null, null, null, null, null, 2.0, 4.0, 1.0, null, 1.0, 3.0, null, null, null, null, null, null, null, 1.0, 2.0, null, null, null]}, "Arau": {"baseline": [2.0, null, null, 1.0, null, 1.0, 1.2131147540983607, 1.3333333333333333, 1.2, 1.0833333333333333, 1.2666666666666666, 1.2307692307692308, 1.2258064516129032, 1.0, 1.4375, 1.391304347826087, 1.5217391304347827, 1.3333333333333333, 1.125, 1.375, 1.2222222222222223, 1.0, 1.5, 1.1666666666666667], "baseline_730": [2.0, null, null, 1.0, null, 1.0, 1.2131147540983607, 1.3333333333333333, 1.2, 1.0833333333333333, 1.2666666666666666, 1.2307692307692308, 1.2258064516129032, 1.0, 1.4375, 1.391304347826087, 1.5217391304347827, 1.3333333333333333, 1.125, 1.375, 1.2222222222222223, 1.0, 1.5, 1.1666666666666667], "today": [null, null, null, null, null, null, null, 1.0, null, null, null, null, null, null, null, null, 3.0, 4.0, null, null, null, null, null, null]}, "Bagan Serai": {"baseline": [1.0, null, null, null, 1.0, 1.0571428571428572, 1.1282051282051282, 1.3, 1.5, 1.2727272727272727, 1.3, 1.2, 1.4615384615384615, 1.5714285714285714, 1.2222222222222223, 1.75, 1.5555555555555556, 1.25, 1.0, 1.125, 1.0, null, 1.0, null], "baseline_730": [1.0, null, null, null, 1.0, 1.0571428571428572, 1.1282051282051282, 1.3, 1.5, 1.2727272727272727, 1.3, 1.2, 1.4615384615384615, 1.5714285714285714, 1.2222222222222223, 1.75, 1.5555555555555556, 1.25, 1.0, 1.125, 1.0, null, 1.0, null], "today": [null, null, null, null, null, null, null, null, null, null, null, null, null, null, null, null, null, null, null, null, null, null, null, null]}, "Bukit Ketri": {"baseline": [null, null, null, null, null, null, 1.0, null, 1.0, 1.0, 1.0, 1.0, null, 1.0, 1.0, null, 1.0, 1.0, null, null, 1.0, 1.0, 2.0, 1.0], "baseline_730": [null, null, null, null, null, null, 1.0, null, 1.0, 1.0, 1.0, 1.0, null, 1.0, 1.0, null, 1.0, 1.0, null, null, 1.0, 1.0, 2.0, 1.0], "today": [null, null, null, null, null, null, null, null, null, null, null, null, null, null, null, null, null, null, null, null, null, null, null, null]}, "Bukit Mertajam": {"baseline": [1.5, 1.0, 1.2, 1.0, 1.0, 2.62992125984252, 3.5759493670886076, 3.3703703703703702, 1.989010989010989, 1.3488372093023255, 2.368, 1.6021505376344085, 2.365217391304348, 1.62, 2.8515625, 2.0444444444444443, 2.254385964912281, 2.3363636363636364, 2.691729323308271, 2.3271028037383177, 1.7549019607843137, 3.046511627906977, 3.0, 1.4363636363636363], "baseline_730": [1.5, 1.0, 1.2, 1.0, 1.0, 2.62992125984252, 3.5759493670886076, 3.3703703703703702, 1.989010989010989, 1.3488372093023255, 2.368, 1.6021505376344085, 2.365217391304348, 1.62, 2.8515625, 2.0444444444444443, 2.254385964912281, 2.3363636363636364, 2.691729323308271, 2.3271028037383177, 1.7549019607843137, 3.046511627906977, 3.0, 1.4363636363636363], "today": [null, null, null, null, null, null, 1.0, 2.0, 3.0, null, null, 1.0, 2.0, null, null, 1.0, 1.0, null, 3.0, 3.0, 1.0, null, null, null]}, "Bukit Tengah": {"baseline": [1.7777777777777777, 1.1333333333333333, 1.0, 1.0, 1.5794392523364487, 4.9813664596273295, 5.865853658536586, 6.476744186046512, 2.711267605633803, 1.5263157894736843, 2.8811188811188813, 1.75, 2.647887323943662, 1.4166666666666667, 2.7916666666666665, 2.1782945736434107, 2.4571428571428573, 2.4964028776978417, 3.6226415094339623, 3.2781954887218046, 2.25, 5.416149068322981, 9.75, 2.380952380952381], "baseline_730": [1.7777777777777777, 1.1333333333333333, 1.0, 1.0, 1.5794392523364487, 4.9813664596273295, 5.865853658536586, 6.476744186046512, 2.711267605633803, 1.5263157894736843, 2.8811188811188813, 1.75, 2.647887323943662, 1.4166666666666667, 2.7916666666666665, 2.1782945736434107, 2.4571428571428573, 2.4964028776978417, 3.6226415094339623, 3.2781954887218046, 2.25, 5.416149068322981, 9.75, 2.380952380952381], "today": [null, null, null, null, 1.0, 8.0, 3.0, 12.0, 6.0, 2.0, null, 2.0, 2.0, null, 5.0, 1.0, 2.0, 1.0, 3.0, null, null, 4.0, null, null]}, "Butterworth": {"baseline": [1.8076923076923077, 1.375, 1.5, 1.0, 1.5121951219512195, 3.1006711409395975, 4.767741935483871, 3.526315789473684, 3.233128834355828, 2.0, 3.3066666666666666, 2.2868852459016393, 3.3716216216216215, 1.819672131147541, 3.6223776223776225, 2.936, 3.024390243902439, 2.746153846153846, 2.713235294117647, 2.58974358974359, 1.575, 2.550387596899225, 5.857142857142857, 1.2765957446808511], "baseline_730": [1.8076923076923077, 1.375, 1.5, 1.0, 1.5121951219512195, 3.1006711409395975, 4.767741935483871, 3.526315789473684, 3.233128834355828, 2.0, 3.3066666666666666, 2.2868852459016393, 3.3716216216216215, 1.819672131147541, 3.6223776223776225, 2.936, 3.024390243902439, 2.746153846153846, 2.713235294117647, 2.58974358974359, 1.575, 2.550387596899225, 5.857142857142857, 1.2765957446808511], "today": [null, null, 1.0, null, 1.0, 4.0, 1.0, 8.0, 5.0, null, 7.0, 4.0, 4.0, null, 3.0, null, 1.0, 2.0, 2.0, 2.0, 9.0, 2.0, null, 1.0]}, "Gurun": {"baseline": [1.5, 1.6666666666666667, 1.0, 2.0, 1.0, 1.2549019607843137, 2.7450980392156863, 1.8676470588235294, 1.452054794520548, 1.3793103448275863, 1.7605633802816902, 1.3333333333333333, 1.591549295774648, 2.0588235294117645, 2.433333333333333, 1.9833333333333334, 1.8392857142857142, 1.9310344827586208, 1.7529411764705882, 1.5892857142857142, 1.2439024390243902, 1.3571428571428572, 2.4, null], "baseline_730": [1.5, 1.6666666666666667, 1.0, 2.0, 1.0, 1.2549019607843137, 2.7450980392156863, 1.8676470588235294, 1.452054794520548, 1.3793103448275863, 1.7605633802816902, 1.3333333333333333, 1.591549295774648, 2.0588235294117645, 2.433333333333333, 1.9833333333333334, 1.8392857142857142, 1.9310344827586208, 1.7529411764705882, 1.5892857142857142, 1.2439024390243902, 1.3571428571428572, 2.4, null], "today": [null, null, null, null, null, null, null, 8.0, 1.0, 1.0, null, null, 2.0, null, null, null, null, 1.0, null, null, null, 1.0, null, null]},