{"service": "komuter_utara", "origin": "Bukit Mertajam", "latest_date": "2025-12-31", "destinations": {"Alor Setar": {"baseline": [1.5032679738562091, 1.4, 1.2666666666666666, 1.4074074074074074, 1.3513513513513513, 3.392638036809816, 12.184065934065934, 10.664835164835164, 10.967032967032967, 5.344444444444444, 9.322314049586776, 5.905982905982906, 8.219780219780219, 5.206303724928366, 9.516483516483516, 10.06060606060606, 12.552197802197803, 13.574175824175825, 13.755494505494505, 10.0633608815427, 5.983379501385041, 6.872576177285318, 2.9966777408637872, 2.128205128205128], "today": [1.0, null, 6.0, null, 1.0, 5.0, 16.0, 13.0, 12.0, 6.0, 12.0, 5.0, 12.0, 7.0, 3.0, 13.0, 10.0, 27.0, 9.0, 17.0, 7.0, 10.0, 3.0, null]}, "Anak Bukit": {"baseline": [1.78, 1.1666666666666667, 1.08, 1.25, 1.2521739130434784, 2.041198501872659, 6.460893854748603, 5.717086834733894, 5.49859943977591, 2.7226027397260273, 4.264437689969605, 3.0694444444444446, 4.240121580547113, 2.7911392405063293, 5.335260115606936, 4.527065527065527, 6.48314606741573, 7.7202216066482, 8.723756906077348, 6.390449438202247, 4.020895522388059, 4.551622418879056, 2.273469387755102, 2.2465753424657535], "today": [null, null, null, null, 2.0, 3.0, 7.0, 4.0, 4.0, 3.0, 2.0, 7.0, 8.0, 1.0, 3.0, 10.0, 2.0, 5.0, 9.0, 12.0, 7.0, 11.0, null, 2.0]}, "Arau": {"baseline": [1.8541666666666667, 1.469387755102041, 1.4444444444444444, 1.3404255319148937, 1.992063492063492, 4.2, 9.453038674033149, 8.32122905027933, 9.118131868131869, 5.040462427745664, 9.154696132596685, 4.807926829268292, 8.584487534626039, 4.542168674698795, 11.1353591160221, 8.08831908831909, 11.094182825484765, 9.038781163434903, 10.088397790055248, 7.826815642458101, 4.439882697947214, 6.626404494382022, 1.6451612903225807, 2.1758241758241756], "today": [3.0, null, null, null, 2.0, 7.0, 15.0, 4.0, 12.0, 2.0, 12.0, 6.0, 7.0, 7.0, 11.0, 1.0, 8.0, 11.0, 11.0, 7.0, 11.0, 7.0, null, null]}, "Bagan Serai": {"baseline": [1.1428571428571428, 1.0, 1.0, 1.0, 1.0, 1.3636363636363635, 1.5485714285714285, 1.8319327731092436, 1.6095890410958904, 1.931937172774869, 1.5384615384615385, 1.6031746031746033, 1.7253886010362693, 1.6809815950920246, 1.9183673469387754, 2.028436018957346, 2.9290780141843973, 3.389728096676737, 3.81875, 1.9017857142857142, 1.1538461538461537, 1.6, 1.0, 1.0], "today": [null, null, null, null, null, null, 1.0, null, null, null, null, null, 1.0, null, null, null, 2.0, 6.0, 5.0, 1.0, null, null, null, null]}, "Bukit Ketri": {"baseline": [1.3125, 1.0, 1.0, 1.0, 1.21875, 1.392156862745098, 2.083682008368201, 2.1434977578475336, 2.0825688073394497, 1.6884057971014492, 1.7763157894736843, 1.7790697674418605, 1.8229665071770336, 1.5575221238938053, 2.3173913043478263, 1.9740932642487046, 2.151750972762646, 2.0344827586206895, 2.8636363636363638, 2.786184210526316, 1.653061224489796, 2.4575645756457565, 1.0, 1.0847457627118644], "today": [null, null, null, null, null, null, 2.0, 1.0, 3.0, null, 2.0, 1.0, 1.0, null, 1.0, null, null, 3.0, 4.0, 1.0, null, 2.0, null, 1.0]}, "Bukit Mertajam": {"baseline": [1.3333333333333333, 3.0, 1.0, 1.0, null, 1.0, 1.2835820895522387, 1.1304347826086956, 1.105263157894737, 1.0769230769230769, 1.3529411764705883, 1.0, 1.1875, 1.1764705882352942, 1.0, 1.25, 1.05, 1.2666666666666666, 1.125, 1.0769230769230769, 1.1666666666666667, 1.0714285714285714, 1.0, 1.375], "today": [null, null, null, null, null, null, 1.0, null, null, null, null, 1.0, null, null, null, null, null, null, null, null, null, null, null, null]}, "Bukit Tengah": {"baseline": [1.0, null, null, null, 1.0, 1.125, 1.2692307692307692, 1.1272727272727272, 1.1111111111111112, 1.125, 1.1764705882352942, 1.0526315789473684, 1.1282051282051282, 1.1176470588235294, 1.1153846153846154, 1.4, 1.0909090909090908, 1.0625, 1.2608695652173914, 1.325, 1.2093023255813953, 1.4583333333333333, 1.2222222222222223, 1.5], "today": [null, null, null, null, null, null, null, null, null, null, null, null, null, null, null, null, null, null, null, 1.0, null, null, null, null]}, "Butterworth": {"baseline": [1.7727272727272727, 1.6296296296296295, 1.5714285714285714, 1.125, 1.2, 1.4603174603174602, 6.108504398826979, 11.349862258953168, 5.75, 4.793413173652695, 4.215743440233236, 3.442508710801394, 4.036474164133739, 2.879120879120879, 3.8984126984126983, 3.024137931034483, 4.598837209302325, 3.6055045871559632, 3.7024539877300615, 2.867088607594937, 2.391156462585034, 1.5588235294117647, 1.267605633802817, 1.18], "today": [null, 1.0, null, null, null, null, 4.0, 17.0, 1.0, 7.0, 14.0, 1.0, 11.0, 4.0, 10.0, 7.0, 8.0, 3.0, 13.0, 3.0, 2.0, 3.0, null, 1.0]}, "Gurun": {"baseline": [2.3461538461538463, 1.0384615384615385, 1.3076923076923077, 1.125, 1.3, 1.3255813953488371, 3.201863354037267, 4.5027932960893855, 3.5014925373134327, 1.9153225806451613, 2.158301158301158, 2.084070796460177, 2.6115702479338845, 2.0374531835205993, 3.035211267605634, 3.6191950464396285, 3.9201183431952664, 5.498567335243553, 6.485795454545454, 4.1833810888252145, 2.2395437262357416, 1.9087301587301588, 1.6926605504587156, 1.3333333333333333], "today": [null, null, null, null, null, null, 4.0, 5.0, 2.0, 2.0, 5.0, 2.0, null, 1.0, 3.0, 1.0, 4.0, 8.0, 10.0, 2.0, 2.0, 3.0, 2.0, null]}, "Ipoh": {"baseline": [2.087378640776699, 1.4031007751937985, 1.1666666666666667, 1.1666666666666667, 1.7412935323383085, 5.781163434903047, 7.26123595505618, 6.428969359331476, 8.362116991643454, 5.409742120343839, 3.3790849673202614, 7.011142061281337, 4.890625, 5.381924198250728, 5.285302593659942, 5.875, 6.144927536231884, 5.789017341040463, 5.609970674486804, 3.189003436426117, 1.7735849056603774, 1.9421052631578948, 1.5666666666666667, 1.0], "today": [1.0, 2.0, null, null, null, 4.0, 8.0, 4.0, 10.0, 4.0, 5.0, 7.0, 4.0, 15.0, 6.0, 4.0, 4.0, 18.0, 10.0, 5.0, 3.0, 2.0, 1.0, null]}, "Kamunting": {"baseline": [1.16, 1.0714285714285714, 1.0909090909090908, 1.1666666666666667, 1.0909090909090908, 1.3423423423423424, 2.4593639575971733, 1.7966804979253113, 2.258426966292135, 1.948051948051948, 1.625, 1.84375, 1.6862745098039216, 1.8516746411483254, 1.9390243902439024, 1.8703703703703705, 2.042056074766355, 2.9122257053291536, 2.996913580246914, 1.5723270440251573, 1.5797101449275361, 1.0, 1.0, 1.0], "today": [null, null, null, null, null, null, 2.0, 2.0, 3.0, null, null, 1.0, null, null, 1.0, 3.0, 2.0, 4.0, 3.0, 1.0, null, null, null, null]}, "Kobah": {"baseline": [3.2666666666666666, 1.1875, 1.3076923076923077, 1.0769230769230769, 1.11864406779661, 1.3151515151515152, 3.774774774774775, 3.300940438871473, 3.0833333333333335, 2.1012658227848102, 2.3643122676579926, 1.9625, 2.3977695167286246, 2.056451612903226, 3.0364238410596025, 3.5671641791044775, 4.6189111747851, 5.129213483146067, 6.593314763231198, 6.084745762711864, 3.311377245508982, 2.8134556574923546, 1.8410041841004183, 1.4545454545454546], "today": [null, null, null, 1.0, null, 2.0, 3.0, 3.0, null, 1.0, 2.0, 1.0, 1.0, 1.0, null, null, 9.0, 7.0, 11.0, 4.0, 12.0, 2.0, null, null]}, "Kodiang": {"baseline": [2.0, 1.2, 1.2, 1.8, 1.2647058823529411, 1.5170068027210883, 2.2279411764705883, 2.15702479338843, 2.2350230414746544, 1.803680981595092, 2.553113553113553, 1.9125, 2.4779116465863456, 1.6827586206896552, 2.9261744966442955, 3.0225563909774436, 3.04, 2.9023569023569022, 2.852233676975945, 3.015290519877676, 2.0343347639484977, 2.5681818181818183, 1.0, 1.1948051948051948], "today": [null, null, null, null, null, null, 4.0, 1.0, 1.0, null, null, 1.0, null, 1.0, 1.0, 4.0, 3.0, 2.0, 5.0, 2.0, null, null, null, null]},