{"service": "komuter_utara", "origin": "Bukit Ketri", "latest_date": "2026-07-10", "destinations": {"Alor Setar": {"baseline": [1.6666666666666667, 1.1, 1.3333333333333333, null, 1.0769230769230769, 1.5565217391304347, 4.994285714285715, 4.564971751412429, 3.7900552486187844, 2.079710144927536, 4.670731707317073, 2.937888198757764, 3.767741935483871, 2.1226415094339623, 3.5664335664335662, 3.088888888888889, 2.5619047619047617, 2.232394366197183, 2.23943661971831, 2.188976377952756, 1.1515151515151516, 1.6981132075471699, 1.813953488372093, null], "baseline_730": [1.6666666666666667, 1.1, 1.3333333333333333, null, 1.0769230769230769, 1.5565217391304347, 4.994285714285715, 4.564971751412429, 3.7900552486187844, 2.079710144927536, 4.670731707317073, 2.937888198757764, 3.767741935483871, 2.1226415094339623, 3.5664335664335662, 3.088888888888889, 2.5619047619047617, 2.232394366197183, 2.23943661971831, 2.188976377952756, 1.1515151515151516, 1.6981132075471699, 1.813953488372093, null], "today": [null, null, null, null, null, null, 6.0, 7.0, 4.0, 1.0, null, 2.0, 5.0, 1.0, 5.0, 4.0, 2.0, 5.0, 3.0, null, null, null, null, null]}, "Anak Bukit": {"baseline": [1.3636363636363635, 1.0, 1.0, 1.0, 1.0, 1.2794117647058822, 3.744047619047619, 2.66, 1.6228070175438596, 1.2244897959183674, 1.726027397260274, 1.3116883116883118, 2.1470588235294117, 1.5238095238095237, 2.388888888888889, 2.048780487804878, 1.6785714285714286, 1.84375, 1.5688073394495412, 2.5142857142857142, 1.411764705882353, 1.2857142857142858, 1.5666666666666667, 1.0], "baseline_730": [1.3636363636363635, 1.0, 1.0, 1.0, 1.0, 1.2794117647058822, 3.744047619047619, 2.66, 1.6228070175438596, 1.2244897959183674, 1.726027397260274, 1.3116883116883118, 2.1470588235294117, 1.5238095238095237, 2.388888888888889, 2.048780487804878, 1.6785714285714286, 1.84375, 1.5688073394495412, 2.5142857142857142, 1.411764705882353, 1.2857142857142858, 1.5666666666666667, 1.0], "today": [null, null, null, null, null, 1.0, 5.0, null, 1.0, null, null, 2.0, 3.0, null, 1.0, 1.0, 1.0, 4.0, null, null, null, null, null, null]}, "Arau": {"baseline": [2.0, null, null, 1.0, null, 1.0, 1.1940298507462686, 1.263157894736842, 1.1764705882352942, 1.0833333333333333, 1.25, 1.2307692307692308, 1.2424242424242424, 1.0, 1.4242424242424243, 1.375, 1.56, 1.4444444444444444, 1.125, 1.375, 1.2222222222222223, 1.0, 1.5, 1.1428571428571428], "baseline_730": [2.0, null, null, 1.0, null, 1.0, 1.1940298507462686, 1.263157894736842, 1.1764705882352942, 1.0833333333333333, 1.25, 1.2307692307692308, 1.2424242424242424, 1.0, 1.4242424242424243, 1.375, 1.56, 1.4444444444444444, 1.125, 1.375, 1.2222222222222223, 1.0, 1.5, 1.1428571428571428], "today": [null, null, null, null, null, null, null, null, null, null, 1.0, null, 1.0, null, null, null, 1.0, null, null, null, null, null, 1.0, null]}, "Bagan Serai": {"baseline": [1.0, null, null, null, 1.0, 1.051948051948052, 1.1363636363636365, 1.3333333333333333, 1.5, 1.2727272727272727, 1.2727272727272727, 1.2, 1.4615384615384615, 1.5, 1.25, 1.75, 1.5789473684210527, 1.1875, 1.0, 1.2, 1.0, null, 1.0, null], "baseline_730": [1.0, null, null, null, 1.0, 1.051948051948052, 1.1363636363636365, 1.3333333333333333, 1.5, 1.2727272727272727, 1.2727272727272727, 1.2, 1.4615384615384615, 1.5, 1.25, 1.75, 1.5789473684210527, 1.1875, 1.0, 1.2, 1.0, null, 1.0, null], "today": [null, null, null, null, null, 1.0, 1.0, null, null, null, null, null, null, null, 2.0, null, 1.0, null, null, null, null, null, null, null]}, "Bukit Ketri": {"baseline": [null, null, null, null, null, null, 1.0, null, 1.0, 1.0, 1.0, 1.0, null, 1.0, 1.0, null, 1.0, 1.0, null, null, 1.0, 1.0, 2.0, 1.0], "baseline_730": [null, null, null, null, null, null, 1.0, null, 1.0, 1.0, 1.0, 1.0, null, 1.0, 1.0, null, 1.0, 1.0, null, null, 1.0, 1.0, 2.0, 1.0], "today": [null, null, null, null, null, null, null, null, null, null, null, null, null, null, null, null, null, null, null, null, null, null, null, null]}, "Bukit Mertajam": {"baseline": [1.5, 1.0, 1.2, 1.0, 1.0, 2.6449275362318843, 3.546511627906977, 3.337142857142857, 2.02, 1.3707865168539326, 2.3834586466165413, 1.5940594059405941, 2.3524590163934427, 1.5614035087719298, 2.8214285714285716, 2.0, 2.1984126984126986, 2.3275862068965516, 2.6413793103448278, 2.2941176470588234, 1.7589285714285714, 3.0072463768115942, 3.0, 1.4516129032258065], "baseline_730": [1.5, 1.0, 1.2, 1.0, 1.0, 2.6449275362318843, 3.546511627906977, 3.337142857142857, 2.02, 1.3707865168539326, 2.3834586466165413, 1.5940594059405941, 2.3524590163934427, 1.5614035087719298, 2.8214285714285716, 2.0, 2.1984126984126986, 2.3275862068965516, 2.6413793103448278, 2.2941176470588234, 1.7589285714285714, 3.0072463768115942, 3.0, 1.4516129032258065], "today": [null, null, null, 1.0, null, 1.0, 7.0, 4.0, 1.0, 1.0, 1.0, 5.0, 1.0, 1.0, 3.0, 1.0, 1.0, 1.0, 2.0, null, 1.0, 1.0, null, null]}, "Bukit Tengah": {"baseline": [1.736842105263158, 1.125, 1.0, 1.0, 1.5593220338983051, 4.937142857142857, 5.97191011235955, 6.641711229946524, 2.707792207792208, 1.524390243902439, 2.890322580645161, 1.736842105263158, 2.5923566878980893, 1.453125, 2.8354430379746836, 2.15, 2.4415584415584415, 2.5, 3.7341040462427744, 3.3076923076923075, 2.272727272727273, 5.388571428571429, 9.75, 2.4070796460176993], "baseline_730": [1.736842105263158, 1.125, 1.0, 1.0, 1.5593220338983051, 4.937142857142857, 5.97191011235955, 6.641711229946524, 2.707792207792208, 1.524390243902439, 2.890322580645161, 1.736842105263158, 2.5923566878980893, 1.453125, 2.8354430379746836, 2.15, 2.4415584415584415, 2.5, 3.7341040462427744, 3.3076923076923075, 2.272727272727273, 5.388571428571429, 9.75, 2.4070796460176993], "today": [null, null, null, 1.0, 1.0, null, 8.0, 10.0, 1.0, null, 1.0, null, 5.0, null, 3.0, 2.0, 3.0, 1.0, 3.0, 1.0, 2.0, 1.0, null, 3.0]}, "Butterworth": {"baseline": [1.8148148148148149, 1.3529411764705883, 1.4285714285714286, 1.0, 1.4772727272727273, 3.1739130434782608, 4.8, 3.572289156626506, 3.231638418079096, 1.980952380952381, 3.30625, 2.2954545454545454, 3.3773584905660377, 1.796875, 3.5031847133757963, 2.8796992481203008, 2.9398496240601504, 2.697841726618705, 2.687074829931973, 2.5703125, 1.6590909090909092, 2.557142857142857, 5.857142857142857, 1.320754716981132], "baseline_730": [1.8148148148148149, 1.3529411764705883, 1.4285714285714286, 1.0, 1.4772727272727273, 3.1739130434782608, 4.8, 3.572289156626506, 3.231638418079096, 1.980952380952381, 3.30625, 2.2954545454545454, 3.3773584905660377, 1.796875, 3.5031847133757963, 2.8796992481203008, 2.9398496240601504, 2.697841726618705, 2.687074829931973, 2.5703125, 1.6590909090909092, 2.557142857142857, 5.857142857142857, 1.320754716981132], "today": [null, null, null, null, null, 1.0, 6.0, 1.0, 2.0, 1.0, 2.0, null, 2.0, 1.0, 7.0, 3.0, 2.0, 2.0, 2.0, 2.0, 5.0, null, null, null]}, "Gurun": {"baseline": [1.5, 1.6666666666666667, 1.0, 2.0, 1.0, 1.2407407407407407, 2.7228915662650603, 1.9726027397260273, 1.4675324675324675, 1.3333333333333333, 1.8051948051948052, 1.3125, 1.5769230769230769, 2.085714285714286, 2.4461538461538463, 2.0303030303030303, 1.8706896551724137, 1.8842105263157896, 1.7934782608695652, 1.5666666666666667, 1.2272727272727273, 1.3265306122448979, 2.4, 2.0], "baseline_730": [1.5, 1.6666666666666667, 1.0, 2.0, 1.0, 1.2407407407407407, 2.7228915662650603, 1.9726027397260273, 1.4675324675324675, 1.3333333333333333, 1.8051948051948052, 1.3125, 1.5769230769230769, 2.085714285714286, 2.4461538461538463, 2.0303030303030303, 1.8706896551724137, 1.8842105263157896, 1.7934782608695652, 1.5666666666666667, 1.2272727272727273, 1.3265306122448979, 2.4, 2.0], "today": [null, null, null, null, null, null, 3.0, null, null, null, 1.0, null, null, null, 4.0, 10.0, 1.0, 2.0, null, 2.0, null, null, null, null]},