{"service": "komuter_utara", "origin": "Bukit Ketri", "latest_date": "2026-06-14", "destinations": {"Alor Setar": {"baseline": [1.68, 1.125, 1.0, null, 1.0769230769230769, 1.556701030927835, 5.0, 4.5394736842105265, 3.948051948051948, 2.1260504201680672, 4.755244755244755, 3.00709219858156, 3.81203007518797, 2.2444444444444445, 3.716666666666667, 3.192982456140351, 2.608695652173913, 2.2083333333333335, 2.376068376068376, 2.2037037037037037, 1.1612903225806452, 1.75, 1.853658536585366, null], "baseline_730": [1.68, 1.125, 1.0, null, 1.0769230769230769, 1.556701030927835, 5.0, 4.5394736842105265, 3.948051948051948, 2.1260504201680672, 4.755244755244755, 3.00709219858156, 3.81203007518797, 2.2444444444444445, 3.716666666666667, 3.192982456140351, 2.608695652173913, 2.2083333333333335, 2.376068376068376, 2.2037037037037037, 1.1612903225806452, 1.75, 1.853658536585366, null], "today": [null, null, null, null, null, 1.0, 7.0, 5.0, 2.0, 5.0, 1.0, 2.0, 6.0, null, 4.0, 1.0, 2.0, null, 1.0, 1.0, null, 1.0, null, null]}, "Anak Bukit": {"baseline": [1.375, 1.0, 1.0, 1.0, 1.0, 1.3220338983050848, 3.723404255319149, 2.7, 1.597938144329897, 1.1842105263157894, 1.8275862068965518, 1.2741935483870968, 2.19672131147541, 1.5, 2.298507462686567, 2.0285714285714285, 1.6027397260273972, 1.8909090909090909, 1.59, 2.460674157303371, 1.5, 1.3076923076923077, 1.5862068965517242, 1.0], "baseline_730": [1.375, 1.0, 1.0, 1.0, 1.0, 1.3220338983050848, 3.723404255319149, 2.7, 1.597938144329897, 1.1842105263157894, 1.8275862068965518, 1.2741935483870968, 2.19672131147541, 1.5, 2.298507462686567, 2.0285714285714285, 1.6027397260273972, 1.8909090909090909, 1.59, 2.460674157303371, 1.5, 1.3076923076923077, 1.5862068965517242, 1.0], "today": [null, null, null, null, null, null, 5.0, 2.0, 2.0, 1.0, 2.0, 1.0, null, null, null, null, null, 1.0, 1.0, null, null, 1.0, null, null]}, "Arau": {"baseline": [2.0, null, null, 1.0, null, 1.0, 1.1666666666666667, 1.3333333333333333, 1.2142857142857142, 1.1, 1.2857142857142858, 1.2307692307692308, 1.2333333333333334, 1.0, 1.4827586206896552, 1.45, 1.5454545454545454, 1.3636363636363635, 1.125, 1.375, 1.2222222222222223, 1.0, 1.5, 1.2], "baseline_730": [2.0, null, null, 1.0, null, 1.0, 1.1666666666666667, 1.3333333333333333, 1.2142857142857142, 1.1, 1.2857142857142858, 1.2307692307692308, 1.2333333333333334, 1.0, 1.4827586206896552, 1.45, 1.5454545454545454, 1.3636363636363635, 1.125, 1.375, 1.2222222222222223, 1.0, 1.5, 1.2], "today": [null, null, null, null, null, null, 1.0, null, null, 1.0, null, null, null, null, null, 1.0, null, null, null, null, null, null, null, null]}, "Bagan Serai": {"baseline": [1.0, null, null, null, 1.0, 1.0461538461538462, 1.135135135135135, 1.3214285714285714, 1.5, 1.3, 1.3157894736842106, 1.2, 1.4615384615384615, 1.5714285714285714, 1.25, 1.3333333333333333, 1.588235294117647, 1.1818181818181819, 1.0, 1.1666666666666667, 1.0, null, 1.0, null], "baseline_730": [1.0, null, null, null, 1.0, 1.0461538461538462, 1.135135135135135, 1.3214285714285714, 1.5, 1.3, 1.3157894736842106, 1.2, 1.4615384615384615, 1.5714285714285714, 1.25, 1.3333333333333333, 1.588235294117647, 1.1818181818181819, 1.0, 1.1666666666666667, 1.0, null, 1.0, null], "today": [null, null, null, null, null, null, null, null, null, null, null, null, null, null, null, null, null, null, null, null, null, null, null, null]}, "Bukit Ketri": {"baseline": [null, null, null, null, null, null, 1.0, null, 1.0, 1.0, 1.0, 1.0, null, 1.0, 1.0, null, 1.0, 1.0, null, null, 1.0, 1.0, 2.0, 1.0], "baseline_730": [null, null, null, null, null, null, 1.0, null, 1.0, 1.0, 1.0, 1.0, null, 1.0, 1.0, null, 1.0, 1.0, null, null, 1.0, 1.0, 2.0, 1.0], "today": [null, null, null, null, null, null, null, null, null, null, null, null, null, null, null, null, null, null, null, null, null, null, null, null]}, "Bukit Mertajam": {"baseline": [1.5, 1.0, 1.2, 1.0, 1.0, 2.58974358974359, 3.627586206896552, 3.3557046979865772, 1.9883720930232558, 1.3289473684210527, 2.413793103448276, 1.5365853658536586, 2.3603603603603602, 1.6, 2.8677685950413223, 2.0963855421686746, 2.2285714285714286, 2.3173076923076925, 2.6557377049180326, 2.3333333333333335, 1.7142857142857142, 3.0833333333333335, 3.6666666666666665, 1.4313725490196079], "baseline_730": [1.5, 1.0, 1.2, 1.0, 1.0, 2.58974358974359, 3.627586206896552, 3.3557046979865772, 1.9883720930232558, 1.3289473684210527, 2.413793103448276, 1.5365853658536586, 2.3603603603603602, 1.6, 2.8677685950413223, 2.0963855421686746, 2.2285714285714286, 2.3173076923076925, 2.6557377049180326, 2.3333333333333335, 1.7142857142857142, 3.0833333333333335, 3.6666666666666665, 1.4313725490196079], "today": [null, null, null, null, null, 1.0, 1.0, 2.0, 1.0, 2.0, 2.0, null, 3.0, null, 2.0, 1.0, 3.0, 2.0, 9.0, 3.0, 2.0, 5.0, null, 1.0]}, "Bukit Tengah": {"baseline": [1.7777777777777777, 1.1333333333333333, 1.0, 1.0, 1.5876288659793814, 4.881578947368421, 5.735099337748345, 6.352201257861635, 2.727272727272727, 1.5571428571428572, 2.9393939393939394, 1.7387387387387387, 2.7251908396946565, 1.4545454545454546, 2.77037037037037, 2.231404958677686, 2.4651162790697674, 2.523076923076923, 3.651006711409396, 3.268292682926829, 2.2323232323232323, 5.326666666666667, 9.75, 2.4329896907216493], "baseline_730": [1.7777777777777777, 1.1333333333333333, 1.0, 1.0, 1.5876288659793814, 4.881578947368421, 5.735099337748345, 6.352201257861635, 2.727272727272727, 1.5571428571428572, 2.9393939393939394, 1.7387387387387387, 2.7251908396946565, 1.4545454545454546, 2.77037037037037, 2.231404958677686, 2.4651162790697674, 2.523076923076923, 3.651006711409396, 3.268292682926829, 2.2323232323232323, 5.326666666666667, 9.75, 2.4329896907216493], "today": [null, null, null, null, null, null, 5.0, 4.0, null, null, 2.0, 2.0, 4.0, null, 3.0, 3.0, 3.0, 2.0, 4.0, 8.0, 2.0, 17.0, null, 3.0]}, "Butterworth": {"baseline": [1.7391304347826086, 1.375, 1.5, 1.0, 1.5384615384615385, 2.963235294117647, 4.788732394366197, 3.5, 3.2582781456953644, 1.988888888888889, 3.369565217391304, 2.2589285714285716, 3.3576642335766422, 1.8333333333333333, 3.659090909090909, 2.923076923076923, 3.0973451327433628, 2.773109243697479, 2.71875, 2.580952380952381, 1.5945945945945945, 2.533333333333333, 5.857142857142857, 1.2727272727272727], "baseline_730": [1.7391304347826086, 1.375, 1.5, 1.0, 1.5384615384615385, 2.963235294117647, 4.788732394366197, 3.5, 3.2582781456953644, 1.988888888888889, 3.369565217391304, 2.2589285714285716, 3.3576642335766422, 1.8333333333333333, 3.659090909090909, 2.923076923076923, 3.0973451327433628, 2.773109243697479, 2.71875, 2.580952380952381, 1.5945945945945945, 2.533333333333333, 5.857142857142857, 1.2727272727272727], "today": [null, null, null, null, null, 2.0, 4.0, 1.0, 1.0, null, 2.0, 1.0, 15.0, null, 4.0, 5.0, 3.0, 5.0, 4.0, 2.0, 2.0, 5.0, null, 1.0]}, "Gurun": {"baseline": [1.5, 1.6666666666666667, 1.0, 2.0, 1.0, 1.288888888888889, 2.7163120567375887, 1.8571428571428572, 1.463768115942029, 1.3928571428571428, 1.75, 1.325, 1.625, 2.03125, 2.5272727272727273, 1.8771929824561404, 1.838095238095238, 1.9743589743589745, 1.8181818181818181, 1.6226415094339623, 1.2307692307692308, 1.3846153846153846, 8.0, null], "baseline_730": [1.5, 1.6666666666666667, 1.0, 2.0, 1.0, 1.288888888888889, 2.7163120567375887, 1.8571428571428572, 1.463768115942029, 1.3928571428571428, 1.75, 1.325, 1.625, 2.03125, 2.5272727272727273, 1.8771929824561404, 1.838095238095238, 1.9743589743589745, 1.8181818181818181, 1.6226415094339623, 1.2307692307692308, 1.3846153846153846, 8.0, null], "today": [null, null, null, null, null, 1.0, 4.0, null, null, null, null, 2.0, 1.0, null, null, null, null, null, 1.0, null, null, null, null, null]},