{"service": "komuter_utara", "origin": "Bukit Ketri", "latest_date": "2026-07-23", "destinations": {"Alor Setar": {"baseline": [1.625, 1.1, 1.3333333333333333, null, 1.0714285714285714, 1.564102564102564, 5.0220994475138125, 4.590163934426229, 3.7967914438502675, 2.055944055944056, 4.745562130177515, 2.9397590361445785, 3.74375, 2.1160714285714284, 3.560810810810811, 3.0714285714285716, 2.522935779816514, 2.222972972972973, 2.2945205479452055, 2.1782945736434107, 1.1470588235294117, 1.6981132075471699, 1.813953488372093, null], "baseline_730": [1.625, 1.1, 1.3333333333333333, null, 1.0714285714285714, 1.564102564102564, 5.0220994475138125, 4.590163934426229, 3.7967914438502675, 2.055944055944056, 4.745562130177515, 2.9397590361445785, 3.74375, 2.1160714285714284, 3.560810810810811, 3.0714285714285716, 2.522935779816514, 2.222972972972973, 2.2945205479452055, 2.1782945736434107, 1.1470588235294117, 1.6981132075471699, 1.813953488372093, null], "today": [null, null, null, null, null, null, 3.0, 5.0, 4.0, 2.0, 1.0, 2.0, 1.0, null, null, null, 2.0, 2.0, 2.0, 1.0, null, null, null, null]}, "Anak Bukit": {"baseline": [1.3333333333333333, 1.0, 1.0, 1.0, 1.0, 1.2876712328767124, 3.7988505747126435, 2.65359477124183, 1.6050420168067228, 1.2244897959183674, 1.7297297297297298, 1.3170731707317074, 2.142857142857143, 1.5116279069767442, 2.364864864864865, 2.011764705882353, 1.6551724137931034, 1.8421052631578947, 1.5535714285714286, 2.485981308411215, 1.3888888888888888, 1.2857142857142858, 1.5666666666666667, 1.0], "baseline_730": [1.3333333333333333, 1.0, 1.0, 1.0, 1.0, 1.2876712328767124, 3.7988505747126435, 2.65359477124183, 1.6050420168067228, 1.2244897959183674, 1.7297297297297298, 1.3170731707317074, 2.142857142857143, 1.5116279069767442, 2.364864864864865, 2.011764705882353, 1.6551724137931034, 1.8421052631578947, 1.5535714285714286, 2.485981308411215, 1.3888888888888888, 1.2857142857142858, 1.5666666666666667, 1.0], "today": [null, 1.0, null, null, null, 2.0, 3.0, 3.0, 1.0, null, null, 1.0, null, null, 3.0, 1.0, 1.0, null, 1.0, 5.0, null, null, null, null]}, "Arau": {"baseline": [2.0, null, null, 1.0, null, 1.0, 1.1911764705882353, 1.2682926829268293, 1.1666666666666667, 1.0833333333333333, 1.2222222222222223, 1.2307692307692308, 1.2352941176470589, 1.0, 1.4242424242424243, 1.36, 1.5384615384615385, 1.4444444444444444, 1.125, 1.375, 1.2222222222222223, 1.0, 1.4, 1.1428571428571428], "baseline_730": [2.0, null, null, 1.0, null, 1.0, 1.1911764705882353, 1.2682926829268293, 1.1666666666666667, 1.0833333333333333, 1.2222222222222223, 1.2307692307692308, 1.2352941176470589, 1.0, 1.4242424242424243, 1.36, 1.5384615384615385, 1.4444444444444444, 1.125, 1.375, 1.2222222222222223, 1.0, 1.4, 1.1428571428571428], "today": [null, null, null, null, null, null, null, null, null, null, null, null, null, null, null, null, null, null, 1.0, null, null, null, null, null]}, "Bagan Serai": {"baseline": [1.0, null, null, null, 1.0, 1.0512820512820513, 1.1304347826086956, 1.3333333333333333, 1.5, 1.25, 1.2608695652173914, 1.2, 1.4615384615384615, 1.4444444444444444, 1.2857142857142858, 1.75, 1.5714285714285714, 1.411764705882353, 1.0, 1.2, 1.0, null, 1.0, null], "baseline_730": [1.0, null, null, null, 1.0, 1.0512820512820513, 1.1304347826086956, 1.3333333333333333, 1.5, 1.25, 1.2608695652173914, 1.2, 1.4615384615384615, 1.4444444444444444, 1.2857142857142858, 1.75, 1.5714285714285714, 1.411764705882353, 1.0, 1.2, 1.0, null, 1.0, null], "today": [null, null, null, null, null, 1.0, null, null, null, null, null, null, null, null, null, null, null, null, null, null, null, null, null, null]}, "Bukit Ketri": {"baseline": [null, null, null, null, null, null, 1.0, null, 1.0, 1.0, 1.0, 1.0, null, 1.0, 1.0, null, 1.0, 1.0, null, null, 1.0, 1.0, 2.0, 1.0], "baseline_730": [null, null, null, null, null, null, 1.0, null, 1.0, 1.0, 1.0, 1.0, null, 1.0, 1.0, null, 1.0, 1.0, null, null, 1.0, 1.0, 2.0, 1.0], "today": [null, null, null, null, null, null, null, null, null, null, null, null, null, null, null, null, null, null, null, null, null, null, null, null]}, "Bukit Mertajam": {"baseline": [1.5, 1.0, 1.2, 1.0, 1.0, 2.6338028169014085, 3.5842696629213484, 3.3370165745856353, 2.0, 1.3655913978494623, 2.391304347826087, 1.6635514018691588, 2.32, 1.55, 2.7724137931034485, 2.0, 2.1908396946564888, 2.3636363636363638, 2.6266666666666665, 2.278688524590164, 1.7478260869565216, 3.013888888888889, 3.0, 1.4615384615384615], "baseline_730": [1.5, 1.0, 1.2, 1.0, 1.0, 2.6338028169014085, 3.5842696629213484, 3.3370165745856353, 2.0, 1.3655913978494623, 2.391304347826087, 1.6635514018691588, 2.32, 1.55, 2.7724137931034485, 2.0, 2.1908396946564888, 2.3636363636363638, 2.6266666666666665, 2.278688524590164, 1.7478260869565216, 3.013888888888889, 3.0, 1.4615384615384615], "today": [null, null, null, null, null, 1.0, 1.0, 5.0, 3.0, null, 4.0, 1.0, null, null, 1.0, null, 1.0, 1.0, null, 1.0, null, null, null, null]}, "Bukit Tengah": {"baseline": [1.736842105263158, 1.125, 1.0, 1.0, 1.5573770491803278, 4.933333333333334, 6.070652173913044, 6.652849740932642, 2.69375, 1.5357142857142858, 2.875, 1.7664233576642336, 2.6134969325153374, 1.523076923076923, 2.841463414634146, 2.132867132867133, 2.4683544303797467, 2.5064102564102564, 3.7262569832402233, 3.2885906040268456, 2.263157894736842, 5.4088397790055245, 9.75, 2.393162393162393], "baseline_730": [1.736842105263158, 1.125, 1.0, 1.0, 1.5573770491803278, 4.933333333333334, 6.070652173913044, 6.652849740932642, 2.69375, 1.5357142857142858, 2.875, 1.7664233576642336, 2.6134969325153374, 1.523076923076923, 2.841463414634146, 2.132867132867133, 2.4683544303797467, 2.5064102564102564, 3.7262569832402233, 3.2885906040268456, 2.263157894736842, 5.4088397790055245, 9.75, 2.393162393162393], "today": [null, null, null, 1.0, 1.0, 1.0, 6.0, 5.0, null, 2.0, null, 1.0, 2.0, null, 1.0, null, 3.0, 1.0, 3.0, null, null, 2.0, null, 1.0]}, "Butterworth": {"baseline": [1.7586206896551724, 1.4444444444444444, 1.375, 1.0, 1.4772727272727273, 3.210843373493976, 4.788571428571428, 3.5290697674418605, 3.2459016393442623, 1.936936936936937, 3.274390243902439, 2.2846715328467155, 3.388888888888889, 1.7761194029850746, 3.5, 2.883211678832117, 2.935251798561151, 2.7083333333333335, 2.6842105263157894, 2.556390977443609, 1.7032967032967032, 2.5664335664335662, 5.25, 1.3035714285714286], "baseline_730": [1.7586206896551724, 1.4444444444444444, 1.375, 1.0, 1.4772727272727273, 3.210843373493976, 4.788571428571428, 3.5290697674418605, 3.2459016393442623, 1.936936936936937, 3.274390243902439, 2.2846715328467155, 3.388888888888889, 1.7761194029850746, 3.5, 2.883211678832117, 2.935251798561151, 2.7083333333333335, 2.6842105263157894, 2.556390977443609, 1.7032967032967032, 2.5664335664335662, 5.25, 1.3035714285714286], "today": [null, null, null, null, null, 5.0, null, 3.0, 3.0, null, 2.0, null, 1.0, null, 5.0, 2.0, 3.0, null, 3.0, 3.0, null, 1.0, null, null]}, "Gurun": {"baseline": [1.5, 1.6666666666666667, 1.0, 2.0, 1.0, 1.2456140350877194, 2.7848837209302326, 1.9466666666666668, 1.5443037974683544, 1.3333333333333333, 1.7848101265822784, 1.2941176470588236, 1.5625, 2.0555555555555554, 2.3857142857142857, 2.161764705882353, 1.8487394957983194, 1.8877551020408163, 1.7789473684210526, 1.564516129032258, 1.2222222222222223, 1.3137254901960784, 2.4, 2.0], "baseline_730": [1.5, 1.6666666666666667, 1.0, 2.0, 1.0, 1.2456140350877194, 2.7848837209302326, 1.9466666666666668, 1.5443037974683544, 1.3333333333333333, 1.7848101265822784, 1.2941176470588236, 1.5625, 2.0555555555555554, 2.3857142857142857, 2.161764705882353, 1.8487394957983194, 1.8877551020408163, 1.7789473684210526, 1.564516129032258, 1.2222222222222223, 1.3137254901960784, 2.4, 2.0], "today": [null, null, null, null, null, null, 4.0, null, null, null, null, null, null, null, 1.0, null, null, 1.0, null, null, null, 1.0, null, null]},