{"service": "komuter_utara", "origin": "Bukit Ketri", "latest_date": "2026-06-21", "destinations": {"Alor Setar": {"baseline": [1.7037037037037037, 1.1111111111111112, 1.0, null, 1.0769230769230769, 1.5392156862745099, 5.01948051948052, 4.518987341772152, 3.88125, 2.152, 4.72, 2.9726027397260273, 3.8129496402877696, 2.1914893617021276, 3.68, 3.191666666666667, 2.6458333333333335, 2.1904761904761907, 2.3495934959349594, 2.2017543859649122, 1.1612903225806452, 1.74, 1.8333333333333333, null], "baseline_730": [1.7037037037037037, 1.1111111111111112, 1.0, null, 1.0769230769230769, 1.5392156862745099, 5.01948051948052, 4.518987341772152, 3.88125, 2.152, 4.72, 2.9726027397260273, 3.8129496402877696, 2.1914893617021276, 3.68, 3.191666666666667, 2.6458333333333335, 2.1904761904761907, 2.3495934959349594, 2.2017543859649122, 1.1612903225806452, 1.74, 1.8333333333333333, null], "today": [null, null, null, null, null, 1.0, 8.0, 3.0, 4.0, 1.0, 1.0, 3.0, 3.0, null, null, 2.0, 3.0, null, 1.0, null, null, null, null, null]}, "Anak Bukit": {"baseline": [1.3333333333333333, 1.0, 1.0, 1.0, 1.0, 1.3220338983050848, 3.7027027027027026, 2.6666666666666665, 1.5980392156862746, 1.186046511627907, 1.8225806451612903, 1.2537313432835822, 2.1875, 1.4878048780487805, 2.2794117647058822, 2.0547945205479454, 1.6133333333333333, 1.8706896551724137, 1.5809523809523809, 2.4623655913978495, 1.4642857142857142, 1.3, 1.5862068965517242, 1.0], "baseline_730": [1.3333333333333333, 1.0, 1.0, 1.0, 1.0, 1.3220338983050848, 3.7027027027027026, 2.6666666666666665, 1.5980392156862746, 1.186046511627907, 1.8225806451612903, 1.2537313432835822, 2.1875, 1.4878048780487805, 2.2794117647058822, 2.0547945205479454, 1.6133333333333333, 1.8706896551724137, 1.5809523809523809, 2.4623655913978495, 1.4642857142857142, 1.3, 1.5862068965517242, 1.0], "today": [null, null, null, null, null, 1.0, 4.0, null, 1.0, 1.0, 1.0, null, null, null, null, 1.0, 1.0, null, null, null, null, 1.0, null, null]}, "Arau": {"baseline": [2.0, null, null, 1.0, null, 1.0, 1.1785714285714286, 1.3333333333333333, 1.2142857142857142, 1.0833333333333333, 1.2857142857142858, 1.2307692307692308, 1.2333333333333334, 1.0, 1.4666666666666666, 1.4090909090909092, 1.5454545454545454, 1.3333333333333333, 1.125, 1.375, 1.2222222222222223, 1.0, 1.5, 1.2], "baseline_730": [2.0, null, null, 1.0, null, 1.0, 1.1785714285714286, 1.3333333333333333, 1.2142857142857142, 1.0833333333333333, 1.2857142857142858, 1.2307692307692308, 1.2333333333333334, 1.0, 1.4666666666666666, 1.4090909090909092, 1.5454545454545454, 1.3333333333333333, 1.125, 1.375, 1.2222222222222223, 1.0, 1.5, 1.2], "today": [null, null, null, null, null, null, null, null, 1.0, null, 1.0, null, null, null, 1.0, null, null, null, null, null, null, null, null, null]}, "Bagan Serai": {"baseline": [1.0, null, null, null, 1.0, 1.0588235294117647, 1.135135135135135, 1.3, 1.5, 1.3, 1.3157894736842106, 1.2, 1.4615384615384615, 1.5714285714285714, 1.2352941176470589, 1.8571428571428572, 1.588235294117647, 1.1818181818181819, 1.0, 1.1428571428571428, 1.0, null, 1.0, null], "baseline_730": [1.0, null, null, null, 1.0, 1.0588235294117647, 1.135135135135135, 1.3, 1.5, 1.3, 1.3157894736842106, 1.2, 1.4615384615384615, 1.5714285714285714, 1.2352941176470589, 1.8571428571428572, 1.588235294117647, 1.1818181818181819, 1.0, 1.1428571428571428, 1.0, null, 1.0, null], "today": [null, null, null, null, null, null, null, null, null, null, 1.0, null, null, null, null, null, 1.0, 2.0, null, null, null, null, null, null]}, "Bukit Ketri": {"baseline": [null, null, null, null, null, null, 1.0, null, 1.0, 1.0, 1.0, 1.0, null, 1.0, 1.0, null, 1.0, 1.0, null, null, 1.0, 1.0, 2.0, 1.0], "baseline_730": [null, null, null, null, null, null, 1.0, null, 1.0, 1.0, 1.0, 1.0, null, 1.0, 1.0, null, 1.0, 1.0, null, null, 1.0, 1.0, 2.0, 1.0], "today": [null, null, null, null, null, null, null, null, null, null, null, null, null, null, null, null, null, null, null, null, null, null, null, null]}, "Bukit Mertajam": {"baseline": [1.5, 1.0, 1.2, 1.0, 1.0, 2.6065573770491803, 3.5657894736842106, 3.358974358974359, 1.9666666666666666, 1.3658536585365855, 2.3852459016393444, 1.5632183908045978, 2.3628318584070795, 1.574468085106383, 2.8629032258064515, 2.057471264367816, 2.2363636363636363, 2.2990654205607477, 2.671875, 2.3461538461538463, 1.7291666666666667, 3.048, 3.0, 1.4150943396226414], "baseline_730": [1.5, 1.0, 1.2, 1.0, 1.0, 2.6065573770491803, 3.5657894736842106, 3.358974358974359, 1.9666666666666666, 1.3658536585365855, 2.3852459016393444, 1.5632183908045978, 2.3628318584070795, 1.574468085106383, 2.8629032258064515, 2.057471264367816, 2.2363636363636363, 2.2990654205607477, 2.671875, 2.3461538461538463, 1.7291666666666667, 3.048, 3.0, 1.4150943396226414], "today": [null, null, null, null, null, null, 1.0, 4.0, null, 1.0, 1.0, 2.0, 3.0, 2.0, 2.0, null, 7.0, 8.0, 2.0, 1.0, 4.0, 7.0, null, 3.0]}, "Bukit Tengah": {"baseline": [1.7777777777777777, 1.1333333333333333, 1.0, 1.0, 1.588235294117647, 4.961290322580645, 5.7784810126582276, 6.397590361445783, 2.7518248175182483, 1.547945205479452, 2.891304347826087, 1.7672413793103448, 2.7007299270072993, 1.4385964912280702, 2.7753623188405796, 2.2063492063492065, 2.4592592592592593, 2.4814814814814814, 3.6258064516129034, 3.302325581395349, 2.2254901960784315, 5.365384615384615, 9.75, 2.3823529411764706], "baseline_730": [1.7777777777777777, 1.1333333333333333, 1.0, 1.0, 1.588235294117647, 4.961290322580645, 5.7784810126582276, 6.397590361445783, 2.7518248175182483, 1.547945205479452, 2.891304347826087, 1.7672413793103448, 2.7007299270072993, 1.4385964912280702, 2.7753623188405796, 2.2063492063492065, 2.4592592592592593, 2.4814814814814814, 3.6258064516129034, 3.302325581395349, 2.2254901960784315, 5.365384615384615, 9.75, 2.3823529411764706], "today": [null, null, 1.0, null, null, 2.0, 5.0, 4.0, 1.0, 1.0, 1.0, 1.0, 1.0, 1.0, 2.0, null, 5.0, 3.0, 7.0, 4.0, 4.0, 26.0, null, 4.0]}, "Butterworth": {"baseline": [1.7916666666666667, 1.375, 1.5, 1.0, 1.5121951219512195, 2.986013986013986, 4.771812080536913, 3.541095890410959, 3.2341772151898733, 2.032258064516129, 3.3333333333333335, 2.2735042735042734, 3.4055944055944054, 1.819672131147541, 3.618705035971223, 2.9344262295081966, 3.042016806722689, 2.776, 2.6791044776119404, 2.5535714285714284, 1.5844155844155845, 2.512, 5.857142857142857, 1.2826086956521738], "baseline_730": [1.7916666666666667, 1.375, 1.5, 1.0, 1.5121951219512195, 2.986013986013986, 4.771812080536913, 3.541095890410959, 3.2341772151898733, 2.032258064516129, 3.3333333333333335, 2.2735042735042734, 3.4055944055944054, 1.819672131147541, 3.618705035971223, 2.9344262295081966, 3.042016806722689, 2.776, 2.6791044776119404, 2.5535714285714284, 1.5844155844155845, 2.512, 5.857142857142857, 1.2826086956521738], "today": [null, null, null, null, null, 2.0, 3.0, 1.0, 3.0, null, 3.0, null, 4.0, null, 2.0, 3.0, 4.0, 4.0, 7.0, 6.0, 2.0, 7.0, null, 1.0]}, "Gurun": {"baseline": [1.5, 1.6666666666666667, 1.0, 2.0, 1.0, 1.2708333333333333, 2.7142857142857144, 1.876923076923077, 1.4647887323943662, 1.3793103448275863, 1.7605633802816902, 1.3255813953488371, 1.588235294117647, 2.0, 2.473684210526316, 1.8771929824561404, 1.8240740740740742, 1.9268292682926829, 1.7710843373493976, 1.6, 1.25, 1.3658536585365855, 4.5, null], "baseline_730": [1.5, 1.6666666666666667, 1.0, 2.0, 1.0, 1.2708333333333333, 2.7142857142857144, 1.876923076923077, 1.4647887323943662, 1.3793103448275863, 1.7605633802816902, 1.3255813953488371, 1.588235294117647, 2.0, 2.473684210526316, 1.8771929824561404, 1.8240740740740742, 1.9268292682926829, 1.7710843373493976, 1.6, 1.25, 1.3658536585365855, 4.5, null], "today": [null, null, null, null, null, 1.0, 1.0, 2.0, 1.0, null, null, null, 3.0, null, null, null, null, null, null, null, null, null, null, null]},