{"service": "komuter_utara", "origin": "Bukit Ketri", "latest_date": "2026-07-12", "destinations": {"Alor Setar": {"baseline": [1.6666666666666667, 1.1, 1.3333333333333333, null, 1.0769230769230769, 1.5565217391304347, 5.0, 4.581005586592179, 3.797814207650273, 2.0714285714285716, 4.763636363636364, 2.9263803680981595, 3.770700636942675, 2.1018518518518516, 3.5724137931034483, 3.0802919708029197, 2.556603773584906, 2.2430555555555554, 2.2447552447552446, 2.1875, 1.1470588235294117, 1.6981132075471699, 1.813953488372093, null], "baseline_730": [1.6666666666666667, 1.1, 1.3333333333333333, null, 1.0769230769230769, 1.5565217391304347, 5.0, 4.581005586592179, 3.797814207650273, 2.0714285714285716, 4.763636363636364, 2.9263803680981595, 3.770700636942675, 2.1018518518518516, 3.5724137931034483, 3.0802919708029197, 2.556603773584906, 2.2430555555555554, 2.2447552447552446, 2.1875, 1.1470588235294117, 1.6981132075471699, 1.813953488372093, null], "today": [1.0, null, null, null, 1.0, null, 7.0, 5.0, 2.0, 1.0, 8.0, 5.0, 1.0, 7.0, 2.0, 2.0, 1.0, 1.0, null, null, null, null, null, null]}, "Anak Bukit": {"baseline": [1.3333333333333333, 1.0, 1.0, 1.0, 1.0, 1.2753623188405796, 3.7705882352941176, 2.66, 1.6120689655172413, 1.2244897959183674, 1.7297297297297298, 1.3291139240506329, 2.1594202898550723, 1.5116279069767442, 2.3698630136986303, 2.036144578313253, 1.6627906976744187, 1.8604651162790697, 1.5636363636363637, 2.5142857142857142, 1.4, 1.2857142857142858, 1.5666666666666667, 1.0], "baseline_730": [1.3333333333333333, 1.0, 1.0, 1.0, 1.0, 1.2753623188405796, 3.7705882352941176, 2.66, 1.6120689655172413, 1.2244897959183674, 1.7297297297297298, 1.3291139240506329, 2.1594202898550723, 1.5116279069767442, 2.3698630136986303, 2.036144578313253, 1.6627906976744187, 1.8604651162790697, 1.5636363636363637, 2.5142857142857142, 1.4, 1.2857142857142858, 1.5666666666666667, 1.0], "today": [null, null, null, null, null, 2.0, 6.0, null, 1.0, null, null, null, 1.0, null, null, 1.0, 1.0, 1.0, null, 1.0, null, null, null, null]}, "Arau": {"baseline": [2.0, null, null, 1.0, null, 1.0, 1.1911764705882353, 1.263157894736842, 1.1666666666666667, 1.0833333333333333, 1.2352941176470589, 1.2307692307692308, 1.2352941176470589, 1.0, 1.4242424242424243, 1.375, 1.5384615384615385, 1.4444444444444444, 1.125, 1.375, 1.2222222222222223, 1.0, 1.4, 1.1428571428571428], "baseline_730": [2.0, null, null, 1.0, null, 1.0, 1.1911764705882353, 1.263157894736842, 1.1666666666666667, 1.0833333333333333, 1.2352941176470589, 1.2307692307692308, 1.2352941176470589, 1.0, 1.4242424242424243, 1.375, 1.5384615384615385, 1.4444444444444444, 1.125, 1.375, 1.2222222222222223, 1.0, 1.4, 1.1428571428571428], "today": [null, null, null, null, null, null, null, 1.0, null, null, 1.0, null, null, null, null, null, null, null, null, null, null, null, null, null]}, "Bagan Serai": {"baseline": [1.0, null, null, null, 1.0, 1.0512820512820513, 1.1333333333333333, 1.3333333333333333, 1.5, 1.2727272727272727, 1.2727272727272727, 1.2, 1.4615384615384615, 1.5, 1.2857142857142858, 1.75, 1.55, 1.1875, 1.0, 1.2, 1.0, null, 1.0, null], "baseline_730": [1.0, null, null, null, 1.0, 1.0512820512820513, 1.1333333333333333, 1.3333333333333333, 1.5, 1.2727272727272727, 1.2727272727272727, 1.2, 1.4615384615384615, 1.5, 1.2857142857142858, 1.75, 1.55, 1.1875, 1.0, 1.2, 1.0, null, 1.0, null], "today": [null, null, null, null, null, null, null, null, null, null, null, null, null, 1.0, null, null, 2.0, 5.0, null, null, null, null, null, null]}, "Bukit Ketri": {"baseline": [null, null, null, null, null, null, 1.0, null, 1.0, 1.0, 1.0, 1.0, null, 1.0, 1.0, null, 1.0, 1.0, null, null, 1.0, 1.0, 2.0, 1.0], "baseline_730": [null, null, null, null, null, null, 1.0, null, 1.0, 1.0, 1.0, 1.0, null, 1.0, 1.0, null, 1.0, 1.0, null, null, 1.0, 1.0, 2.0, 1.0], "today": [null, null, null, null, null, null, null, null, null, null, null, null, null, null, null, null, null, null, null, null, null, 1.0, null, null]}, "Bukit Mertajam": {"baseline": [1.5, 1.0, 1.2, 1.0, 1.0, 2.633093525179856, 3.5689655172413794, 3.327683615819209, 2.00990099009901, 1.3666666666666667, 2.3777777777777778, 1.6310679611650485, 2.3306451612903225, 1.5593220338983051, 2.8098591549295775, 1.9903846153846154, 2.1796875, 2.3162393162393164, 2.6462585034013606, 2.2941176470588234, 1.752212389380531, 2.9785714285714286, 3.0, 1.4516129032258065], "baseline_730": [1.5, 1.0, 1.2, 1.0, 1.0, 2.633093525179856, 3.5689655172413794, 3.327683615819209, 2.00990099009901, 1.3666666666666667, 2.3777777777777778, 1.6310679611650485, 2.3306451612903225, 1.5593220338983051, 2.8098591549295775, 1.9903846153846154, 2.1796875, 2.3162393162393164, 2.6462585034013606, 2.2941176470588234, 1.752212389380531, 2.9785714285714286, 3.0, 1.4516129032258065], "today": [null, null, null, null, null, null, 4.0, 2.0, null, 1.0, 1.0, 1.0, 1.0, 1.0, 1.0, 2.0, 3.0, 2.0, 3.0, 3.0, 2.0, 4.0, null, 3.0]}, "Bukit Tengah": {"baseline": [1.736842105263158, 1.125, 1.0, 1.0, 1.5546218487394958, 4.9147727272727275, 5.9944444444444445, 6.656084656084656, 2.6923076923076925, 1.524390243902439, 2.8662420382165603, 1.7313432835820894, 2.6037735849056602, 1.453125, 2.85, 2.140845070422535, 2.4423076923076925, 2.4802631578947367, 3.72, 3.2758620689655173, 2.27027027027027, 5.350282485875706, 9.75, 2.4], "baseline_730": [1.736842105263158, 1.125, 1.0, 1.0, 1.5546218487394958, 4.9147727272727275, 5.9944444444444445, 6.656084656084656, 2.6923076923076925, 1.524390243902439, 2.8662420382165603, 1.7313432835820894, 2.6037735849056602, 1.453125, 2.85, 2.140845070422535, 2.4423076923076925, 2.4802631578947367, 3.72, 3.2758620689655173, 2.27027027027027, 5.350282485875706, 9.75, 2.4], "today": [null, null, null, null, null, 1.0, 3.0, 1.0, 4.0, null, 4.0, null, 5.0, 6.0, 5.0, 1.0, 7.0, 8.0, 5.0, 9.0, 4.0, 13.0, null, 2.0]}, "Butterworth": {"baseline": [1.8148148148148149, 1.3529411764705883, 1.4285714285714286, 1.0, 1.4772727272727273, 3.147239263803681, 4.790697674418604, 3.5476190476190474, 3.217877094972067, 1.97196261682243, 3.2962962962962963, 2.300751879699248, 3.36875, 1.7846153846153847, 3.509433962264151, 2.8805970149253732, 2.9851851851851854, 2.692857142857143, 2.704697986577181, 2.565891472868217, 1.696629213483146, 2.557142857142857, 5.857142857142857, 1.3148148148148149], "baseline_730": [1.8148148148148149, 1.3529411764705883, 1.4285714285714286, 1.0, 1.4772727272727273, 3.147239263803681, 4.790697674418604, 3.5476190476190474, 3.217877094972067, 1.97196261682243, 3.2962962962962963, 2.300751879699248, 3.36875, 1.7846153846153847, 3.509433962264151, 2.8805970149253732, 2.9851851851851854, 2.692857142857143, 2.704697986577181, 2.565891472868217, 1.696629213483146, 2.557142857142857, 5.857142857142857, 1.3148148148148149], "today": [null, null, 1.0, null, null, null, null, 3.0, 5.0, 1.0, null, 1.0, null, 1.0, 1.0, 4.0, 2.0, 6.0, 1.0, 4.0, 1.0, 5.0, null, 1.0]}, "Gurun": {"baseline": [1.5, 1.6666666666666667, 1.0, 2.0, 1.0, 1.2407407407407407, 2.755952380952381, 1.9726027397260273, 1.5256410256410255, 1.3333333333333333, 1.7848101265822784, 1.3061224489795917, 1.5769230769230769, 2.085714285714286, 2.4477611940298507, 2.1492537313432836, 1.8632478632478633, 1.8854166666666667, 1.7956989247311828, 1.5737704918032787, 1.2272727272727273, 1.3265306122448979, 2.4, 2.0], "baseline_730": [1.5, 1.6666666666666667, 1.0, 2.0, 1.0, 1.2407407407407407, 2.755952380952381, 1.9726027397260273, 1.5256410256410255, 1.3333333333333333, 1.7848101265822784, 1.3061224489795917, 1.5769230769230769, 2.085714285714286, 2.4477611940298507, 2.1492537313432836, 1.8632478632478633, 1.8854166666666667, 1.7956989247311828, 1.5737704918032787, 1.2272727272727273, 1.3265306122448979, 2.4, 2.0], "today": [null, null, null, null, null, 1.0, 5.0, 1.0, null, null, null, null, 1.0, 1.0, 1.0, null, 1.0, null, 1.0, null, 1.0, 1.0, null, null]},