{"service": "komuter_utara", "origin": "Bukit Ketri", "latest_date": "2026-06-30", "destinations": {"Alor Setar": {"baseline": [1.7037037037037037, 1.1111111111111112, 1.0, null, 1.0769230769230769, 1.5384615384615385, 5.032051282051282, 4.50625, 3.876543209876543, 2.142857142857143, 4.697368421052632, 2.9662162162162162, 3.807142857142857, 2.1914893617021276, 3.6587301587301586, 3.1885245901639343, 2.649484536082474, 2.1811023622047245, 2.336, 2.2017543859649122, 1.1612903225806452, 1.74, 1.8333333333333333, null], "baseline_730": [1.7037037037037037, 1.1111111111111112, 1.0, null, 1.0769230769230769, 1.5384615384615385, 5.032051282051282, 4.50625, 3.876543209876543, 2.142857142857143, 4.697368421052632, 2.9662162162162162, 3.807142857142857, 2.1914893617021276, 3.6587301587301586, 3.1885245901639343, 2.649484536082474, 2.1811023622047245, 2.336, 2.2017543859649122, 1.1612903225806452, 1.74, 1.8333333333333333, null], "today": [1.0, null, null, null, null, 1.0, 5.0, 5.0, 7.0, null, null, null, null, 1.0, 2.0, 1.0, null, 1.0, 1.0, 2.0, null, null, null, null]}, "Anak Bukit": {"baseline": [1.3333333333333333, 1.0, 1.0, 1.0, 1.0, 1.3114754098360655, 3.7133333333333334, 2.676470588235294, 1.5922330097087378, 1.1777777777777778, 1.796875, 1.25, 2.1875, 1.4878048780487805, 2.260869565217391, 2.0405405405405403, 1.605263157894737, 1.8706896551724137, 1.5809523809523809, 2.4468085106382977, 1.4642857142857142, 1.2926829268292683, 1.5862068965517242, 1.0], "baseline_730": [1.3333333333333333, 1.0, 1.0, 1.0, 1.0, 1.3114754098360655, 3.7133333333333334, 2.676470588235294, 1.5922330097087378, 1.1777777777777778, 1.796875, 1.25, 2.1875, 1.4878048780487805, 2.260869565217391, 2.0405405405405403, 1.605263157894737, 1.8706896551724137, 1.5809523809523809, 2.4468085106382977, 1.4642857142857142, 1.2926829268292683, 1.5862068965517242, 1.0], "today": [null, null, null, null, null, null, 3.0, 1.0, 3.0, null, null, null, null, null, null, 1.0, null, null, null, 1.0, null, null, null, null]}, "Arau": {"baseline": [2.0, null, null, 1.0, null, 1.0, 1.1929824561403508, 1.3214285714285714, 1.2, 1.0833333333333333, 1.2666666666666666, 1.2307692307692308, 1.2333333333333334, 1.0, 1.4516129032258065, 1.4090909090909092, 1.5454545454545454, 1.3333333333333333, 1.125, 1.375, 1.2222222222222223, 1.0, 1.5, 1.2], "baseline_730": [2.0, null, null, 1.0, null, 1.0, 1.1929824561403508, 1.3214285714285714, 1.2, 1.0833333333333333, 1.2666666666666666, 1.2307692307692308, 1.2333333333333334, 1.0, 1.4516129032258065, 1.4090909090909092, 1.5454545454545454, 1.3333333333333333, 1.125, 1.375, 1.2222222222222223, 1.0, 1.5, 1.2], "today": [null, null, null, null, null, null, 1.0, 1.0, null, null, null, null, null, null, null, null, null, null, null, null, null, null, null, null]}, "Bagan Serai": {"baseline": [1.0, null, null, null, 1.0, 1.0588235294117647, 1.135135135135135, 1.3, 1.5, 1.3, 1.3, 1.2, 1.4615384615384615, 1.5714285714285714, 1.2352941176470589, 1.8571428571428572, 1.5555555555555556, 1.25, 1.0, 1.1428571428571428, 1.0, null, 1.0, null], "baseline_730": [1.0, null, null, null, 1.0, 1.0588235294117647, 1.135135135135135, 1.3, 1.5, 1.3, 1.3, 1.2, 1.4615384615384615, 1.5714285714285714, 1.2352941176470589, 1.8571428571428572, 1.5555555555555556, 1.25, 1.0, 1.1428571428571428, 1.0, null, 1.0, null], "today": [null, null, null, null, null, null, 1.0, null, null, 1.0, null, null, null, null, null, null, null, null, null, null, null, null, null, null]}, "Bukit Ketri": {"baseline": [null, null, null, null, null, null, 1.0, null, 1.0, 1.0, 1.0, 1.0, null, 1.0, 1.0, null, 1.0, 1.0, null, null, 1.0, 1.0, 2.0, 1.0], "baseline_730": [null, null, null, null, null, null, 1.0, null, 1.0, 1.0, 1.0, 1.0, null, 1.0, 1.0, null, 1.0, 1.0, null, null, 1.0, 1.0, 2.0, 1.0], "today": [null, null, null, null, null, null, null, null, null, null, null, null, null, null, null, null, null, null, null, null, null, null, null, null]}, "Bukit Mertajam": {"baseline": [1.5, 1.0, 1.2, 1.0, 1.0, 2.658536585365854, 3.590909090909091, 3.367088607594937, 1.9666666666666666, 1.3571428571428572, 2.3739837398373984, 1.5617977528089888, 2.3684210526315788, 1.5714285714285714, 2.8412698412698414, 2.0454545454545454, 2.267857142857143, 2.3518518518518516, 2.6846153846153844, 2.3333333333333335, 1.7448979591836735, 3.078740157480315, 3.0, 1.4363636363636363], "baseline_730": [1.5, 1.0, 1.2, 1.0, 1.0, 2.658536585365854, 3.590909090909091, 3.367088607594937, 1.9666666666666666, 1.3571428571428572, 2.3739837398373984, 1.5617977528089888, 2.3684210526315788, 1.5714285714285714, 2.8412698412698414, 2.0454545454545454, 2.267857142857143, 2.3518518518518516, 2.6846153846153844, 2.3333333333333335, 1.7448979591836735, 3.078740157480315, 3.0, 1.4363636363636363], "today": [null, null, null, null, null, 2.0, 5.0, 3.0, null, 1.0, null, 3.0, 2.0, null, null, null, 2.0, null, 2.0, null, 3.0, null, null, null]}, "Bukit Tengah": {"baseline": [1.7777777777777777, 1.1333333333333333, 1.0, 1.0, 1.6019417475728155, 5.031847133757962, 5.81875, 6.434523809523809, 2.7338129496402876, 1.5405405405405406, 2.8714285714285714, 1.7627118644067796, 2.6884057971014492, 1.4310344827586208, 2.7928571428571427, 2.1968503937007875, 2.4671532846715327, 2.485294117647059, 3.6474358974358974, 3.3076923076923075, 2.2427184466019416, 5.481012658227848, 9.75, 2.3846153846153846], "baseline_730": [1.7777777777777777, 1.1333333333333333, 1.0, 1.0, 1.6019417475728155, 5.031847133757962, 5.81875, 6.434523809523809, 2.7338129496402876, 1.5405405405405406, 2.8714285714285714, 1.7627118644067796, 2.6884057971014492, 1.4310344827586208, 2.7928571428571427, 2.1968503937007875, 2.4671532846715327, 2.485294117647059, 3.6474358974358974, 3.3076923076923075, 2.2427184466019416, 5.481012658227848, 9.75, 2.3846153846153846], "today": [null, null, null, null, 1.0, 4.0, 9.0, 10.0, 2.0, null, 2.0, 1.0, 2.0, null, 1.0, null, 4.0, null, 1.0, 3.0, null, 2.0, null, null]}, "Butterworth": {"baseline": [1.7916666666666667, 1.375, 1.5, 1.0, 1.5121951219512195, 3.013793103448276, 4.788079470198675, 3.554054054054054, 3.23125, 2.032258064516129, 3.328767123287671, 2.2796610169491527, 3.406896551724138, 1.819672131147541, 3.607142857142857, 2.934959349593496, 3.0330578512396693, 2.779527559055118, 2.7111111111111112, 2.5964912280701755, 1.5822784810126582, 2.5476190476190474, 5.857142857142857, 1.2765957446808511], "baseline_730": [1.7916666666666667, 1.375, 1.5, 1.0, 1.5121951219512195, 3.013793103448276, 4.788079470198675, 3.554054054054054, 3.23125, 2.032258064516129, 3.328767123287671, 2.2796610169491527, 3.406896551724138, 1.819672131147541, 3.607142857142857, 2.934959349593496, 3.0330578512396693, 2.779527559055118, 2.7111111111111112, 2.5964912280701755, 1.5822784810126582, 2.5476190476190474, 5.857142857142857, 1.2765957446808511], "today": [null, null, null, null, null, 5.0, 4.0, 3.0, 1.0, 1.0, 2.0, 2.0, 1.0, null, null, null, 2.0, 1.0, null, 4.0, null, 2.0, null, null]}, "Gurun": {"baseline": [1.5, 1.6666666666666667, 1.0, 2.0, 1.0, 1.2653061224489797, 2.697986577181208, 1.8656716417910448, 1.4583333333333333, 1.3793103448275863, 1.7605633802816902, 1.3255813953488371, 1.608695652173913, 2.0, 2.473684210526316, 1.8771929824561404, 1.8240740740740742, 1.9156626506024097, 1.7710843373493976, 1.6, 1.25, 1.3658536585365855, 3.3333333333333335, null], "baseline_730": [1.5, 1.6666666666666667, 1.0, 2.0, 1.0, 1.2653061224489797, 2.697986577181208, 1.8656716417910448, 1.4583333333333333, 1.3793103448275863, 1.7605633802816902, 1.3255813953488371, 1.608695652173913, 2.0, 2.473684210526316, 1.8771929824561404, 1.8240740740740742, 1.9156626506024097, 1.7710843373493976, 1.6, 1.25, 1.3658536585365855, 3.3333333333333335, null], "today": [null, null, null, null, null, null, 6.0, 2.0, null, null, null, 2.0, null, null, null, null, 2.0, 1.0, 1.0, null, null, null, null, null]},