{"service": "komuter_utara", "origin": "Bukit Ketri", "latest_date": "2026-07-14", "destinations": {"Alor Setar": {"baseline": [1.6451612903225807, 1.1, 1.3333333333333333, null, 1.0714285714285714, 1.5689655172413792, 5.027932960893855, 4.585635359116022, 3.7945945945945945, 2.063380281690141, 4.7604790419161676, 2.9390243902439024, 3.761006289308176, 2.1363636363636362, 3.54421768707483, 3.072463768115942, 2.537037037037037, 2.2260273972602738, 2.2569444444444446, 2.1875, 1.1470588235294117, 1.6981132075471699, 1.813953488372093, null], "baseline_730": [1.6451612903225807, 1.1, 1.3333333333333333, null, 1.0714285714285714, 1.5689655172413792, 5.027932960893855, 4.585635359116022, 3.7945945945945945, 2.063380281690141, 4.7604790419161676, 2.9390243902439024, 3.761006289308176, 2.1363636363636362, 3.54421768707483, 3.072463768115942, 2.537037037037037, 2.2260273972602738, 2.2569444444444446, 2.1875, 1.1470588235294117, 1.6981132075471699, 1.813953488372093, null], "today": [1.0, null, null, null, null, null, 4.0, 6.0, 4.0, null, 3.0, 1.0, 1.0, 1.0, null, 3.0, null, 1.0, 8.0, 1.0, null, null, null, null]}, "Anak Bukit": {"baseline": [1.3333333333333333, 1.0, 1.0, 1.0, 1.0, 1.295774647887324, 3.796511627906977, 2.6556291390728477, 1.6016949152542372, 1.2244897959183674, 1.7297297297297298, 1.325, 2.142857142857143, 1.5116279069767442, 2.364864864864865, 2.0238095238095237, 1.6551724137931034, 1.8473282442748091, 1.5585585585585586, 2.5, 1.3888888888888888, 1.2857142857142858, 1.5666666666666667, 1.0], "baseline_730": [1.3333333333333333, 1.0, 1.0, 1.0, 1.0, 1.295774647887324, 3.796511627906977, 2.6556291390728477, 1.6016949152542372, 1.2244897959183674, 1.7297297297297298, 1.325, 2.142857142857143, 1.5116279069767442, 2.364864864864865, 2.0238095238095237, 1.6551724137931034, 1.8473282442748091, 1.5585585585585586, 2.5, 1.3888888888888888, 1.2857142857142858, 1.5666666666666667, 1.0], "today": [null, null, null, null, null, 1.0, 4.0, 3.0, null, null, null, 1.0, null, null, null, null, null, 1.0, 1.0, 1.0, null, null, null, null]}, "Arau": {"baseline": [2.0, null, null, 1.0, null, 1.0, 1.1911764705882353, 1.275, 1.1666666666666667, 1.0833333333333333, 1.2222222222222223, 1.2307692307692308, 1.2352941176470589, 1.0, 1.4242424242424243, 1.36, 1.5384615384615385, 1.4444444444444444, 1.125, 1.375, 1.2222222222222223, 1.0, 1.4, 1.1428571428571428], "baseline_730": [2.0, null, null, 1.0, null, 1.0, 1.1911764705882353, 1.275, 1.1666666666666667, 1.0833333333333333, 1.2222222222222223, 1.2307692307692308, 1.2352941176470589, 1.0, 1.4242424242424243, 1.36, 1.5384615384615385, 1.4444444444444444, 1.125, 1.375, 1.2222222222222223, 1.0, 1.4, 1.1428571428571428], "today": [null, null, null, null, null, null, null, 1.0, null, null, null, null, null, null, null, null, null, null, null, null, null, null, null, null]}, "Bagan Serai": {"baseline": [1.0, null, null, null, 1.0, 1.0512820512820513, 1.1333333333333333, 1.3333333333333333, 1.5, 1.25, 1.2608695652173914, 1.2, 1.4615384615384615, 1.4444444444444444, 1.2857142857142858, 1.75, 1.5714285714285714, 1.411764705882353, 1.0, 1.2, 1.0, null, 1.0, null], "baseline_730": [1.0, null, null, null, 1.0, 1.0512820512820513, 1.1333333333333333, 1.3333333333333333, 1.5, 1.25, 1.2608695652173914, 1.2, 1.4615384615384615, 1.4444444444444444, 1.2857142857142858, 1.75, 1.5714285714285714, 1.411764705882353, 1.0, 1.2, 1.0, null, 1.0, null], "today": [null, null, null, null, null, null, 1.0, null, null, null, null, null, null, null, null, null, null, null, null, null, null, null, null, null]}, "Bukit Ketri": {"baseline": [null, null, null, null, null, null, 1.0, null, 1.0, 1.0, 1.0, 1.0, null, 1.0, 1.0, null, 1.0, 1.0, null, null, 1.0, 1.0, 2.0, 1.0], "baseline_730": [null, null, null, null, null, null, 1.0, null, 1.0, 1.0, 1.0, 1.0, null, 1.0, 1.0, null, 1.0, 1.0, null, null, 1.0, 1.0, 2.0, 1.0], "today": [null, null, null, null, null, null, null, null, null, null, null, null, null, null, null, null, null, null, null, null, null, null, null, null]}, "Bukit Mertajam": {"baseline": [1.5, 1.0, 1.2, 1.0, 1.0, 2.642857142857143, 3.585227272727273, 3.3184357541899443, 2.00990099009901, 1.358695652173913, 2.386861313868613, 1.638095238095238, 2.32, 1.55, 2.7847222222222223, 2.0, 2.1923076923076925, 2.3361344537815127, 2.6375838926174495, 2.2892561983471076, 1.7478260869565216, 3.0211267605633805, 3.0, 1.46875], "baseline_730": [1.5, 1.0, 1.2, 1.0, 1.0, 2.642857142857143, 3.585227272727273, 3.3184357541899443, 2.00990099009901, 1.358695652173913, 2.386861313868613, 1.638095238095238, 2.32, 1.55, 2.7847222222222223, 2.0, 2.1923076923076925, 2.3361344537815127, 2.6375838926174495, 2.2892561983471076, 1.7478260869565216, 3.0211267605633805, 3.0, 1.46875], "today": [null, null, null, null, 1.0, 2.0, 6.0, 5.0, 1.0, 2.0, 3.0, 4.0, null, null, null, null, null, 7.0, null, 1.0, null, 2.0, null, 1.0]}, "Bukit Tengah": {"baseline": [1.736842105263158, 1.125, 1.0, 1.0, 1.5583333333333333, 4.943820224719101, 6.032967032967033, 6.664921465968586, 2.7025316455696204, 1.524390243902439, 2.880503144654088, 1.7407407407407407, 2.6149068322981366, 1.523076923076923, 2.8518518518518516, 2.132867132867133, 2.4713375796178343, 2.5064935064935066, 3.7344632768361583, 3.3197278911564627, 2.2857142857142856, 5.424581005586592, 9.75, 2.393162393162393], "baseline_730": [1.736842105263158, 1.125, 1.0, 1.0, 1.5583333333333333, 4.943820224719101, 6.032967032967033, 6.664921465968586, 2.7025316455696204, 1.524390243902439, 2.880503144654088, 1.7407407407407407, 2.6149068322981366, 1.523076923076923, 2.8518518518518516, 2.132867132867133, 2.4713375796178343, 2.5064935064935066, 3.7344632768361583, 3.3197278911564627, 2.2857142857142856, 5.424581005586592, 9.75, 2.393162393162393], "today": [null, null, null, null, 1.0, 2.0, 9.0, 5.0, 3.0, 2.0, 2.0, 4.0, 3.0, null, 2.0, null, 2.0, 2.0, 3.0, 1.0, 1.0, 6.0, null, null]}, "Butterworth": {"baseline": [1.7857142857142858, 1.3529411764705883, 1.375, 1.0, 1.4772727272727273, 3.176829268292683, 4.786127167630058, 3.552941176470588, 3.226519337016575, 1.9541284403669725, 3.2822085889570554, 2.2962962962962963, 3.3975155279503104, 1.7727272727272727, 3.5093167701863353, 2.8970588235294117, 2.9635036496350367, 2.711267605633803, 2.6953642384105962, 2.5801526717557253, 1.6888888888888889, 2.5774647887323945, 5.25, 1.309090909090909], "baseline_730": [1.7857142857142858, 1.3529411764705883, 1.375, 1.0, 1.4772727272727273, 3.176829268292683, 4.786127167630058, 3.552941176470588, 3.226519337016575, 1.9541284403669725, 3.2822085889570554, 2.2962962962962963, 3.3975155279503104, 1.7727272727272727, 3.5093167701863353, 2.8970588235294117, 2.9635036496350367, 2.711267605633803, 2.6953642384105962, 2.5801526717557253, 1.6888888888888889, 2.5774647887323945, 5.25, 1.309090909090909], "today": [null, null, null, null, null, 7.0, 7.0, 2.0, 8.0, 1.0, 2.0, 2.0, 2.0, 2.0, 2.0, null, 1.0, 4.0, null, 1.0, null, 1.0, null, 1.0]}, "Gurun": {"baseline": [1.5, 1.6666666666666667, 1.0, 2.0, 1.0, 1.2363636363636363, 2.7823529411764705, 1.9594594594594594, 1.5443037974683544, 1.3333333333333333, 1.7848101265822784, 1.3, 1.5696202531645569, 2.0555555555555554, 2.4057971014492754, 2.1492537313432836, 1.8559322033898304, 1.8865979381443299, 1.7872340425531914, 1.5737704918032787, 1.2222222222222223, 1.3137254901960784, 2.4, 2.0], "baseline_730": [1.5, 1.6666666666666667, 1.0, 2.0, 1.0, 1.2363636363636363, 2.7823529411764705, 1.9594594594594594, 1.5443037974683544, 1.3333333333333333, 1.7848101265822784, 1.3, 1.5696202531645569, 2.0555555555555554, 2.4057971014492754, 2.1492537313432836, 1.8559322033898304, 1.8865979381443299, 1.7872340425531914, 1.5737704918032787, 1.2222222222222223, 1.3137254901960784, 2.4, 2.0], "today": [null, null, null, null, null, 2.0, 2.0, null, null, null, null, null, null, null, 1.0, 3.0, null, null, null, 1.0, null, null, null, null]},