{"service": "komuter_utara", "origin": "Bukit Ketri", "latest_date": "2026-07-15", "destinations": {"Alor Setar": {"baseline": [1.625, 1.1, 1.3333333333333333, null, 1.0714285714285714, 1.5689655172413792, 5.022222222222222, 4.593406593406593, 3.795698924731183, 2.063380281690141, 4.75, 2.9272727272727272, 3.74375, 2.126126126126126, 3.54421768707483, 3.0719424460431655, 2.537037037037037, 2.2176870748299318, 2.296551724137931, 2.1782945736434107, 1.1470588235294117, 1.6981132075471699, 1.813953488372093, null], "baseline_730": [1.625, 1.1, 1.3333333333333333, null, 1.0714285714285714, 1.5689655172413792, 5.022222222222222, 4.593406593406593, 3.795698924731183, 2.063380281690141, 4.75, 2.9272727272727272, 3.74375, 2.126126126126126, 3.54421768707483, 3.0719424460431655, 2.537037037037037, 2.2176870748299318, 2.296551724137931, 2.1782945736434107, 1.1470588235294117, 1.6981132075471699, 1.813953488372093, null], "today": [null, null, null, null, null, 1.0, 5.0, 4.0, 4.0, 1.0, 4.0, 5.0, null, 1.0, 6.0, 3.0, 1.0, 3.0, 2.0, null, null, null, null, null]}, "Anak Bukit": {"baseline": [1.3333333333333333, 1.0, 1.0, 1.0, 1.0, 1.2916666666666667, 3.7976878612716765, 2.6578947368421053, 1.6016949152542372, 1.2244897959183674, 1.7297297297297298, 1.3209876543209877, 2.142857142857143, 1.5116279069767442, 2.364864864864865, 2.0238095238095237, 1.6551724137931034, 1.8409090909090908, 1.5535714285714286, 2.485981308411215, 1.3888888888888888, 1.2857142857142858, 1.5666666666666667, 1.0], "baseline_730": [1.3333333333333333, 1.0, 1.0, 1.0, 1.0, 1.2916666666666667, 3.7976878612716765, 2.6578947368421053, 1.6016949152542372, 1.2244897959183674, 1.7297297297297298, 1.3209876543209877, 2.142857142857143, 1.5116279069767442, 2.364864864864865, 2.0238095238095237, 1.6551724137931034, 1.8409090909090908, 1.5535714285714286, 2.485981308411215, 1.3888888888888888, 1.2857142857142858, 1.5666666666666667, 1.0], "today": [null, null, null, null, null, 1.0, 4.0, 2.0, 2.0, null, null, 1.0, null, null, null, 1.0, null, 2.0, null, null, null, null, null, null]}, "Arau": {"baseline": [2.0, null, null, 1.0, null, 1.0, 1.1911764705882353, 1.2682926829268293, 1.1666666666666667, 1.0833333333333333, 1.2222222222222223, 1.2307692307692308, 1.2352941176470589, 1.0, 1.4242424242424243, 1.36, 1.5384615384615385, 1.4444444444444444, 1.125, 1.375, 1.2222222222222223, 1.0, 1.4, 1.1428571428571428], "baseline_730": [2.0, null, null, 1.0, null, 1.0, 1.1911764705882353, 1.2682926829268293, 1.1666666666666667, 1.0833333333333333, 1.2222222222222223, 1.2307692307692308, 1.2352941176470589, 1.0, 1.4242424242424243, 1.36, 1.5384615384615385, 1.4444444444444444, 1.125, 1.375, 1.2222222222222223, 1.0, 1.4, 1.1428571428571428], "today": [null, null, null, null, null, 1.0, null, null, null, null, null, null, null, null, null, null, null, null, null, null, null, null, null, null]}, "Bagan Serai": {"baseline": [1.0, null, null, null, 1.0, 1.0512820512820513, 1.1304347826086956, 1.3333333333333333, 1.5, 1.25, 1.2608695652173914, 1.2, 1.4615384615384615, 1.4444444444444444, 1.2857142857142858, 1.75, 1.5714285714285714, 1.411764705882353, 1.0, 1.2, 1.0, null, 1.0, null], "baseline_730": [1.0, null, null, null, 1.0, 1.0512820512820513, 1.1304347826086956, 1.3333333333333333, 1.5, 1.25, 1.2608695652173914, 1.2, 1.4615384615384615, 1.4444444444444444, 1.2857142857142858, 1.75, 1.5714285714285714, 1.411764705882353, 1.0, 1.2, 1.0, null, 1.0, null], "today": [null, null, null, null, null, null, null, null, null, null, null, null, null, null, null, null, null, null, null, null, 1.0, null, null, null]}, "Bukit Ketri": {"baseline": [null, null, null, null, null, null, 1.0, null, 1.0, 1.0, 1.0, 1.0, null, 1.0, 1.0, null, 1.0, 1.0, null, null, 1.0, 1.0, 2.0, 1.0], "baseline_730": [null, null, null, null, null, null, 1.0, null, 1.0, 1.0, 1.0, 1.0, null, 1.0, 1.0, null, 1.0, 1.0, null, null, 1.0, 1.0, 2.0, 1.0], "today": [null, null, null, null, null, null, null, null, null, null, null, null, null, null, null, null, null, null, null, null, null, null, null, null]}, "Bukit Mertajam": {"baseline": [1.5, 1.0, 1.2, 1.0, 1.0, 2.6382978723404253, 3.598870056497175, 3.327777777777778, 2.0, 1.3655913978494623, 2.391304347826087, 1.6603773584905661, 2.32, 1.55, 2.7847222222222223, 2.0, 2.1923076923076925, 2.375, 2.6375838926174495, 2.278688524590164, 1.7478260869565216, 3.013986013986014, 3.0, 1.4615384615384615], "baseline_730": [1.5, 1.0, 1.2, 1.0, 1.0, 2.6382978723404253, 3.598870056497175, 3.327777777777778, 2.0, 1.3655913978494623, 2.391304347826087, 1.6603773584905661, 2.32, 1.55, 2.7847222222222223, 2.0, 2.1923076923076925, 2.375, 2.6375838926174495, 2.278688524590164, 1.7478260869565216, 3.013986013986014, 3.0, 1.4615384615384615], "today": [null, null, null, null, null, 2.0, 1.0, 5.0, null, null, null, 2.0, null, null, 1.0, null, 2.0, 1.0, 1.0, null, null, 3.0, null, null]}, "Bukit Tengah": {"baseline": [1.736842105263158, 1.125, 1.0, 1.0, 1.5537190082644627, 4.927374301675978, 6.049180327868853, 6.65625, 2.7044025157232703, 1.5301204819277108, 2.875, 1.7573529411764706, 2.617283950617284, 1.523076923076923, 2.8466257668711656, 2.132867132867133, 2.4683544303797467, 2.503225806451613, 3.730337078651685, 3.304054054054054, 2.274336283185841, 5.427777777777778, 9.75, 2.393162393162393], "baseline_730": [1.736842105263158, 1.125, 1.0, 1.0, 1.5537190082644627, 4.927374301675978, 6.049180327868853, 6.65625, 2.7044025157232703, 1.5301204819277108, 2.875, 1.7573529411764706, 2.617283950617284, 1.523076923076923, 2.8466257668711656, 2.132867132867133, 2.4683544303797467, 2.503225806451613, 3.730337078651685, 3.304054054054054, 2.274336283185841, 5.427777777777778, 9.75, 2.393162393162393], "today": [null, null, null, null, 2.0, 6.0, 10.0, 6.0, 1.0, 2.0, null, 3.0, 2.0, null, 2.0, null, null, 3.0, 3.0, 1.0, 1.0, 2.0, null, null]}, "Butterworth": {"baseline": [1.7857142857142858, 1.3529411764705883, 1.375, 1.0, 1.4772727272727273, 3.2, 4.7988505747126435, 3.543859649122807, 3.2527472527472527, 1.9454545454545455, 3.274390243902439, 2.2941176470588234, 3.388888888888889, 1.7761194029850746, 3.5, 2.8970588235294117, 2.949275362318841, 2.7202797202797204, 2.6953642384105962, 2.5681818181818183, 1.6888888888888889, 2.5664335664335662, 5.25, 1.3035714285714286], "baseline_730": [1.7857142857142858, 1.3529411764705883, 1.375, 1.0, 1.4772727272727273, 3.2, 4.7988505747126435, 3.543859649122807, 3.2527472527472527, 1.9454545454545455, 3.274390243902439, 2.2941176470588234, 3.388888888888889, 1.7761194029850746, 3.5, 2.8970588235294117, 2.949275362318841, 2.7202797202797204, 2.6953642384105962, 2.5681818181818183, 1.6888888888888889, 2.5664335664335662, 5.25, 1.3035714285714286], "today": [1.0, 3.0, null, null, null, 5.0, 3.0, 1.0, 2.0, 1.0, null, 1.0, null, null, null, 1.0, 1.0, 1.0, 1.0, 1.0, 3.0, null, null, null]}, "Gurun": {"baseline": [1.5, 1.6666666666666667, 1.0, 2.0, 1.0, 1.25, 2.7777777777777777, 1.9594594594594594, 1.5443037974683544, 1.3333333333333333, 1.7848101265822784, 1.3, 1.5696202531645569, 2.0555555555555554, 2.3857142857142857, 2.161764705882353, 1.8559322033898304, 1.8865979381443299, 1.7872340425531914, 1.564516129032258, 1.2222222222222223, 1.3137254901960784, 2.4, 2.0], "baseline_730": [1.5, 1.6666666666666667, 1.0, 2.0, 1.0, 1.25, 2.7777777777777777, 1.9594594594594594, 1.5443037974683544, 1.3333333333333333, 1.7848101265822784, 1.3, 1.5696202531645569, 2.0555555555555554, 2.3857142857142857, 2.161764705882353, 1.8559322033898304, 1.8865979381443299, 1.7872340425531914, 1.564516129032258, 1.2222222222222223, 1.3137254901960784, 2.4, 2.0], "today": [null, null, null, null, null, 1.0, 4.0, 1.0, null, null, null, 1.0, 1.0, null, null, null, 1.0, 2.0, 1.0, null, null, null, null, null]},