{"service": "komuter_utara", "origin": "Bukit Ketri", "latest_date": "2026-06-20", "destinations": {"Alor Setar": {"baseline": [1.7037037037037037, 1.1111111111111112, 1.0, null, 1.0769230769230769, 1.5392156862745099, 5.01948051948052, 4.528662420382165, 3.8867924528301887, 2.1451612903225805, 4.677852348993288, 2.9793103448275864, 3.818840579710145, 2.1914893617021276, 3.7016129032258065, 3.2100840336134455, 2.6458333333333335, 2.176, 2.360655737704918, 2.185840707964602, 1.1612903225806452, 1.7346938775510203, 1.8333333333333333, null], "baseline_730": [1.7037037037037037, 1.1111111111111112, 1.0, null, 1.0769230769230769, 1.5392156862745099, 5.01948051948052, 4.528662420382165, 3.8867924528301887, 2.1451612903225805, 4.677852348993288, 2.9793103448275864, 3.818840579710145, 2.1914893617021276, 3.7016129032258065, 3.2100840336134455, 2.6458333333333335, 2.176, 2.360655737704918, 2.185840707964602, 1.1612903225806452, 1.7346938775510203, 1.8333333333333333, null], "today": [null, null, null, null, null, null, null, 3.0, 3.0, 3.0, 11.0, 2.0, 3.0, null, 1.0, 1.0, null, 4.0, 1.0, 4.0, null, 2.0, null, null]}, "Anak Bukit": {"baseline": [1.3333333333333333, 1.0, 1.0, 1.0, 1.0, 1.3220338983050848, 3.7210884353741496, 2.671641791044776, 1.603960396039604, 1.186046511627907, 1.8360655737704918, 1.2575757575757576, 2.2063492063492065, 1.4878048780487805, 2.2794117647058822, 2.0547945205479454, 1.6133333333333333, 1.8782608695652174, 1.5769230769230769, 2.4782608695652173, 1.4814814814814814, 1.3, 1.5862068965517242, 1.0], "baseline_730": [1.3333333333333333, 1.0, 1.0, 1.0, 1.0, 1.3220338983050848, 3.7210884353741496, 2.671641791044776, 1.603960396039604, 1.186046511627907, 1.8360655737704918, 1.2575757575757576, 2.2063492063492065, 1.4878048780487805, 2.2794117647058822, 2.0547945205479454, 1.6133333333333333, 1.8782608695652174, 1.5769230769230769, 2.4782608695652173, 1.4814814814814814, 1.3, 1.5862068965517242, 1.0], "today": [null, null, 1.0, null, null, null, 1.0, 2.0, 1.0, null, 1.0, 1.0, 1.0, null, null, null, null, 1.0, 2.0, 1.0, 1.0, null, null, 1.0]}, "Arau": {"baseline": [2.0, null, null, 1.0, null, 1.0, 1.1785714285714286, 1.3333333333333333, 1.2142857142857142, 1.0833333333333333, 1.2857142857142858, 1.2307692307692308, 1.2333333333333334, 1.0, 1.4666666666666666, 1.4090909090909092, 1.5454545454545454, 1.3333333333333333, 1.125, 1.375, 1.2222222222222223, 1.0, 1.5, 1.2], "baseline_730": [2.0, null, null, 1.0, null, 1.0, 1.1785714285714286, 1.3333333333333333, 1.2142857142857142, 1.0833333333333333, 1.2857142857142858, 1.2307692307692308, 1.2333333333333334, 1.0, 1.4666666666666666, 1.4090909090909092, 1.5454545454545454, 1.3333333333333333, 1.125, 1.375, 1.2222222222222223, 1.0, 1.5, 1.2], "today": [null, null, null, null, null, null, null, null, null, null, null, null, null, null, null, null, null, null, null, null, null, null, null, null]}, "Bagan Serai": {"baseline": [1.0, null, null, null, 1.0, 1.0588235294117647, 1.135135135135135, 1.3103448275862069, 1.5, 1.3, 1.3157894736842106, 1.2, 1.4615384615384615, 1.5714285714285714, 1.2352941176470589, 1.8571428571428572, 1.588235294117647, 1.1818181818181819, 1.0, 1.1428571428571428, 1.0, null, 1.0, null], "baseline_730": [1.0, null, null, null, 1.0, 1.0588235294117647, 1.135135135135135, 1.3103448275862069, 1.5, 1.3, 1.3157894736842106, 1.2, 1.4615384615384615, 1.5714285714285714, 1.2352941176470589, 1.8571428571428572, 1.588235294117647, 1.1818181818181819, 1.0, 1.1428571428571428, 1.0, null, 1.0, null], "today": [null, null, null, null, null, null, null, 1.0, null, null, null, null, null, null, null, null, null, null, null, null, null, null, null, null]}, "Bukit Ketri": {"baseline": [null, null, null, null, null, null, 1.0, null, 1.0, 1.0, 1.0, 1.0, null, 1.0, 1.0, null, 1.0, 1.0, null, null, 1.0, 1.0, 2.0, 1.0], "baseline_730": [null, null, null, null, null, null, 1.0, null, 1.0, 1.0, 1.0, 1.0, null, 1.0, 1.0, null, 1.0, 1.0, null, null, 1.0, 1.0, 2.0, 1.0], "today": [null, null, null, null, null, null, null, null, null, null, null, null, null, null, null, null, null, null, null, null, null, null, null, null]}, "Bukit Mertajam": {"baseline": [1.5, 1.0, 1.2, 1.0, 1.0, 2.6065573770491803, 3.576158940397351, 3.3483870967741933, 1.9775280898876404, 1.3703703703703705, 2.3884297520661155, 1.5348837209302326, 2.3628318584070795, 1.574468085106383, 2.8536585365853657, 2.057471264367816, 2.238532110091743, 2.2990654205607477, 2.671875, 2.3461538461538463, 1.7291666666666667, 3.064516129032258, 3.0, 1.4150943396226414], "baseline_730": [1.5, 1.0, 1.2, 1.0, 1.0, 2.6065573770491803, 3.576158940397351, 3.3483870967741933, 1.9775280898876404, 1.3703703703703705, 2.3884297520661155, 1.5348837209302326, 2.3628318584070795, 1.574468085106383, 2.8536585365853657, 2.057471264367816, 2.238532110091743, 2.2990654205607477, 2.671875, 2.3461538461538463, 1.7291666666666667, 3.064516129032258, 3.0, 1.4150943396226414], "today": [null, null, null, null, null, null, 2.0, 5.0, 1.0, 1.0, 2.0, 4.0, null, null, 4.0, null, 2.0, null, null, null, null, 1.0, null, null]}, "Bukit Tengah": {"baseline": [1.7777777777777777, 1.1333333333333333, 1.0, 1.0, 1.588235294117647, 4.961290322580645, 5.796178343949045, 6.418181818181818, 2.7518248175182483, 1.547945205479452, 2.9051094890510947, 1.7739130434782608, 2.713235294117647, 1.4385964912280702, 2.7737226277372264, 2.208, 2.4592592592592593, 2.4925373134328357, 3.6233766233766236, 3.3125, 2.217821782178218, 5.374193548387097, 9.75, 2.396039603960396], "baseline_730": [1.7777777777777777, 1.1333333333333333, 1.0, 1.0, 1.588235294117647, 4.961290322580645, 5.796178343949045, 6.418181818181818, 2.7518248175182483, 1.547945205479452, 2.9051094890510947, 1.7739130434782608, 2.713235294117647, 1.4385964912280702, 2.7737226277372264, 2.208, 2.4592592592592593, 2.4925373134328357, 3.6233766233766236, 3.3125, 2.217821782178218, 5.374193548387097, 9.75, 2.396039603960396], "today": [null, null, null, null, null, null, 3.0, 3.0, null, null, 1.0, 1.0, 1.0, null, 3.0, 2.0, null, 1.0, 4.0, 2.0, 3.0, 4.0, null, 1.0]}, "Butterworth": {"baseline": [1.7391304347826086, 1.375, 1.5, 1.0, 1.525, 2.964788732394366, 4.79054054054054, 3.503448275862069, 3.2356687898089174, 2.032608695652174, 3.335664335664336, 2.2735042735042734, 3.4225352112676055, 1.819672131147541, 3.630434782608696, 2.9344262295081966, 3.059322033898305, 2.776, 2.6842105263157894, 2.5675675675675675, 1.5844155844155845, 2.524193548387097, 5.857142857142857, 1.2826086956521738], "baseline_730": [1.7391304347826086, 1.375, 1.5, 1.0, 1.525, 2.964788732394366, 4.79054054054054, 3.503448275862069, 3.2356687898089174, 2.032608695652174, 3.335664335664336, 2.2735042735042734, 3.4225352112676055, 1.819672131147541, 3.630434782608696, 2.9344262295081966, 3.059322033898305, 2.776, 2.6842105263157894, 2.5675675675675675, 1.5844155844155845, 2.524193548387097, 5.857142857142857, 1.2826086956521738], "today": [3.0, null, null, null, 1.0, 6.0, 2.0, 9.0, 3.0, 2.0, 3.0, null, 1.0, null, 2.0, null, 1.0, null, 2.0, 1.0, null, 1.0, null, null]}, "Gurun": {"baseline": [1.5, 1.6666666666666667, 1.0, 2.0, 1.0, 1.2765957446808511, 2.7142857142857144, 1.84375, 1.457142857142857, 1.3793103448275863, 1.7714285714285714, 1.3255813953488371, 1.5970149253731343, 2.03125, 2.473684210526316, 1.8771929824561404, 1.8240740740740742, 1.9268292682926829, 1.7804878048780488, 1.6111111111111112, 1.25, 1.375, 4.5, null], "baseline_730": [1.5, 1.6666666666666667, 1.0, 2.0, 1.0, 1.2765957446808511, 2.7142857142857144, 1.84375, 1.457142857142857, 1.3793103448275863, 1.7714285714285714, 1.3255813953488371, 1.5970149253731343, 2.03125, 2.473684210526316, 1.8771929824561404, 1.8240740740740742, 1.9268292682926829, 1.7804878048780488, 1.6111111111111112, 1.25, 1.375, 4.5, null], "today": [null, null, null, null, null, 1.0, null, 4.0, 2.0, null, 1.0, null, 1.0, 1.0, null, null, null, null, 1.0, 1.0, null, 1.0, null, null]},