{"service": "komuter_utara", "origin": "Bukit Ketri", "latest_date": "2026-06-18", "destinations": {"Alor Setar": {"baseline": [1.7037037037037037, 1.1111111111111112, 1.0, null, 1.0769230769230769, 1.55, 5.0131578947368425, 4.561290322580645, 3.917197452229299, 2.1463414634146343, 4.714285714285714, 2.986013986013986, 3.795620437956204, 2.204301075268817, 3.7235772357723578, 3.2033898305084745, 2.642105263157895, 2.178861788617886, 2.35, 2.189189189189189, 1.1612903225806452, 1.7346938775510203, 1.853658536585366, null], "baseline_730": [1.7037037037037037, 1.1111111111111112, 1.0, null, 1.0769230769230769, 1.55, 5.0131578947368425, 4.561290322580645, 3.917197452229299, 2.1463414634146343, 4.714285714285714, 2.986013986013986, 3.795620437956204, 2.204301075268817, 3.7235772357723578, 3.2033898305084745, 2.642105263157895, 2.178861788617886, 2.35, 2.189189189189189, 1.1612903225806452, 1.7346938775510203, 1.853658536585366, null], "today": [null, null, null, null, null, 1.0, 6.0, 3.0, 2.0, null, 2.0, 2.0, null, 1.0, null, null, null, 1.0, 5.0, 2.0, null, null, null, null]}, "Anak Bukit": {"baseline": [1.3333333333333333, 1.0, 1.0, 1.0, 1.0, 1.3220338983050848, 3.731034482758621, 2.6842105263157894, 1.6, 1.1951219512195121, 1.8305084745762712, 1.265625, 2.225806451612903, 1.5, 2.298507462686567, 2.0277777777777777, 1.6081081081081081, 1.8672566371681416, 1.5825242718446602, 2.4444444444444446, 1.5, 1.3, 1.5862068965517242, 1.0], "baseline_730": [1.3333333333333333, 1.0, 1.0, 1.0, 1.0, 1.3220338983050848, 3.731034482758621, 2.6842105263157894, 1.6, 1.1951219512195121, 1.8305084745762712, 1.265625, 2.225806451612903, 1.5, 2.298507462686567, 2.0277777777777777, 1.6081081081081081, 1.8672566371681416, 1.5825242718446602, 2.4444444444444446, 1.5, 1.3, 1.5862068965517242, 1.0], "today": [null, null, null, null, null, null, 3.0, 1.0, 2.0, 1.0, 2.0, 1.0, null, null, null, null, 2.0, 3.0, null, 7.0, null, null, null, null]}, "Arau": {"baseline": [2.0, null, null, 1.0, null, 1.0, 1.1785714285714286, 1.3333333333333333, 1.2142857142857142, 1.0909090909090908, 1.2857142857142858, 1.2307692307692308, 1.2333333333333334, 1.0, 1.4666666666666666, 1.4090909090909092, 1.5454545454545454, 1.3478260869565217, 1.125, 1.375, 1.2222222222222223, 1.0, 1.5, 1.2], "baseline_730": [2.0, null, null, 1.0, null, 1.0, 1.1785714285714286, 1.3333333333333333, 1.2142857142857142, 1.0909090909090908, 1.2857142857142858, 1.2307692307692308, 1.2333333333333334, 1.0, 1.4666666666666666, 1.4090909090909092, 1.5454545454545454, 1.3478260869565217, 1.125, 1.375, 1.2222222222222223, 1.0, 1.5, 1.2], "today": [null, null, null, null, null, null, null, null, null, null, null, null, null, null, null, null, null, 1.0, null, null, null, null, null, null]}, "Bagan Serai": {"baseline": [1.0, null, null, null, 1.0, 1.0606060606060606, 1.135135135135135, 1.3103448275862069, 1.5, 1.3, 1.3157894736842106, 1.2, 1.4615384615384615, 1.5714285714285714, 1.2352941176470589, 1.8571428571428572, 1.588235294117647, 1.1818181818181819, 1.0, 1.1428571428571428, 1.0, null, 1.0, null], "baseline_730": [1.0, null, null, null, 1.0, 1.0606060606060606, 1.135135135135135, 1.3103448275862069, 1.5, 1.3, 1.3157894736842106, 1.2, 1.4615384615384615, 1.5714285714285714, 1.2352941176470589, 1.8571428571428572, 1.588235294117647, 1.1818181818181819, 1.0, 1.1428571428571428, 1.0, null, 1.0, null], "today": [null, null, null, null, null, 1.0, null, null, null, null, null, null, null, null, null, null, null, null, null, null, null, null, null, null]}, "Bukit Ketri": {"baseline": [null, null, null, null, null, null, 1.0, null, 1.0, 1.0, 1.0, 1.0, null, 1.0, 1.0, null, 1.0, 1.0, null, null, 1.0, 1.0, 2.0, 1.0], "baseline_730": [null, null, null, null, null, null, 1.0, null, 1.0, 1.0, 1.0, 1.0, null, 1.0, 1.0, null, 1.0, 1.0, null, null, 1.0, 1.0, 2.0, 1.0], "today": [null, null, null, null, null, null, null, null, null, null, null, null, null, null, null, null, null, null, null, null, null, null, null, null]}, "Bukit Mertajam": {"baseline": [1.5, 1.0, 1.2, 1.0, 1.0, 2.6166666666666667, 3.6040268456375837, 3.3529411764705883, 1.9659090909090908, 1.375, 2.4, 1.5411764705882354, 2.3660714285714284, 1.5869565217391304, 2.8536585365853657, 2.070588235294118, 2.240740740740741, 2.30188679245283, 2.6825396825396823, 2.343137254901961, 1.7446808510638299, 3.0813008130081303, 3.6666666666666665, 1.4230769230769231], "baseline_730": [1.5, 1.0, 1.2, 1.0, 1.0, 2.6166666666666667, 3.6040268456375837, 3.3529411764705883, 1.9659090909090908, 1.375, 2.4, 1.5411764705882354, 2.3660714285714284, 1.5869565217391304, 2.8536585365853657, 2.070588235294118, 2.240740740740741, 2.30188679245283, 2.6825396825396823, 2.343137254901961, 1.7446808510638299, 3.0813008130081303, 3.6666666666666665, 1.4230769230769231], "today": [null, null, null, null, null, 2.0, 2.0, 3.0, null, 1.0, null, 1.0, null, 1.0, null, 2.0, 2.0, null, 1.0, 3.0, 1.0, null, null, 1.0]}, "Bukit Tengah": {"baseline": [1.7777777777777777, 1.1333333333333333, 1.0, 1.0, 1.6, 4.961038961038961, 5.787096774193548, 6.380368098159509, 2.748148148148148, 1.5492957746478873, 2.9185185185185185, 1.780701754385965, 2.716417910447761, 1.4464285714285714, 2.7737226277372264, 2.208, 2.473684210526316, 2.507575757575758, 3.6578947368421053, 3.3070866141732282, 2.217821782178218, 5.383116883116883, 9.75, 2.41], "baseline_730": [1.7777777777777777, 1.1333333333333333, 1.0, 1.0, 1.6, 4.961038961038961, 5.787096774193548, 6.380368098159509, 2.748148148148148, 1.5492957746478873, 2.9185185185185185, 1.780701754385965, 2.716417910447761, 1.4464285714285714, 2.7737226277372264, 2.208, 2.473684210526316, 2.507575757575758, 3.6578947368421053, 3.3070866141732282, 2.217821782178218, 5.383116883116883, 9.75, 2.41], "today": [null, null, null, 1.0, 1.0, 5.0, 4.0, 11.0, 3.0, 1.0, 1.0, 1.0, 2.0, null, null, null, 2.0, 1.0, 1.0, null, null, 4.0, null, null]}, "Butterworth": {"baseline": [1.7391304347826086, 1.375, 1.5, 1.0, 1.5384615384615385, 2.95, 4.815068493150685, 3.5174825174825175, 3.2516129032258063, 1.989010989010989, 3.352112676056338, 2.2758620689655173, 3.4214285714285713, 1.819672131147541, 3.6176470588235294, 2.925619834710744, 3.0689655172413794, 2.7804878048780486, 2.7099236641221376, 2.5596330275229358, 1.5921052631578947, 2.5365853658536586, 5.857142857142857, 1.2666666666666666], "baseline_730": [1.7391304347826086, 1.375, 1.5, 1.0, 1.5384615384615385, 2.95, 4.815068493150685, 3.5174825174825175, 3.2516129032258063, 1.989010989010989, 3.352112676056338, 2.2758620689655173, 3.4214285714285713, 1.819672131147541, 3.6176470588235294, 2.925619834710744, 3.0689655172413794, 2.7804878048780486, 2.7099236641221376, 2.5596330275229358, 1.5921052631578947, 2.5365853658536586, 5.857142857142857, 1.2666666666666666], "today": [null, null, null, null, null, 2.0, 4.0, 1.0, 1.0, null, 1.0, null, 4.0, null, 4.0, null, 2.0, 2.0, 1.0, 2.0, null, null, null, null]}, "Gurun": {"baseline": [1.5, 1.6666666666666667, 1.0, 2.0, 1.0, 1.2765957446808511, 2.717241379310345, 1.84375, 1.457142857142857, 1.3793103448275863, 1.7681159420289856, 1.3333333333333333, 1.606060606060606, 2.03125, 2.5, 1.8771929824561404, 1.8317757009345794, 1.9382716049382716, 1.7875, 1.6111111111111112, 1.2307692307692308, 1.375, 8.0, null], "baseline_730": [1.5, 1.6666666666666667, 1.0, 2.0, 1.0, 1.2765957446808511, 2.717241379310345, 1.84375, 1.457142857142857, 1.3793103448275863, 1.7681159420289856, 1.3333333333333333, 1.606060606060606, 2.03125, 2.5, 1.8771929824561404, 1.8317757009345794, 1.9382716049382716, 1.7875, 1.6111111111111112, 1.2307692307692308, 1.375, 8.0, null], "today": [null, null, null, null, 1.0, null, 2.0, null, null, null, null, 1.0, null, null, null, null, null, null, 2.0, null, null, null, null, null]},