{"service": "komuter_utara", "origin": "Bukit Ketri", "latest_date": "2026-07-11", "destinations": {"Alor Setar": {"baseline": [1.6666666666666667, 1.1, 1.3333333333333333, null, 1.0769230769230769, 1.5565217391304347, 5.0, 4.578651685393258, 3.791208791208791, 2.0719424460431655, 4.670731707317073, 2.932098765432099, 3.7756410256410255, 2.1121495327102804, 3.576388888888889, 3.0955882352941178, 2.556603773584906, 2.2517482517482517, 2.2447552447552446, 2.188976377952756, 1.1515151515151516, 1.6981132075471699, 1.813953488372093, null], "baseline_730": [1.6666666666666667, 1.1, 1.3333333333333333, null, 1.0769230769230769, 1.5565217391304347, 5.0, 4.578651685393258, 3.791208791208791, 2.0719424460431655, 4.670731707317073, 2.932098765432099, 3.7756410256410255, 2.1121495327102804, 3.576388888888889, 3.0955882352941178, 2.556603773584906, 2.2517482517482517, 2.2447552447552446, 2.188976377952756, 1.1515151515151516, 1.6981132075471699, 1.813953488372093, null], "today": [null, null, null, null, null, null, 5.0, 5.0, 5.0, 2.0, 20.0, 2.0, 3.0, 1.0, 3.0, 1.0, null, 1.0, null, 2.0, 1.0, null, null, null]}, "Anak Bukit": {"baseline": [1.3636363636363635, 1.0, 1.0, 1.0, 1.0, 1.2753623188405796, 3.7514792899408285, 2.66, 1.617391304347826, 1.2244897959183674, 1.726027397260274, 1.3205128205128205, 2.1594202898550723, 1.5238095238095237, 2.3698630136986303, 2.036144578313253, 1.6705882352941177, 1.8604651162790697, 1.5688073394495412, 2.5142857142857142, 1.411764705882353, 1.2857142857142858, 1.5666666666666667, 1.0], "baseline_730": [1.3636363636363635, 1.0, 1.0, 1.0, 1.0, 1.2753623188405796, 3.7514792899408285, 2.66, 1.617391304347826, 1.2244897959183674, 1.726027397260274, 1.3205128205128205, 2.1594202898550723, 1.5238095238095237, 2.3698630136986303, 2.036144578313253, 1.6705882352941177, 1.8604651162790697, 1.5688073394495412, 2.5142857142857142, 1.411764705882353, 1.2857142857142858, 1.5666666666666667, 1.0], "today": [1.0, null, null, null, null, null, 7.0, null, 1.0, null, 2.0, 2.0, null, 1.0, null, null, 1.0, null, 1.0, null, 1.0, null, null, null]}, "Arau": {"baseline": [2.0, null, null, 1.0, null, 1.0, 1.1940298507462686, 1.263157894736842, 1.1764705882352942, 1.0833333333333333, 1.2352941176470589, 1.2307692307692308, 1.2352941176470589, 1.0, 1.4242424242424243, 1.375, 1.5384615384615385, 1.4444444444444444, 1.125, 1.375, 1.2222222222222223, 1.0, 1.4, 1.1428571428571428], "baseline_730": [2.0, null, null, 1.0, null, 1.0, 1.1940298507462686, 1.263157894736842, 1.1764705882352942, 1.0833333333333333, 1.2352941176470589, 1.2307692307692308, 1.2352941176470589, 1.0, 1.4242424242424243, 1.375, 1.5384615384615385, 1.4444444444444444, 1.125, 1.375, 1.2222222222222223, 1.0, 1.4, 1.1428571428571428], "today": [null, null, null, null, null, null, 1.0, null, 1.0, null, null, null, null, null, null, null, null, null, null, null, null, null, null, null]}, "Bagan Serai": {"baseline": [1.0, null, null, null, 1.0, 1.0512820512820513, 1.1333333333333333, 1.3333333333333333, 1.5, 1.2727272727272727, 1.2727272727272727, 1.2, 1.4615384615384615, 1.5, 1.2857142857142858, 1.75, 1.55, 1.1875, 1.0, 1.2, 1.0, null, 1.0, null], "baseline_730": [1.0, null, null, null, 1.0, 1.0512820512820513, 1.1333333333333333, 1.3333333333333333, 1.5, 1.2727272727272727, 1.2727272727272727, 1.2, 1.4615384615384615, 1.5, 1.2857142857142858, 1.75, 1.55, 1.1875, 1.0, 1.2, 1.0, null, 1.0, null], "today": [null, null, null, null, null, null, null, null, null, null, null, null, null, null, null, null, null, null, null, null, null, null, null, null]}, "Bukit Ketri": {"baseline": [null, null, null, null, null, null, 1.0, null, 1.0, 1.0, 1.0, 1.0, null, 1.0, 1.0, null, 1.0, 1.0, null, null, 1.0, 1.0, 2.0, 1.0], "baseline_730": [null, null, null, null, null, null, 1.0, null, 1.0, 1.0, 1.0, 1.0, null, 1.0, 1.0, null, 1.0, 1.0, null, null, 1.0, 1.0, 2.0, 1.0], "today": [null, null, null, null, null, null, null, null, null, null, null, null, null, null, null, null, null, null, null, null, null, null, null, null]}, "Bukit Mertajam": {"baseline": [1.5, 1.0, 1.2, 1.0, 1.0, 2.633093525179856, 3.566473988439306, 3.340909090909091, 2.00990099009901, 1.3666666666666667, 2.373134328358209, 1.6274509803921569, 2.341463414634146, 1.5517241379310345, 2.8226950354609928, 1.9903846153846154, 2.188976377952756, 2.3162393162393164, 2.636986301369863, 2.2941176470588234, 1.752212389380531, 2.9928057553956835, 3.0, 1.4516129032258065], "baseline_730": [1.5, 1.0, 1.2, 1.0, 1.0, 2.633093525179856, 3.566473988439306, 3.340909090909091, 2.00990099009901, 1.3666666666666667, 2.373134328358209, 1.6274509803921569, 2.341463414634146, 1.5517241379310345, 2.8226950354609928, 1.9903846153846154, 2.188976377952756, 2.3162393162393164, 2.636986301369863, 2.2941176470588234, 1.752212389380531, 2.9928057553956835, 3.0, 1.4516129032258065], "today": [null, null, null, null, null, null, 4.0, 1.0, null, null, 3.0, 2.0, 1.0, 2.0, 1.0, null, 1.0, null, 4.0, null, null, 1.0, null, null]}, "Bukit Tengah": {"baseline": [1.736842105263158, 1.125, 1.0, 1.0, 1.5546218487394958, 4.937142857142857, 5.983240223463687, 6.659574468085107, 2.696774193548387, 1.524390243902439, 2.878205128205128, 1.736842105263158, 2.607594936708861, 1.453125, 2.8364779874213837, 2.148936170212766, 2.445161290322581, 2.4900662251655628, 3.7298850574712645, 3.2916666666666665, 2.27027027027027, 5.363636363636363, 9.75, 2.412280701754386], "baseline_730": [1.736842105263158, 1.125, 1.0, 1.0, 1.5546218487394958, 4.937142857142857, 5.983240223463687, 6.659574468085107, 2.696774193548387, 1.524390243902439, 2.878205128205128, 1.736842105263158, 2.607594936708861, 1.453125, 2.8364779874213837, 2.148936170212766, 2.445161290322581, 2.4900662251655628, 3.7298850574712645, 3.2916666666666665, 2.27027027027027, 5.363636363636363, 9.75, 2.412280701754386], "today": [null, null, 1.0, null, null, 1.0, 8.0, 6.0, 2.0, null, 1.0, 1.0, 2.0, null, 5.0, 1.0, 2.0, 1.0, 2.0, 1.0, null, 3.0, null, 1.0]}, "Butterworth": {"baseline": [1.8148148148148149, 1.3529411764705883, 1.4285714285714286, 1.0, 1.4772727272727273, 3.1604938271604937, 4.807017543859649, 3.55688622754491, 3.2247191011235956, 1.971698113207547, 3.298136645962733, 2.2954545454545454, 3.36875, 1.7846153846153847, 3.5253164556962027, 2.8805970149253732, 2.9328358208955225, 2.692857142857143, 2.6824324324324325, 2.565891472868217, 1.696629213483146, 2.557142857142857, 5.857142857142857, 1.320754716981132], "baseline_730": [1.8148148148148149, 1.3529411764705883, 1.4285714285714286, 1.0, 1.4772727272727273, 3.1604938271604937, 4.807017543859649, 3.55688622754491, 3.2247191011235956, 1.971698113207547, 3.298136645962733, 2.2954545454545454, 3.36875, 1.7846153846153847, 3.5253164556962027, 2.8805970149253732, 2.9328358208955225, 2.692857142857143, 2.6824324324324325, 2.565891472868217, 1.696629213483146, 2.557142857142857, 5.857142857142857, 1.320754716981132], "today": [null, null, null, null, null, 1.0, 2.0, 2.0, 2.0, 2.0, 3.0, 3.0, null, null, 1.0, null, 10.0, null, 6.0, null, null, null, null, 1.0]}, "Gurun": {"baseline": [1.5, 1.6666666666666667, 1.0, 2.0, 1.0, 1.2407407407407407, 2.7245508982035926, 1.9726027397260273, 1.4675324675324675, 1.3333333333333333, 1.794871794871795, 1.3125, 1.5769230769230769, 2.085714285714286, 2.4696969696969697, 2.1492537313432836, 1.8632478632478633, 1.8854166666666667, 1.7934782608695652, 1.5737704918032787, 1.2272727272727273, 1.3265306122448979, 2.4, 2.0], "baseline_730": [1.5, 1.6666666666666667, 1.0, 2.0, 1.0, 1.2407407407407407, 2.7245508982035926, 1.9726027397260273, 1.4675324675324675, 1.3333333333333333, 1.794871794871795, 1.3125, 1.5769230769230769, 2.085714285714286, 2.4696969696969697, 2.1492537313432836, 1.8632478632478633, 1.8854166666666667, 1.7934782608695652, 1.5737704918032787, 1.2272727272727273, 1.3265306122448979, 2.4, 2.0],