{"service": "komuter_utara", "origin": "Bukit Ketri", "latest_date": "2026-07-03", "destinations": {"Alor Setar": {"baseline": [1.6785714285714286, 1.1111111111111112, 1.0, null, 1.0769230769230769, 1.5327102803738317, 5.037735849056604, 4.5030674846625764, 3.8666666666666667, 2.125, 4.6797385620915035, 2.9662162162162162, 3.788732394366197, 2.1649484536082473, 3.612403100775194, 3.144, 2.63265306122449, 2.1769230769230767, 2.3203125, 2.1880341880341883, 1.1612903225806452, 1.74, 1.8333333333333333, null], "baseline_730": [1.6785714285714286, 1.1111111111111112, 1.0, null, 1.0769230769230769, 1.5327102803738317, 5.037735849056604, 4.5030674846625764, 3.8666666666666667, 2.125, 4.6797385620915035, 2.9662162162162162, 3.788732394366197, 2.1649484536082473, 3.612403100775194, 3.144, 2.63265306122449, 2.1769230769230767, 2.3203125, 2.1880341880341883, 1.1612903225806452, 1.74, 1.8333333333333333, null], "today": [null, null, null, null, null, null, 4.0, 3.0, 1.0, null, 1.0, 2.0, 6.0, 4.0, 5.0, 1.0, 1.0, 1.0, 2.0, 4.0, 1.0, null, null, null]}, "Anak Bukit": {"baseline": [1.3333333333333333, 1.0, 1.0, 1.0, 1.0, 1.3114754098360655, 3.712418300653595, 2.6594202898550723, 1.619047619047619, 1.2173913043478262, 1.7846153846153847, 1.25, 2.169230769230769, 1.4878048780487805, 2.257142857142857, 2.026666666666667, 1.5974025974025974, 1.8803418803418803, 1.5754716981132075, 2.4536082474226806, 1.4642857142857142, 1.2926829268292683, 1.5862068965517242, 1.0], "baseline_730": [1.3333333333333333, 1.0, 1.0, 1.0, 1.0, 1.3114754098360655, 3.712418300653595, 2.6594202898550723, 1.619047619047619, 1.2173913043478262, 1.7846153846153847, 1.25, 2.169230769230769, 1.4878048780487805, 2.257142857142857, 2.026666666666667, 1.5974025974025974, 1.8803418803418803, 1.5754716981132075, 2.4536082474226806, 1.4642857142857142, 1.2926829268292683, 1.5862068965517242, 1.0], "today": [null, null, null, null, null, 1.0, 2.0, null, null, null, 1.0, 1.0, null, 3.0, 8.0, 3.0, 5.0, null, null, null, null, null, null, null]}, "Arau": {"baseline": [2.0, null, null, 1.0, null, 1.0, 1.2166666666666666, 1.3333333333333333, 1.2, 1.0833333333333333, 1.2666666666666666, 1.2307692307692308, 1.2333333333333334, 1.0, 1.4375, 1.391304347826087, 1.5217391304347827, 1.3333333333333333, 1.125, 1.375, 1.2222222222222223, 1.0, 1.5, 1.2], "baseline_730": [2.0, null, null, 1.0, null, 1.0, 1.2166666666666666, 1.3333333333333333, 1.2, 1.0833333333333333, 1.2666666666666666, 1.2307692307692308, 1.2333333333333334, 1.0, 1.4375, 1.391304347826087, 1.5217391304347827, 1.3333333333333333, 1.125, 1.375, 1.2222222222222223, 1.0, 1.5, 1.2], "today": [null, null, null, null, null, null, 1.0, null, null, null, null, null, 1.0, null, null, null, null, null, null, null, null, null, null, 1.0]}, "Bagan Serai": {"baseline": [1.0, null, null, null, 1.0, 1.0579710144927537, 1.1282051282051282, 1.3, 1.5, 1.2727272727272727, 1.3, 1.2, 1.4615384615384615, 1.5714285714285714, 1.2222222222222223, 1.8571428571428572, 1.5555555555555556, 1.25, 1.0, 1.125, 1.0, null, 1.0, null], "baseline_730": [1.0, null, null, null, 1.0, 1.0579710144927537, 1.1282051282051282, 1.3, 1.5, 1.2727272727272727, 1.3, 1.2, 1.4615384615384615, 1.5714285714285714, 1.2222222222222223, 1.8571428571428572, 1.5555555555555556, 1.25, 1.0, 1.125, 1.0, null, 1.0, null], "today": [null, null, null, null, null, 1.0, null, null, null, null, null, null, null, null, null, 1.0, null, null, null, null, 1.0, null, null, null]}, "Bukit Ketri": {"baseline": [null, null, null, null, null, null, 1.0, null, 1.0, 1.0, 1.0, 1.0, null, 1.0, 1.0, null, 1.0, 1.0, null, null, 1.0, 1.0, 2.0, 1.0], "baseline_730": [null, null, null, null, null, null, 1.0, null, 1.0, 1.0, 1.0, 1.0, null, 1.0, 1.0, null, 1.0, 1.0, null, null, 1.0, 1.0, 2.0, 1.0], "today": [null, null, null, null, null, null, 1.0, null, null, null, null, null, null, null, null, null, null, null, null, null, null, null, null, null]}, "Bukit Mertajam": {"baseline": [1.5, 1.0, 1.2, 1.0, 1.0, 2.642857142857143, 3.5923566878980893, 3.3664596273291925, 1.989010989010989, 1.3529411764705883, 2.370967741935484, 1.5978260869565217, 2.365217391304348, 1.5714285714285714, 2.8346456692913384, 2.044943820224719, 2.265486725663717, 2.3486238532110093, 2.6818181818181817, 2.3207547169811322, 1.7623762376237624, 3.046511627906977, 3.0, 1.4363636363636363], "baseline_730": [1.5, 1.0, 1.2, 1.0, 1.0, 2.642857142857143, 3.5923566878980893, 3.3664596273291925, 1.989010989010989, 1.3529411764705883, 2.370967741935484, 1.5978260869565217, 2.365217391304348, 1.5714285714285714, 2.8346456692913384, 2.044943820224719, 2.265486725663717, 2.3486238532110093, 2.6818181818181817, 2.3207547169811322, 1.7623762376237624, 3.046511627906977, 3.0, 1.4363636363636363], "today": [null, null, null, null, null, 1.0, 1.0, 4.0, null, 1.0, 2.0, 2.0, null, 4.0, 5.0, 2.0, 1.0, 1.0, 4.0, 3.0, 1.0, null, null, null]}, "Bukit Tengah": {"baseline": [1.7777777777777777, 1.1333333333333333, 1.0, 1.0, 1.5849056603773586, 4.99375, 5.8343558282208585, 6.4678362573099415, 2.711267605633803, 1.5333333333333334, 2.887323943661972, 1.75, 2.6595744680851063, 1.4166666666666667, 2.7762237762237763, 2.1782945736434107, 2.4676258992805757, 2.463768115942029, 3.6226415094339623, 3.287878787878788, 2.25, 5.44375, 9.75, 2.380952380952381], "baseline_730": [1.7777777777777777, 1.1333333333333333, 1.0, 1.0, 1.5849056603773586, 4.99375, 5.8343558282208585, 6.4678362573099415, 2.711267605633803, 1.5333333333333334, 2.887323943661972, 1.75, 2.6595744680851063, 1.4166666666666667, 2.7762237762237763, 2.1782945736434107, 2.4676258992805757, 2.463768115942029, 3.6226415094339623, 3.287878787878788, 2.25, 5.44375, 9.75, 2.380952380952381], "today": [null, null, null, 1.0, 1.0, 3.0, 11.0, 8.0, null, 1.0, 2.0, null, 1.0, null, 5.0, null, 1.0, 7.0, null, 2.0, null, 1.0, null, null]}, "Butterworth": {"baseline": [1.76, 1.375, 1.5, 1.0, 1.5121951219512195, 3.060810810810811, 4.759740259740259, 3.543046357615894, 3.234567901234568, 2.0, 3.3087248322147653, 2.28099173553719, 3.3716216216216215, 1.819672131147541, 3.591549295774648, 2.936, 3.0245901639344264, 2.746153846153846, 2.7111111111111112, 2.5948275862068964, 1.5822784810126582, 2.53125, 5.857142857142857, 1.2765957446808511], "baseline_730": [1.76, 1.375, 1.5, 1.0, 1.5121951219512195, 3.060810810810811, 4.759740259740259, 3.543046357615894, 3.234567901234568, 2.0, 3.3087248322147653, 2.28099173553719, 3.3716216216216215, 1.819672131147541, 3.591549295774648, 2.936, 3.0245901639344264, 2.746153846153846, 2.7111111111111112, 2.5948275862068964, 1.5822784810126582, 2.53125, 5.857142857142857, 1.2765957446808511], "today": [3.0, null, null, null, null, 9.0, 6.0, 1.0, 3.0, 2.0, 3.0, 3.0, null, null, 8.0, null, 3.0, null, 3.0, 2.0, 1.0, 5.0, null, null]}, "Gurun": {"baseline": [1.5, 1.6666666666666667, 1.0, 2.0, 1.0, 1.2549019607843137, 2.736842105263158, 1.8676470588235294, 1.452054794520548, 1.3793103448275863, 1.7605633802816902, 1.3409090909090908, 1.6, 2.0, 2.4237288135593222, 1.847457627118644, 1.8288288288288288, 1.930232558139535, 1.7619047619047619, 1.5892857142857142, 1.25, 1.3658536585365855, 2.75, null], "baseline_730": [1.5, 1.6666666666666667, 1.0, 2.0, 1.0, 1.2549019607843137, 2.736842105263158, 1.8676470588235294, 1.452054794520548, 1.3793103448275863, 1.7605633802816902, 1.3409090909090908, 1.6, 2.0, 2.4237288135593222, 1.847457627118644, 1.8288288288288288, 1.930232558139535, 1.7619047619047619, 1.5892857142857142, 1.25, 1.3658536585365855, 2.75, null], "today": [null, null, null, null, null, null, 4.0, null, null, null, null, 1.0, 1.0, 4.0, 3.0, 10.0, 3.0, 2.0, 1.0, null, 1.0, 1.0, 1.0, null]},