{"service": "komuter_utara", "origin": "Bukit Ketri", "latest_date": "2026-06-19", "destinations": {"Alor Setar": {"baseline": [1.7037037037037037, 1.1111111111111112, 1.0, null, 1.0769230769230769, 1.5445544554455446, 5.019607843137255, 4.551282051282051, 3.9050632911392404, 2.1463414634146343, 4.695945945945946, 2.9791666666666665, 3.795620437956204, 2.1914893617021276, 3.7235772357723578, 3.2033898305084745, 2.642105263157895, 2.1693548387096775, 2.371900826446281, 2.1875, 1.1612903225806452, 1.7346938775510203, 1.853658536585366, null], "baseline_730": [1.7037037037037037, 1.1111111111111112, 1.0, null, 1.0769230769230769, 1.5445544554455446, 5.019607843137255, 4.551282051282051, 3.9050632911392404, 2.1463414634146343, 4.695945945945946, 2.9791666666666665, 3.795620437956204, 2.1914893617021276, 3.7235772357723578, 3.2033898305084745, 2.642105263157895, 2.1693548387096775, 2.371900826446281, 2.1875, 1.1612903225806452, 1.7346938775510203, 1.853658536585366, null], "today": [null, null, null, null, null, 1.0, 5.0, 1.0, 1.0, 2.0, 2.0, 3.0, 7.0, null, 1.0, 4.0, 3.0, 3.0, 1.0, 2.0, null, null, 1.0, null]}, "Anak Bukit": {"baseline": [1.3333333333333333, 1.0, 1.0, 1.0, 1.0, 1.3220338983050848, 3.7260273972602738, 2.671641791044776, 1.603960396039604, 1.1904761904761905, 1.8333333333333333, 1.2615384615384615, 2.225806451612903, 1.5, 2.298507462686567, 2.0277777777777777, 1.6133333333333333, 1.8771929824561404, 1.5825242718446602, 2.4945054945054945, 1.5, 1.3, 1.5862068965517242, 1.0], "baseline_730": [1.3333333333333333, 1.0, 1.0, 1.0, 1.0, 1.3220338983050848, 3.7260273972602738, 2.671641791044776, 1.603960396039604, 1.1904761904761905, 1.8333333333333333, 1.2615384615384615, 2.225806451612903, 1.5, 2.298507462686567, 2.0277777777777777, 1.6133333333333333, 1.8771929824561404, 1.5825242718446602, 2.4945054945054945, 1.5, 1.3, 1.5862068965517242, 1.0], "today": [null, null, null, null, null, null, 3.0, null, null, 1.0, 2.0, 1.0, 1.0, 1.0, 1.0, 4.0, null, 2.0, 1.0, 1.0, 1.0, null, null, null]}, "Arau": {"baseline": [2.0, null, null, 1.0, null, 1.0, 1.1785714285714286, 1.3333333333333333, 1.2142857142857142, 1.0909090909090908, 1.2857142857142858, 1.2307692307692308, 1.2333333333333334, 1.0, 1.4666666666666666, 1.4090909090909092, 1.5454545454545454, 1.3333333333333333, 1.125, 1.375, 1.2222222222222223, 1.0, 1.5, 1.2], "baseline_730": [2.0, null, null, 1.0, null, 1.0, 1.1785714285714286, 1.3333333333333333, 1.2142857142857142, 1.0909090909090908, 1.2857142857142858, 1.2307692307692308, 1.2333333333333334, 1.0, 1.4666666666666666, 1.4090909090909092, 1.5454545454545454, 1.3333333333333333, 1.125, 1.375, 1.2222222222222223, 1.0, 1.5, 1.2], "today": [null, null, null, null, null, null, null, null, null, 1.0, null, null, null, null, null, null, null, null, null, null, null, null, null, null]}, "Bagan Serai": {"baseline": [1.0, null, null, null, 1.0, 1.0597014925373134, 1.135135135135135, 1.3103448275862069, 1.5, 1.3, 1.3157894736842106, 1.2, 1.4615384615384615, 1.5714285714285714, 1.2352941176470589, 1.8571428571428572, 1.588235294117647, 1.1818181818181819, 1.0, 1.1428571428571428, 1.0, null, 1.0, null], "baseline_730": [1.0, null, null, null, 1.0, 1.0597014925373134, 1.135135135135135, 1.3103448275862069, 1.5, 1.3, 1.3157894736842106, 1.2, 1.4615384615384615, 1.5714285714285714, 1.2352941176470589, 1.8571428571428572, 1.588235294117647, 1.1818181818181819, 1.0, 1.1428571428571428, 1.0, null, 1.0, null], "today": [null, null, null, null, null, 1.0, null, null, null, null, null, null, null, null, null, null, null, null, null, null, null, null, null, null]}, "Bukit Ketri": {"baseline": [null, null, null, null, null, null, 1.0, null, 1.0, 1.0, 1.0, 1.0, null, 1.0, 1.0, null, 1.0, 1.0, null, null, 1.0, 1.0, 2.0, 1.0], "baseline_730": [null, null, null, null, null, null, 1.0, null, 1.0, 1.0, 1.0, 1.0, null, 1.0, 1.0, null, 1.0, 1.0, null, null, 1.0, 1.0, 2.0, 1.0], "today": [null, null, null, null, null, null, null, null, null, null, null, null, null, null, null, null, null, null, null, null, null, null, null, null]}, "Bukit Mertajam": {"baseline": [1.5, 1.0, 1.2, 1.0, 1.0, 2.6115702479338845, 3.5933333333333333, 3.3506493506493507, 1.9659090909090908, 1.3703703703703705, 2.4, 1.5348837209302326, 2.3660714285714284, 1.574468085106383, 2.8536585365853657, 2.0697674418604652, 2.238532110091743, 2.30188679245283, 2.6692913385826773, 2.349514563106796, 1.736842105263158, 3.0813008130081303, 3.6666666666666665, 1.4150943396226414], "baseline_730": [1.5, 1.0, 1.2, 1.0, 1.0, 2.6115702479338845, 3.5933333333333333, 3.3506493506493507, 1.9659090909090908, 1.3703703703703705, 2.4, 1.5348837209302326, 2.3660714285714284, 1.574468085106383, 2.8536585365853657, 2.0697674418604652, 2.238532110091743, 2.30188679245283, 2.6692913385826773, 2.349514563106796, 1.736842105263158, 3.0813008130081303, 3.6666666666666665, 1.4150943396226414], "today": [null, 1.0, null, null, null, 2.0, 1.0, 3.0, 3.0, null, 1.0, null, 2.0, null, null, 1.0, null, 2.0, 3.0, 2.0, 1.0, 1.0, 1.0, null]}, "Bukit Tengah": {"baseline": [1.7777777777777777, 1.1333333333333333, 1.0, 1.0, 1.5940594059405941, 4.961290322580645, 5.7756410256410255, 6.408536585365853, 2.75, 1.5416666666666667, 2.9044117647058822, 1.7739130434782608, 2.7111111111111112, 1.4464285714285714, 2.7737226277372264, 2.208, 2.470149253731343, 2.4962406015037595, 3.6405228758169934, 3.3070866141732282, 2.217821782178218, 5.374193548387097, 9.75, 2.41], "baseline_730": [1.7777777777777777, 1.1333333333333333, 1.0, 1.0, 1.5940594059405941, 4.961290322580645, 5.7756410256410255, 6.408536585365853, 2.75, 1.5416666666666667, 2.9044117647058822, 1.7739130434782608, 2.7111111111111112, 1.4464285714285714, 2.7737226277372264, 2.208, 2.470149253731343, 2.4962406015037595, 3.6405228758169934, 3.3070866141732282, 2.217821782178218, 5.374193548387097, 9.75, 2.41], "today": [null, null, null, 1.0, 1.0, null, 9.0, 8.0, 3.0, 2.0, 3.0, null, 3.0, 1.0, null, null, 1.0, 2.0, 1.0, 4.0, null, null, null, 1.0]}, "Butterworth": {"baseline": [1.7391304347826086, 1.375, 1.5, 1.0, 1.5384615384615385, 2.9432624113475176, 4.809523809523809, 3.5, 3.2371794871794872, 1.989010989010989, 3.335664335664336, 2.2758620689655173, 3.425531914893617, 1.819672131147541, 3.6204379562043796, 2.925619834710744, 3.0598290598290596, 2.774193548387097, 2.696969696969697, 2.5545454545454547, 1.5921052631578947, 2.5365853658536586, 5.857142857142857, 1.2666666666666666], "baseline_730": [1.7391304347826086, 1.375, 1.5, 1.0, 1.5384615384615385, 2.9432624113475176, 4.809523809523809, 3.5, 3.2371794871794872, 1.989010989010989, 3.335664335664336, 2.2758620689655173, 3.425531914893617, 1.819672131147541, 3.6204379562043796, 2.925619834710744, 3.0598290598290596, 2.774193548387097, 2.696969696969697, 2.5545454545454547, 1.5921052631578947, 2.5365853658536586, 5.857142857142857, 1.2666666666666666], "today": [null, null, null, null, 1.0, 6.0, 2.0, 4.0, 3.0, 6.0, null, 2.0, 3.0, null, 5.0, 4.0, 3.0, 3.0, 1.0, 4.0, 1.0, 1.0, null, 2.0]}, "Gurun": {"baseline": [1.5, 1.6666666666666667, 1.0, 2.0, 1.0, 1.2765957446808511, 2.712328767123288, 1.84375, 1.457142857142857, 1.3793103448275863, 1.7681159420289856, 1.3255813953488371, 1.606060606060606, 2.03125, 2.5, 1.8771929824561404, 1.8317757009345794, 1.9382716049382716, 1.7901234567901234, 1.6111111111111112, 1.2307692307692308, 1.375, 8.0, null], "baseline_730": [1.5, 1.6666666666666667, 1.0, 2.0, 1.0, 1.2765957446808511, 2.712328767123288, 1.84375, 1.457142857142857, 1.3793103448275863, 1.7681159420289856, 1.3255813953488371, 1.606060606060606, 2.03125, 2.5, 1.8771929824561404, 1.8317757009345794, 1.9382716049382716, 1.7901234567901234, 1.6111111111111112, 1.2307692307692308, 1.375, 8.0, null], "today": [null, null, null, null, null, null, 3.0, null, null, null, 2.0, null, 1.0, null, 1.0, null, 1.0, 1.0, 1.0, null, 2.0, null, 1.0, null]},