{"service": "komuter_utara", "origin": "Bukit Ketri", "latest_date": "2026-07-05", "destinations": {"Alor Setar": {"baseline": [1.6551724137931034, 1.1, 1.0, null, 1.0769230769230769, 1.5535714285714286, 5.017647058823529, 4.578034682080925, 3.8181818181818183, 2.074074074074074, 4.697530864197531, 2.9235668789808917, 3.76, 2.145631067961165, 3.6115107913669067, 3.0984848484848486, 2.576923076923077, 2.2357142857142858, 2.2554744525547443, 2.227642276422764, 1.1515151515151516, 1.7115384615384615, 1.8333333333333333, null], "baseline_730": [1.6551724137931034, 1.1, 1.0, null, 1.0769230769230769, 1.5535714285714286, 5.017647058823529, 4.578034682080925, 3.8181818181818183, 2.074074074074074, 4.697530864197531, 2.9235668789808917, 3.76, 2.145631067961165, 3.6115107913669067, 3.0984848484848486, 2.576923076923077, 2.2357142857142858, 2.2554744525547443, 2.227642276422764, 1.1515151515151516, 1.7115384615384615, 1.8333333333333333, null], "today": [2.0, null, 2.0, null, null, null, 7.0, null, 1.0, null, 3.0, 3.0, 6.0, 1.0, 3.0, 3.0, null, null, 4.0, null, null, 1.0, null, null]}, "Anak Bukit": {"baseline": [1.4, 1.0, 1.0, 1.0, 1.0, 1.2923076923076924, 3.7116564417177913, 2.684931506849315, 1.6160714285714286, 1.2244897959183674, 1.7428571428571429, 1.3157894736842106, 2.1470588235294117, 1.5238095238095237, 2.388888888888889, 2.0625, 1.6585365853658536, 1.853658536585366, 1.5688073394495412, 2.519607843137255, 1.4516129032258065, 1.2857142857142858, 1.5666666666666667, 1.0], "baseline_730": [1.4, 1.0, 1.0, 1.0, 1.0, 1.2923076923076924, 3.7116564417177913, 2.684931506849315, 1.6160714285714286, 1.2244897959183674, 1.7428571428571429, 1.3157894736842106, 2.1470588235294117, 1.5238095238095237, 2.388888888888889, 2.0625, 1.6585365853658536, 1.853658536585366, 1.5688073394495412, 2.519607843137255, 1.4516129032258065, 1.2857142857142858, 1.5666666666666667, 1.0], "today": [null, null, null, null, null, null, 4.0, null, null, null, 1.0, null, null, null, null, null, 3.0, 3.0, null, 1.0, 1.0, null, null, null]}, "Arau": {"baseline": [2.0, null, null, 1.0, null, 1.0, 1.196969696969697, 1.2941176470588236, 1.1764705882352942, 1.0833333333333333, 1.25, 1.2307692307692308, 1.2258064516129032, 1.0, 1.4242424242424243, 1.391304347826087, 1.56, 1.44, 1.125, 1.375, 1.2222222222222223, 1.0, 1.5, 1.1428571428571428], "baseline_730": [2.0, null, null, 1.0, null, 1.0, 1.196969696969697, 1.2941176470588236, 1.1764705882352942, 1.0833333333333333, 1.25, 1.2307692307692308, 1.2258064516129032, 1.0, 1.4242424242424243, 1.391304347826087, 1.56, 1.44, 1.125, 1.375, 1.2222222222222223, 1.0, 1.5, 1.1428571428571428], "today": [null, null, null, null, null, null, 1.0, null, null, null, null, null, 1.0, null, null, null, null, null, null, null, null, null, null, null]}, "Bagan Serai": {"baseline": [1.0, null, null, null, 1.0, 1.054054054054054, 1.119047619047619, 1.2903225806451613, 1.5, 1.2727272727272727, 1.3, 1.2, 1.4615384615384615, 1.5, 1.263157894736842, 1.75, 1.5789473684210527, 1.2142857142857142, 1.0, 1.2, 1.0, null, 1.0, null], "baseline_730": [1.0, null, null, null, 1.0, 1.054054054054054, 1.119047619047619, 1.2903225806451613, 1.5, 1.2727272727272727, 1.3, 1.2, 1.4615384615384615, 1.5, 1.263157894736842, 1.75, 1.5789473684210527, 1.2142857142857142, 1.0, 1.2, 1.0, null, 1.0, null], "today": [null, null, null, null, null, null, null, 3.0, null, null, 1.0, null, null, null, 1.0, null, null, null, null, null, null, null, null, null]}, "Bukit Ketri": {"baseline": [null, null, null, null, null, null, 1.0, null, 1.0, 1.0, 1.0, 1.0, null, 1.0, 1.0, null, 1.0, 1.0, null, null, 1.0, 1.0, 2.0, 1.0], "baseline_730": [null, null, null, null, null, null, 1.0, null, 1.0, 1.0, 1.0, 1.0, null, 1.0, 1.0, null, 1.0, 1.0, null, null, 1.0, 1.0, 2.0, 1.0], "today": [null, null, null, null, null, null, null, null, null, null, null, null, null, null, null, null, null, null, null, null, null, null, null, null]}, "Bukit Mertajam": {"baseline": [1.5, 1.0, 1.2, 1.0, 1.0, 2.626865671641791, 3.568862275449102, 3.3391812865497075, 2.020618556701031, 1.3448275862068966, 2.372093023255814, 1.6020408163265305, 2.3583333333333334, 1.5740740740740742, 2.8074074074074074, 2.010204081632653, 2.2131147540983607, 2.3451327433628317, 2.642857142857143, 2.310344827586207, 1.7706422018348624, 3.014925373134328, 3.0, 1.4137931034482758], "baseline_730": [1.5, 1.0, 1.2, 1.0, 1.0, 2.626865671641791, 3.568862275449102, 3.3391812865497075, 2.020618556701031, 1.3448275862068966, 2.372093023255814, 1.6020408163265305, 2.3583333333333334, 1.5740740740740742, 2.8074074074074074, 2.010204081632653, 2.2131147540983607, 2.3451327433628317, 2.642857142857143, 2.310344827586207, 1.7706422018348624, 3.014925373134328, 3.0, 1.4137931034482758], "today": [null, null, null, null, 1.0, 1.0, 4.0, null, null, 1.0, 4.0, 1.0, 3.0, 1.0, 1.0, 3.0, 4.0, 1.0, 5.0, 3.0, 2.0, 7.0, null, 2.0]}, "Bukit Tengah": {"baseline": [1.736842105263158, 1.125, 1.0, 1.0, 1.565217391304348, 4.947058823529412, 5.884393063583815, 6.576923076923077, 2.6933333333333334, 1.5375, 2.8874172185430464, 1.7421875, 2.598684210526316, 1.453125, 2.810457516339869, 2.162962962962963, 2.4161073825503356, 2.475862068965517, 3.7083333333333335, 3.2517985611510793, 2.2641509433962264, 5.382352941176471, 9.75, 2.4], "baseline_730": [1.736842105263158, 1.125, 1.0, 1.0, 1.565217391304348, 4.947058823529412, 5.884393063583815, 6.576923076923077, 2.6933333333333334, 1.5375, 2.8874172185430464, 1.7421875, 2.598684210526316, 1.453125, 2.810457516339869, 2.162962962962963, 2.4161073825503356, 2.475862068965517, 3.7083333333333335, 3.2517985611510793, 2.2641509433962264, 5.382352941176471, 9.75, 2.4], "today": [null, null, null, null, null, 3.0, 5.0, 8.0, null, null, 2.0, 1.0, 5.0, null, 7.0, 3.0, 7.0, 7.0, 8.0, 10.0, 7.0, 19.0, null, 6.0]}, "Butterworth": {"baseline": [1.8148148148148149, 1.3529411764705883, 1.4285714285714286, 1.0, 1.4772727272727273, 3.1392405063291138, 4.793939393939394, 3.5652173913043477, 3.244186046511628, 1.9807692307692308, 3.3205128205128207, 2.2890625, 3.3525641025641026, 1.8095238095238095, 3.526315789473684, 2.900763358778626, 2.9618320610687023, 2.7279411764705883, 2.6923076923076925, 2.5806451612903225, 1.6705882352941177, 2.54014598540146, 5.857142857142857, 1.2745098039215685], "baseline_730": [1.8148148148148149, 1.3529411764705883, 1.4285714285714286, 1.0, 1.4772727272727273, 3.1392405063291138, 4.793939393939394, 3.5652173913043477, 3.244186046511628, 1.9807692307692308, 3.3205128205128207, 2.2890625, 3.3525641025641026, 1.8095238095238095, 3.526315789473684, 2.900763358778626, 2.9618320610687023, 2.7279411764705883, 2.6923076923076925, 2.5806451612903225, 1.6705882352941177, 2.54014598540146, 5.857142857142857, 1.2745098039215685], "today": [null, null, null, null, null, null, 4.0, 1.0, 2.0, null, 3.0, 1.0, 6.0, 1.0, 9.0, 1.0, 2.0, 1.0, 4.0, 4.0, 2.0, 5.0, null, 4.0]}, "Gurun": {"baseline": [1.5, 1.6666666666666667, 1.0, 2.0, 1.0, 1.25, 2.720496894409938, 1.9861111111111112, 1.4473684210526316, 1.34375, 1.8026315789473684, 1.326086956521739, 1.5866666666666667, 2.085714285714286, 2.3968253968253967, 2.046153846153846, 1.8771929824561404, 1.903225806451613, 1.7954545454545454, 1.5862068965517242, 1.2325581395348837, 1.3478260869565217, 2.4, 2.0], "baseline_730": [1.5, 1.6666666666666667, 1.0, 2.0, 1.0, 1.25, 2.720496894409938, 1.9861111111111112, 1.4473684210526316, 1.34375, 1.8026315789473684, 1.326086956521739, 1.5866666666666667, 2.085714285714286, 2.3968253968253967, 2.046153846153846, 1.8771929824561404, 1.903225806451613, 1.7954545454545454, 1.5862068965517242, 1.2325581395348837, 1.3478260869565217, 2.4, 2.0], "today": [null, null, null, null, null, null, 1.0, null, 3.0, 1.0, null, 1.0, 2.0, null, 7.0, 1.0, 1.0, 1.0, 4.0, 1.0, null, 1.0, null, null]},