{"service": "komuter_utara", "origin": "Bukit Ketri", "latest_date": "2026-07-01", "destinations": {"Alor Setar": {"baseline": [1.6785714285714286, 1.1111111111111112, 1.0, null, 1.0769230769230769, 1.5333333333333334, 5.031847133757962, 4.509316770186335, 3.895705521472393, 2.142857142857143, 4.697368421052632, 2.9662162162162162, 3.807142857142857, 2.1789473684210527, 3.645669291338583, 3.1707317073170733, 2.649484536082474, 2.171875, 2.3253968253968256, 2.2, 1.1612903225806452, 1.74, 1.8333333333333333, null], "baseline_730": [1.6785714285714286, 1.1111111111111112, 1.0, null, 1.0769230769230769, 1.5333333333333334, 5.031847133757962, 4.509316770186335, 3.895705521472393, 2.142857142857143, 4.697368421052632, 2.9662162162162162, 3.807142857142857, 2.1789473684210527, 3.645669291338583, 3.1707317073170733, 2.649484536082474, 2.171875, 2.3253968253968256, 2.2, 1.1612903225806452, 1.74, 1.8333333333333333, null], "today": [null, null, null, null, null, 2.0, 6.0, 6.0, 2.0, 1.0, null, null, 4.0, 1.0, 2.0, 1.0, 1.0, 2.0, 3.0, 1.0, null, null, null, null]}, "Anak Bukit": {"baseline": [1.3333333333333333, 1.0, 1.0, 1.0, 1.0, 1.3114754098360655, 3.7086092715231787, 2.664233576642336, 1.6057692307692308, 1.1777777777777778, 1.796875, 1.25, 2.1875, 1.4878048780487805, 2.260869565217391, 2.026666666666667, 1.605263157894737, 1.8706896551724137, 1.5809523809523809, 2.431578947368421, 1.4642857142857142, 1.2926829268292683, 1.5862068965517242, 1.0], "baseline_730": [1.3333333333333333, 1.0, 1.0, 1.0, 1.0, 1.3114754098360655, 3.7086092715231787, 2.664233576642336, 1.6057692307692308, 1.1777777777777778, 1.796875, 1.25, 2.1875, 1.4878048780487805, 2.260869565217391, 2.026666666666667, 1.605263157894737, 1.8706896551724137, 1.5809523809523809, 2.431578947368421, 1.4642857142857142, 1.2926829268292683, 1.5862068965517242, 1.0], "today": [null, null, null, null, 1.0, null, 3.0, 2.0, 3.0, 3.0, 1.0, null, 1.0, null, null, null, null, 3.0, 1.0, 1.0, null, null, null, null]}, "Arau": {"baseline": [2.0, null, null, 1.0, null, 1.0, 1.1896551724137931, 1.3103448275862069, 1.2, 1.0833333333333333, 1.2666666666666666, 1.2307692307692308, 1.2333333333333334, 1.0, 1.4516129032258065, 1.4090909090909092, 1.5454545454545454, 1.3333333333333333, 1.125, 1.375, 1.2222222222222223, 1.0, 1.5, 1.2], "baseline_730": [2.0, null, null, 1.0, null, 1.0, 1.1896551724137931, 1.3103448275862069, 1.2, 1.0833333333333333, 1.2666666666666666, 1.2307692307692308, 1.2333333333333334, 1.0, 1.4516129032258065, 1.4090909090909092, 1.5454545454545454, 1.3333333333333333, 1.125, 1.375, 1.2222222222222223, 1.0, 1.5, 1.2], "today": [null, null, null, null, null, null, 3.0, null, null, null, null, null, null, null, null, 1.0, null, null, null, null, null, null, null, null]}, "Bagan Serai": {"baseline": [1.0, null, null, null, 1.0, 1.0588235294117647, 1.131578947368421, 1.3, 1.5, 1.2727272727272727, 1.3, 1.2, 1.4615384615384615, 1.5714285714285714, 1.2352941176470589, 1.8571428571428572, 1.5555555555555556, 1.25, 1.0, 1.1428571428571428, 1.0, null, 1.0, null], "baseline_730": [1.0, null, null, null, 1.0, 1.0588235294117647, 1.131578947368421, 1.3, 1.5, 1.2727272727272727, 1.3, 1.2, 1.4615384615384615, 1.5714285714285714, 1.2352941176470589, 1.8571428571428572, 1.5555555555555556, 1.25, 1.0, 1.1428571428571428, 1.0, null, 1.0, null], "today": [null, null, null, null, null, 1.0, null, null, null, null, null, null, null, null, 1.0, null, null, null, null, 1.0, null, null, null, null]}, "Bukit Ketri": {"baseline": [null, null, null, null, null, null, 1.0, null, 1.0, 1.0, 1.0, 1.0, null, 1.0, 1.0, null, 1.0, 1.0, null, null, 1.0, 1.0, 2.0, 1.0], "baseline_730": [null, null, null, null, null, null, 1.0, null, 1.0, 1.0, 1.0, 1.0, null, 1.0, 1.0, null, 1.0, 1.0, null, null, 1.0, 1.0, 2.0, 1.0], "today": [null, null, null, null, null, null, null, null, null, null, null, null, null, null, null, null, null, null, null, null, null, null, null, null]}, "Bukit Mertajam": {"baseline": [1.5, 1.0, 1.2, 1.0, 1.0, 2.653225806451613, 3.6, 3.3647798742138364, 1.9666666666666666, 1.3529411764705883, 2.3739837398373984, 1.5777777777777777, 2.365217391304348, 1.5714285714285714, 2.8412698412698414, 2.0454545454545454, 2.265486725663717, 2.3518518518518516, 2.6793893129770994, 2.3333333333333335, 1.7575757575757576, 3.078740157480315, 3.0, 1.4363636363636363], "baseline_730": [1.5, 1.0, 1.2, 1.0, 1.0, 2.653225806451613, 3.6, 3.3647798742138364, 1.9666666666666666, 1.3529411764705883, 2.3739837398373984, 1.5777777777777777, 2.365217391304348, 1.5714285714285714, 2.8412698412698414, 2.0454545454545454, 2.265486725663717, 2.3518518518518516, 2.6793893129770994, 2.3333333333333335, 1.7575757575757576, 3.078740157480315, 3.0, 1.4363636363636363], "today": [null, null, null, null, null, 3.0, 3.0, 3.0, 4.0, null, null, 3.0, null, null, 2.0, null, null, null, null, 1.0, 2.0, 1.0, null, null]}, "Bukit Tengah": {"baseline": [1.7777777777777777, 1.1333333333333333, 1.0, 1.0, 1.5961538461538463, 5.025316455696203, 5.838509316770186, 6.455621301775148, 2.7285714285714286, 1.5405405405405406, 2.8652482269503547, 1.7563025210084033, 2.683453237410072, 1.4310344827586208, 2.780141843971631, 2.1968503937007875, 2.4782608695652173, 2.485294117647059, 3.6305732484076434, 3.3053435114503817, 2.2427184466019416, 5.459119496855346, 9.75, 2.3846153846153846], "baseline_730": [1.7777777777777777, 1.1333333333333333, 1.0, 1.0, 1.5961538461538463, 5.025316455696203, 5.838509316770186, 6.455621301775148, 2.7285714285714286, 1.5405405405405406, 2.8652482269503547, 1.7563025210084033, 2.683453237410072, 1.4310344827586208, 2.780141843971631, 2.1968503937007875, 2.4782608695652173, 2.485294117647059, 3.6305732484076434, 3.3053435114503817, 2.2427184466019416, 5.459119496855346, 9.75, 2.3846153846153846], "today": [null, null, null, 1.0, 1.0, 1.0, 6.0, 8.0, 1.0, 1.0, 6.0, 1.0, 1.0, 1.0, 1.0, 1.0, 1.0, 1.0, 2.0, 1.0, 3.0, null, null, null]}, "Butterworth": {"baseline": [1.7916666666666667, 1.375, 1.5, 1.0, 1.5121951219512195, 3.0273972602739727, 4.782894736842105, 3.5503355704697985, 3.217391304347826, 2.021276595744681, 3.3197278911564627, 2.277310924369748, 3.3904109589041096, 1.819672131147541, 3.607142857142857, 2.934959349593496, 3.0245901639344264, 2.765625, 2.7111111111111112, 2.608695652173913, 1.5822784810126582, 2.543307086614173, 5.857142857142857, 1.2765957446808511], "baseline_730": [1.7916666666666667, 1.375, 1.5, 1.0, 1.5121951219512195, 3.0273972602739727, 4.782894736842105, 3.5503355704697985, 3.217391304347826, 2.021276595744681, 3.3197278911564627, 2.277310924369748, 3.3904109589041096, 1.819672131147541, 3.607142857142857, 2.934959349593496, 3.0245901639344264, 2.765625, 2.7111111111111112, 2.608695652173913, 1.5822784810126582, 2.543307086614173, 5.857142857142857, 1.2765957446808511], "today": [1.0, null, null, null, null, 6.0, 1.0, 3.0, 6.0, 1.0, 1.0, 3.0, 1.0, null, 4.0, 4.0, null, 2.0, null, 1.0, null, 1.0, null, null]}, "Gurun": {"baseline": [1.5, 1.6666666666666667, 1.0, 2.0, 1.0, 1.2653061224489797, 2.72, 1.8676470588235294, 1.4583333333333333, 1.3793103448275863, 1.7605633802816902, 1.3409090909090908, 1.608695652173913, 2.0, 2.473684210526316, 1.8771929824561404, 1.8256880733944953, 1.9047619047619047, 1.7619047619047619, 1.6, 1.25, 1.3658536585365855, 3.3333333333333335, null], "baseline_730": [1.5, 1.6666666666666667, 1.0, 2.0, 1.0, 1.2653061224489797, 2.72, 1.8676470588235294, 1.4583333333333333, 1.3793103448275863, 1.7605633802816902, 1.3409090909090908, 1.608695652173913, 2.0, 2.473684210526316, 1.8771929824561404, 1.8256880733944953, 1.9047619047619047, 1.7619047619047619, 1.6, 1.25, 1.3658536585365855, 3.3333333333333335, null], "today": [null, null, null, null, null, 1.0, 7.0, null, 1.0, null, null, null, null, null, 1.0, 1.0, 2.0, 5.0, null, 1.0, null, null, null, null]},