{"service": "komuter_utara", "origin": "Bukit Ketri", "latest_date": "2026-06-29", "destinations": {"Alor Setar": {"baseline": [1.7037037037037037, 1.1111111111111112, 1.0, null, 1.0769230769230769, 1.5339805825242718, 5.038709677419355, 4.509433962264151, 3.8819875776397517, 2.142857142857143, 4.695364238410596, 2.9727891156462585, 3.807142857142857, 2.1914893617021276, 3.68, 3.1818181818181817, 2.649484536082474, 2.1904761904761907, 2.338709677419355, 2.2017543859649122, 1.1612903225806452, 1.74, 1.8333333333333333, null], "baseline_730": [1.7037037037037037, 1.1111111111111112, 1.0, null, 1.0769230769230769, 1.5339805825242718, 5.038709677419355, 4.509433962264151, 3.8819875776397517, 2.142857142857143, 4.695364238410596, 2.9727891156462585, 3.807142857142857, 2.1914893617021276, 3.68, 3.1818181818181817, 2.649484536082474, 2.1904761904761907, 2.338709677419355, 2.2017543859649122, 1.1612903225806452, 1.74, 1.8333333333333333, null], "today": [null, null, null, null, null, 2.0, 4.0, 4.0, 3.0, null, 5.0, 2.0, null, null, 1.0, 4.0, null, 1.0, 2.0, null, null, null, null, null]}, "Anak Bukit": {"baseline": [1.3333333333333333, 1.0, 1.0, 1.0, 1.0, 1.3166666666666667, 3.704697986577181, 2.6666666666666665, 1.5922330097087378, 1.1818181818181819, 1.8095238095238095, 1.2537313432835822, 2.1875, 1.4878048780487805, 2.2794117647058822, 2.0405405405405403, 1.605263157894737, 1.8706896551724137, 1.5809523809523809, 2.4623655913978495, 1.4642857142857142, 1.2926829268292683, 1.5862068965517242, 1.0], "baseline_730": [1.3333333333333333, 1.0, 1.0, 1.0, 1.0, 1.3166666666666667, 3.704697986577181, 2.6666666666666665, 1.5922330097087378, 1.1818181818181819, 1.8095238095238095, 1.2537313432835822, 2.1875, 1.4878048780487805, 2.2794117647058822, 2.0405405405405403, 1.605263157894737, 1.8706896551724137, 1.5809523809523809, 2.4623655913978495, 1.4642857142857142, 1.2926829268292683, 1.5862068965517242, 1.0], "today": [null, null, null, null, null, 1.0, 5.0, 4.0, null, 1.0, 1.0, 1.0, null, null, 1.0, null, null, null, null, 1.0, null, null, null, null]}, "Arau": {"baseline": [2.0, null, null, 1.0, null, 1.0, 1.1785714285714286, 1.3333333333333333, 1.2, 1.0833333333333333, 1.2666666666666666, 1.2307692307692308, 1.2333333333333334, 1.0, 1.4516129032258065, 1.4090909090909092, 1.5454545454545454, 1.3333333333333333, 1.125, 1.375, 1.2222222222222223, 1.0, 1.5, 1.2], "baseline_730": [2.0, null, null, 1.0, null, 1.0, 1.1785714285714286, 1.3333333333333333, 1.2, 1.0833333333333333, 1.2666666666666666, 1.2307692307692308, 1.2333333333333334, 1.0, 1.4516129032258065, 1.4090909090909092, 1.5454545454545454, 1.3333333333333333, 1.125, 1.375, 1.2222222222222223, 1.0, 1.5, 1.2], "today": [null, null, null, null, null, null, 2.0, 1.0, null, null, null, null, null, null, null, null, null, null, null, null, null, null, null, null]}, "Bagan Serai": {"baseline": [1.0, null, null, null, 1.0, 1.0588235294117647, 1.135135135135135, 1.3, 1.5, 1.3, 1.3, 1.2, 1.4615384615384615, 1.5714285714285714, 1.2352941176470589, 1.8571428571428572, 1.5555555555555556, 1.25, 1.0, 1.1428571428571428, 1.0, null, 1.0, null], "baseline_730": [1.0, null, null, null, 1.0, 1.0588235294117647, 1.135135135135135, 1.3, 1.5, 1.3, 1.3, 1.2, 1.4615384615384615, 1.5714285714285714, 1.2352941176470589, 1.8571428571428572, 1.5555555555555556, 1.25, 1.0, 1.1428571428571428, 1.0, null, 1.0, null], "today": [null, null, null, null, null, null, null, null, null, null, null, null, null, null, null, null, null, null, null, null, null, null, null, null]}, "Bukit Ketri": {"baseline": [null, null, null, null, null, null, 1.0, null, 1.0, 1.0, 1.0, 1.0, null, 1.0, 1.0, null, 1.0, 1.0, null, null, 1.0, 1.0, 2.0, 1.0], "baseline_730": [null, null, null, null, null, null, 1.0, null, 1.0, 1.0, 1.0, 1.0, null, 1.0, 1.0, null, 1.0, 1.0, null, null, 1.0, 1.0, 2.0, 1.0], "today": [null, null, null, null, null, null, null, null, null, null, null, null, null, null, null, null, null, null, null, null, null, null, null, null]}, "Bukit Mertajam": {"baseline": [1.5, 1.0, 1.2, 1.0, 1.0, 2.6065573770491803, 3.549019607843137, 3.3630573248407645, 1.9666666666666666, 1.3614457831325302, 2.3739837398373984, 1.5681818181818181, 2.3684210526315788, 1.5833333333333333, 2.856, 2.057471264367816, 2.279279279279279, 2.3518518518518516, 2.6666666666666665, 2.3333333333333335, 1.7525773195876289, 3.0793650793650795, 3.0, 1.4444444444444444], "baseline_730": [1.5, 1.0, 1.2, 1.0, 1.0, 2.6065573770491803, 3.549019607843137, 3.3630573248407645, 1.9666666666666666, 1.3614457831325302, 2.3739837398373984, 1.5681818181818181, 2.3684210526315788, 1.5833333333333333, 2.856, 2.057471264367816, 2.279279279279279, 2.3518518518518516, 2.6666666666666665, 2.3333333333333335, 1.7525773195876289, 3.0793650793650795, 3.0, 1.4444444444444444], "today": [null, null, null, null, null, 9.0, 10.0, 4.0, null, 1.0, null, 1.0, null, 1.0, 1.0, 1.0, 1.0, null, 5.0, null, 1.0, 3.0, null, 1.0]}, "Bukit Tengah": {"baseline": [1.7777777777777777, 1.1333333333333333, 1.0, 1.0, 1.588235294117647, 4.9423076923076925, 5.773584905660377, 6.383233532934132, 2.739130434782609, 1.5405405405405406, 2.8776978417266186, 1.7606837606837606, 2.6884057971014492, 1.4310344827586208, 2.7697841726618706, 2.2063492063492065, 2.4779411764705883, 2.485294117647059, 3.6474358974358974, 3.3076923076923075, 2.2427184466019416, 5.496815286624204, 9.75, 2.3980582524271843], "baseline_730": [1.7777777777777777, 1.1333333333333333, 1.0, 1.0, 1.588235294117647, 4.9423076923076925, 5.773584905660377, 6.383233532934132, 2.739130434782609, 1.5405405405405406, 2.8776978417266186, 1.7606837606837606, 2.6884057971014492, 1.4310344827586208, 2.7697841726618706, 2.2063492063492065, 2.4779411764705883, 2.485294117647059, 3.6474358974358974, 3.3076923076923075, 2.2427184466019416, 5.496815286624204, 9.75, 2.3980582524271843], "today": [null, null, null, 1.0, 3.0, 19.0, 13.0, 15.0, 2.0, null, 2.0, 2.0, null, null, 6.0, 1.0, 1.0, null, null, null, null, 3.0, null, 1.0]}, "Butterworth": {"baseline": [1.7916666666666667, 1.375, 1.5, 1.0, 1.5121951219512195, 2.9791666666666665, 4.76, 3.5238095238095237, 3.2327044025157234, 2.032258064516129, 3.331034482758621, 2.2735042735042734, 3.4097222222222223, 1.819672131147541, 3.607142857142857, 2.934959349593496, 3.05, 2.7857142857142856, 2.7111111111111112, 2.584070796460177, 1.5897435897435896, 2.5476190476190474, 5.857142857142857, 1.2765957446808511], "baseline_730": [1.7916666666666667, 1.375, 1.5, 1.0, 1.5121951219512195, 2.9791666666666665, 4.76, 3.5238095238095237, 3.2327044025157234, 2.032258064516129, 3.331034482758621, 2.2735042735042734, 3.4097222222222223, 1.819672131147541, 3.607142857142857, 2.934959349593496, 3.05, 2.7857142857142856, 2.7111111111111112, 2.584070796460177, 1.5897435897435896, 2.5476190476190474, 5.857142857142857, 1.2765957446808511], "today": [null, null, null, 1.0, null, 8.0, 9.0, 8.0, 3.0, null, 3.0, 3.0, 3.0, null, null, null, 1.0, 2.0, null, 4.0, 1.0, null, null, null]}, "Gurun": {"baseline": [1.5, 1.6666666666666667, 1.0, 2.0, 1.0, 1.2653061224489797, 2.7027027027027026, 1.878787878787879, 1.4583333333333333, 1.3793103448275863, 1.7605633802816902, 1.3255813953488371, 1.608695652173913, 2.0, 2.473684210526316, 1.8771929824561404, 1.8240740740740742, 1.9268292682926829, 1.7710843373493976, 1.6, 1.25, 1.3658536585365855, 4.5, null], "baseline_730": [1.5, 1.6666666666666667, 1.0, 2.0, 1.0, 1.2653061224489797, 2.7027027027027026, 1.878787878787879, 1.4583333333333333, 1.3793103448275863, 1.7605633802816902, 1.3255813953488371, 1.608695652173913, 2.0, 2.473684210526316, 1.8771929824561404, 1.8240740740740742, 1.9268292682926829, 1.7710843373493976, 1.6, 1.25, 1.3658536585365855, 4.5, null], "today": [null, null, null, null, null, null, 2.0, 1.0, null, null, null, null, null, null, null, null, null, 1.0, null, null, null, null, 1.0, null]},