{"service": "komuter_utara", "origin": "Bukit Ketri", "latest_date": "2026-07-07", "destinations": {"Alor Setar": {"baseline": [1.6666666666666667, 1.1, 1.3333333333333333, null, 1.0769230769230769, 1.5535714285714286, 5.011627906976744, 4.574712643678161, 3.792134831460674, 2.0808823529411766, 4.670731707317073, 2.9371069182389937, 3.789473684210526, 2.123809523809524, 3.595744680851064, 3.0977443609022557, 2.576923076923077, 2.234042553191489, 2.2661870503597124, 2.217741935483871, 1.1515151515151516, 1.6981132075471699, 1.813953488372093, null], "baseline_730": [1.6666666666666667, 1.1, 1.3333333333333333, null, 1.0769230769230769, 1.5535714285714286, 5.011627906976744, 4.574712643678161, 3.792134831460674, 2.0808823529411766, 4.670731707317073, 2.9371069182389937, 3.789473684210526, 2.123809523809524, 3.595744680851064, 3.0977443609022557, 2.576923076923077, 2.234042553191489, 2.2661870503597124, 2.217741935483871, 1.1515151515151516, 1.6981132075471699, 1.813953488372093, null], "today": [null, null, null, null, null, 2.0, 2.0, 4.0, 3.0, 1.0, null, 3.0, 2.0, 2.0, 1.0, 1.0, 1.0, null, 1.0, 1.0, null, null, null, null]}, "Anak Bukit": {"baseline": [1.4, 1.0, 1.0, 1.0, 1.0, 1.2923076923076924, 3.709090909090909, 2.693877551020408, 1.6194690265486726, 1.2244897959183674, 1.732394366197183, 1.3157894736842106, 2.1470588235294117, 1.5238095238095237, 2.388888888888889, 2.0625, 1.6746987951807228, 1.856, 1.5688073394495412, 2.4903846153846154, 1.4242424242424243, 1.2857142857142858, 1.5666666666666667, 1.0], "baseline_730": [1.4, 1.0, 1.0, 1.0, 1.0, 1.2923076923076924, 3.709090909090909, 2.693877551020408, 1.6194690265486726, 1.2244897959183674, 1.732394366197183, 1.3157894736842106, 2.1470588235294117, 1.5238095238095237, 2.388888888888889, 2.0625, 1.6746987951807228, 1.856, 1.5688073394495412, 2.4903846153846154, 1.4242424242424243, 1.2857142857142858, 1.5666666666666667, 1.0], "today": [null, null, null, null, null, 1.0, 5.0, 1.0, null, null, null, null, null, null, null, 2.0, null, 1.0, null, null, 1.0, null, null, null]}, "Arau": {"baseline": [2.0, null, null, 1.0, null, 1.0, 1.1940298507462686, 1.2857142857142858, 1.1764705882352942, 1.0833333333333333, 1.25, 1.2307692307692308, 1.21875, 1.0, 1.4242424242424243, 1.391304347826087, 1.56, 1.44, 1.125, 1.375, 1.2222222222222223, 1.0, 1.5, 1.1428571428571428], "baseline_730": [2.0, null, null, 1.0, null, 1.0, 1.1940298507462686, 1.2857142857142858, 1.1764705882352942, 1.0833333333333333, 1.25, 1.2307692307692308, 1.21875, 1.0, 1.4242424242424243, 1.391304347826087, 1.56, 1.44, 1.125, 1.375, 1.2222222222222223, 1.0, 1.5, 1.1428571428571428], "today": [null, null, null, null, null, null, null, 1.0, null, null, null, null, null, null, null, 1.0, null, null, null, null, null, null, null, null]}, "Bagan Serai": {"baseline": [1.0, null, null, null, 1.0, 1.0533333333333332, 1.119047619047619, 1.3333333333333333, 1.5, 1.2727272727272727, 1.2857142857142858, 1.2, 1.4615384615384615, 1.5, 1.25, 1.75, 1.5789473684210527, 1.2, 1.0, 1.2, 1.0, null, 1.0, null], "baseline_730": [1.0, null, null, null, 1.0, 1.0533333333333332, 1.119047619047619, 1.3333333333333333, 1.5, 1.2727272727272727, 1.2857142857142858, 1.2, 1.4615384615384615, 1.5, 1.25, 1.75, 1.5789473684210527, 1.2, 1.0, 1.2, 1.0, null, 1.0, null], "today": [null, null, null, null, null, null, 2.0, null, null, null, null, null, null, null, null, null, null, 1.0, null, null, null, null, null, null]}, "Bukit Ketri": {"baseline": [null, null, null, null, null, null, 1.0, null, 1.0, 1.0, 1.0, 1.0, null, 1.0, 1.0, null, 1.0, 1.0, null, null, 1.0, 1.0, 2.0, 1.0], "baseline_730": [null, null, null, null, null, null, 1.0, null, 1.0, 1.0, 1.0, 1.0, null, 1.0, 1.0, null, 1.0, 1.0, null, null, 1.0, 1.0, 2.0, 1.0], "today": [null, null, null, null, null, null, null, null, null, null, null, null, null, null, null, null, null, null, null, null, null, null, null, null]}, "Bukit Mertajam": {"baseline": [1.5, 1.0, 1.2, 1.0, 1.0, 2.6544117647058822, 3.5680473372781063, 3.3313953488372094, 2.0408163265306123, 1.3409090909090908, 2.381679389312977, 1.595959595959596, 2.3524590163934427, 1.5535714285714286, 2.802919708029197, 2.01, 2.227642276422764, 2.3217391304347825, 2.647887323943662, 2.305084745762712, 1.7657657657657657, 3.036764705882353, 3.0, 1.4166666666666667], "baseline_730": [1.5, 1.0, 1.2, 1.0, 1.0, 2.6544117647058822, 3.5680473372781063, 3.3313953488372094, 2.0408163265306123, 1.3409090909090908, 2.381679389312977, 1.595959595959596, 2.3524590163934427, 1.5535714285714286, 2.802919708029197, 2.01, 2.227642276422764, 2.3217391304347825, 2.647887323943662, 2.305084745762712, 1.7657657657657657, 3.036764705882353, 3.0, 1.4166666666666667], "today": [null, null, null, null, null, null, 3.0, 3.0, 1.0, null, 2.0, 2.0, null, 2.0, 1.0, 2.0, 1.0, 3.0, 5.0, null, null, 1.0, null, 1.0]}, "Bukit Tengah": {"baseline": [1.736842105263158, 1.125, 1.0, 1.0, 1.5689655172413792, 4.941860465116279, 5.948571428571428, 6.619565217391305, 2.6953642384105962, 1.5375, 2.9019607843137254, 1.7384615384615385, 2.6233766233766236, 1.453125, 2.8451612903225807, 2.1605839416058394, 2.437086092715232, 2.496598639455782, 3.7294117647058824, 3.3120567375886525, 2.2962962962962963, 5.4476744186046515, 9.75, 2.4324324324324325], "baseline_730": [1.736842105263158, 1.125, 1.0, 1.0, 1.5689655172413792, 4.941860465116279, 5.948571428571428, 6.619565217391305, 2.6953642384105962, 1.5375, 2.9019607843137254, 1.7384615384615385, 2.6233766233766236, 1.453125, 2.8451612903225807, 2.1605839416058394, 2.437086092715232, 2.496598639455782, 3.7294117647058824, 3.3120567375886525, 2.2962962962962963, 5.4476744186046515, 9.75, 2.4324324324324325], "today": [null, null, null, null, null, 4.0, 7.0, 5.0, 3.0, null, null, 2.0, 1.0, null, 1.0, 1.0, 3.0, 5.0, 8.0, 5.0, null, 2.0, null, 1.0]}, "Butterworth": {"baseline": [1.8148148148148149, 1.3529411764705883, 1.4285714285714286, 1.0, 1.4772727272727273, 3.157232704402516, 4.838323353293413, 3.5521472392638036, 3.2298850574712645, 1.9807692307692308, 3.3354430379746836, 2.276923076923077, 3.3797468354430378, 1.796875, 3.5454545454545454, 2.8863636363636362, 2.9545454545454546, 2.7028985507246377, 2.689655172413793, 2.5873015873015874, 1.6744186046511629, 2.5611510791366907, 5.857142857142857, 1.3269230769230769], "baseline_730": [1.8148148148148149, 1.3529411764705883, 1.4285714285714286, 1.0, 1.4772727272727273, 3.157232704402516, 4.838323353293413, 3.5521472392638036, 3.2298850574712645, 1.9807692307692308, 3.3354430379746836, 2.276923076923077, 3.3797468354430378, 1.796875, 3.5454545454545454, 2.8863636363636362, 2.9545454545454546, 2.7028985507246377, 2.689655172413793, 2.5873015873015874, 1.6744186046511629, 2.5611510791366907, 5.857142857142857, 1.3269230769230769], "today": [null, null, null, null, null, null, 2.0, 1.0, 1.0, null, 1.0, 3.0, null, null, 1.0, null, null, 2.0, 2.0, 2.0, 1.0, 2.0, null, null]}, "Gurun": {"baseline": [1.5, 1.6666666666666667, 1.0, 2.0, 1.0, 1.25, 2.7116564417177913, 1.9726027397260273, 1.4675324675324675, 1.3333333333333333, 1.8026315789473684, 1.3125, 1.5921052631578947, 2.085714285714286, 2.46875, 2.0303030303030303, 1.8695652173913044, 1.8936170212765957, 1.8111111111111111, 1.576271186440678, 1.2325581395348837, 1.3333333333333333, 2.4, 2.0], "baseline_730": [1.5, 1.6666666666666667, 1.0, 2.0, 1.0, 1.25, 2.7116564417177913, 1.9726027397260273, 1.4675324675324675, 1.3333333333333333, 1.8026315789473684, 1.3125, 1.5921052631578947, 2.085714285714286, 2.46875, 2.0303030303030303, 1.8695652173913044, 1.8936170212765957, 1.8111111111111111, 1.576271186440678, 1.2325581395348837, 1.3333333333333333, 2.4, 2.0], "today": [null, null, null, null, null, 1.0, 4.0, null, null, null, null, null, 1.0, null, null, null, null, 1.0, 1.0, null, null, null, null, null]},