{"service": "komuter_utara", "origin": "Bukit Ketri", "latest_date": "2026-07-09", "destinations": {"Alor Setar": {"baseline": [1.6666666666666667, 1.1, 1.3333333333333333, null, 1.0769230769230769, 1.5526315789473684, 4.994252873563219, 4.568181818181818, 3.8, 2.072992700729927, 4.670731707317073, 2.9375, 3.779220779220779, 2.1226415094339623, 3.5774647887323945, 3.088888888888889, 2.5619047619047617, 2.232394366197183, 2.24822695035461, 2.1984126984126986, 1.1515151515151516, 1.6981132075471699, 1.813953488372093, null], "baseline_730": [1.6666666666666667, 1.1, 1.3333333333333333, null, 1.0769230769230769, 1.5526315789473684, 4.994252873563219, 4.568181818181818, 3.8, 2.072992700729927, 4.670731707317073, 2.9375, 3.779220779220779, 2.1226415094339623, 3.5774647887323945, 3.088888888888889, 2.5619047619047617, 2.232394366197183, 2.24822695035461, 2.1984126984126986, 1.1515151515151516, 1.6981132075471699, 1.813953488372093, null], "today": [null, null, null, null, null, 2.0, 5.0, 4.0, 2.0, 3.0, null, 3.0, 2.0, null, 2.0, null, null, null, 1.0, 1.0, null, null, null, null]}, "Anak Bukit": {"baseline": [1.3636363636363635, 1.0, 1.0, 1.0, 1.0, 1.2835820895522387, 3.7245508982035926, 2.6711409395973154, 1.6194690265486726, 1.2244897959183674, 1.7222222222222223, 1.3157894736842106, 2.1470588235294117, 1.5238095238095237, 2.388888888888889, 2.0617283950617282, 1.6746987951807228, 1.8425196850393701, 1.5688073394495412, 2.4903846153846154, 1.411764705882353, 1.2857142857142858, 1.5666666666666667, 1.0], "baseline_730": [1.3636363636363635, 1.0, 1.0, 1.0, 1.0, 1.2835820895522387, 3.7245508982035926, 2.6711409395973154, 1.6194690265486726, 1.2244897959183674, 1.7222222222222223, 1.3157894736842106, 2.1470588235294117, 1.5238095238095237, 2.388888888888889, 2.0617283950617282, 1.6746987951807228, 1.8425196850393701, 1.5688073394495412, 2.4903846153846154, 1.411764705882353, 1.2857142857142858, 1.5666666666666667, 1.0], "today": [null, null, null, null, null, 1.0, 7.0, 1.0, 2.0, null, 2.0, 1.0, null, null, null, 1.0, 2.0, 2.0, null, 5.0, null, null, null, null]}, "Arau": {"baseline": [2.0, null, null, 1.0, null, 1.0, 1.1940298507462686, 1.2702702702702702, 1.1764705882352942, 1.0833333333333333, 1.25, 1.2307692307692308, 1.21875, 1.0, 1.4242424242424243, 1.375, 1.56, 1.4615384615384615, 1.125, 1.375, 1.2222222222222223, 1.0, 1.5, 1.1428571428571428], "baseline_730": [2.0, null, null, 1.0, null, 1.0, 1.1940298507462686, 1.2702702702702702, 1.1764705882352942, 1.0833333333333333, 1.25, 1.2307692307692308, 1.21875, 1.0, 1.4242424242424243, 1.375, 1.56, 1.4615384615384615, 1.125, 1.375, 1.2222222222222223, 1.0, 1.5, 1.1428571428571428], "today": [null, null, null, null, null, null, null, 1.0, null, null, null, null, 2.0, null, null, null, null, 1.0, null, null, null, null, null, null]}, "Bagan Serai": {"baseline": [1.0, null, null, null, 1.0, 1.0526315789473684, 1.1395348837209303, 1.3333333333333333, 1.5, 1.2727272727272727, 1.2727272727272727, 1.2, 1.4615384615384615, 1.5, 1.25, 1.75, 1.5789473684210527, 1.1875, 1.0, 1.2, 1.0, null, 1.0, null], "baseline_730": [1.0, null, null, null, 1.0, 1.0526315789473684, 1.1395348837209303, 1.3333333333333333, 1.5, 1.2727272727272727, 1.2727272727272727, 1.2, 1.4615384615384615, 1.5, 1.25, 1.75, 1.5789473684210527, 1.1875, 1.0, 1.2, 1.0, null, 1.0, null], "today": [null, null, null, null, null, 1.0, 1.0, null, null, null, null, null, null, null, null, null, null, null, null, null, null, null, null, null]}, "Bukit Ketri": {"baseline": [null, null, null, null, null, null, 1.0, null, 1.0, 1.0, 1.0, 1.0, null, 1.0, 1.0, null, 1.0, 1.0, null, null, 1.0, 1.0, 2.0, 1.0], "baseline_730": [null, null, null, null, null, null, 1.0, null, 1.0, 1.0, 1.0, 1.0, null, 1.0, 1.0, null, 1.0, 1.0, null, null, 1.0, 1.0, 2.0, 1.0], "today": [null, null, null, null, null, null, null, null, null, null, null, null, null, null, null, null, null, null, null, null, null, null, null, null]}, "Bukit Mertajam": {"baseline": [1.5, 1.0, 1.2, 1.0, 1.0, 2.656934306569343, 3.56140350877193, 3.32183908045977, 2.0303030303030303, 1.3707865168539326, 2.378787878787879, 1.5940594059405941, 2.3524590163934427, 1.5614035087719298, 2.820143884892086, 2.0098039215686274, 2.208, 2.3275862068965516, 2.6527777777777777, 2.305084745762712, 1.7657657657657657, 3.021897810218978, 3.0, 1.4098360655737705], "baseline_730": [1.5, 1.0, 1.2, 1.0, 1.0, 2.656934306569343, 3.56140350877193, 3.32183908045977, 2.0303030303030303, 1.3707865168539326, 2.378787878787879, 1.5940594059405941, 2.3524590163934427, 1.5614035087719298, 2.820143884892086, 2.0098039215686274, 2.208, 2.3275862068965516, 2.6527777777777777, 2.305084745762712, 1.7657657657657657, 3.021897810218978, 3.0, 1.4098360655737705], "today": [null, null, null, null, null, 1.0, 1.0, 6.0, 1.0, null, 3.0, null, null, null, 3.0, 1.0, 1.0, null, 1.0, 1.0, 1.0, 1.0, null, 4.0]}, "Bukit Tengah": {"baseline": [1.736842105263158, 1.125, 1.0, 1.0, 1.564102564102564, 4.942528735632184, 5.943502824858757, 6.639784946236559, 2.712418300653595, 1.5308641975308641, 2.896103896103896, 1.7424242424242424, 2.6025641025641026, 1.453125, 2.8343949044585988, 2.143884892086331, 2.4313725490196076, 2.51006711409396, 3.744186046511628, 3.323943661971831, 2.2844036697247705, 5.408045977011494, 9.75, 2.419642857142857], "baseline_730": [1.736842105263158, 1.125, 1.0, 1.0, 1.564102564102564, 4.942528735632184, 5.943502824858757, 6.639784946236559, 2.712418300653595, 1.5308641975308641, 2.896103896103896, 1.7424242424242424, 2.6025641025641026, 1.453125, 2.8343949044585988, 2.143884892086331, 2.4313725490196076, 2.51006711409396, 3.744186046511628, 3.323943661971831, 2.2844036697247705, 5.408045977011494, 9.75, 2.419642857142857], "today": [null, null, 1.0, null, 1.0, 4.0, 11.0, 7.0, 2.0, 1.0, 2.0, 1.0, 1.0, null, 3.0, 3.0, 4.0, 1.0, 2.0, 1.0, 1.0, 2.0, null, 1.0]}, "Butterworth": {"baseline": [1.8148148148148149, 1.3529411764705883, 1.4285714285714286, 1.0, 1.4772727272727273, 3.175, 4.810650887573964, 3.521212121212121, 3.2329545454545454, 1.9807692307692308, 3.3207547169811322, 2.2954545454545454, 3.3797468354430378, 1.796875, 3.5128205128205128, 2.8863636363636362, 2.9398496240601504, 2.697841726618705, 2.684931506849315, 2.5703125, 1.6590909090909092, 2.557142857142857, 5.857142857142857, 1.320754716981132], "baseline_730": [1.8148148148148149, 1.3529411764705883, 1.4285714285714286, 1.0, 1.4772727272727273, 3.175, 4.810650887573964, 3.521212121212121, 3.2329545454545454, 1.9807692307692308, 3.3207547169811322, 2.2954545454545454, 3.3797468354430378, 1.796875, 3.5128205128205128, 2.8863636363636362, 2.9398496240601504, 2.697841726618705, 2.684931506849315, 2.5703125, 1.6590909090909092, 2.557142857142857, 5.857142857142857, 1.320754716981132], "today": [null, null, null, null, null, 3.0, 3.0, 12.0, 3.0, 2.0, 1.0, null, 3.0, null, 2.0, 2.0, null, null, 3.0, null, null, null, null, null]}, "Gurun": {"baseline": [1.5, 1.6666666666666667, 1.0, 2.0, 1.0, 1.2407407407407407, 2.7151515151515153, 1.9726027397260273, 1.4675324675324675, 1.3333333333333333, 1.8026315789473684, 1.3125, 1.5844155844155845, 2.085714285714286, 2.46875, 2.0303030303030303, 1.8706896551724137, 1.8842105263157896, 1.8021978021978022, 1.5666666666666667, 1.2272727272727273, 1.3265306122448979, 2.4, 2.0], "baseline_730": [1.5, 1.6666666666666667, 1.0, 2.0, 1.0, 1.2407407407407407, 2.7151515151515153, 1.9726027397260273, 1.4675324675324675, 1.3333333333333333, 1.8026315789473684, 1.3125, 1.5844155844155845, 2.085714285714286, 2.46875, 2.0303030303030303, 1.8706896551724137, 1.8842105263157896, 1.8021978021978022, 1.5666666666666667, 1.2272727272727273, 1.3265306122448979, 2.4, 2.0], "today": [null, null, null, null, null, null, 4.0, null, null, null, 2.0, null, 1.0, null, 1.0, null, null, null, 1.0, null, null, null, null, null]},