{"service": "komuter_utara", "origin": "Bukit Ketri", "latest_date": "2026-07-08", "destinations": {"Alor Setar": {"baseline": [1.6666666666666667, 1.1, 1.3333333333333333, null, 1.0769230769230769, 1.5575221238938053, 4.994219653179191, 4.571428571428571, 3.787709497206704, 2.072992700729927, 4.670731707317073, 2.9375, 3.7777777777777777, 2.1226415094339623, 3.5774647887323945, 3.082089552238806, 2.5619047619047617, 2.234042553191489, 2.257142857142857, 2.208, 1.1515151515151516, 1.6981132075471699, 1.813953488372093, null], "baseline_730": [1.6666666666666667, 1.1, 1.3333333333333333, null, 1.0769230769230769, 1.5575221238938053, 4.994219653179191, 4.571428571428571, 3.787709497206704, 2.072992700729927, 4.670731707317073, 2.9375, 3.7777777777777777, 2.1226415094339623, 3.5774647887323945, 3.082089552238806, 2.5619047619047617, 2.234042553191489, 2.257142857142857, 2.208, 1.1515151515151516, 1.6981132075471699, 1.813953488372093, null], "today": [null, null, null, null, null, 1.0, 5.0, 4.0, 6.0, null, null, null, 4.0, null, null, 4.0, null, 2.0, 1.0, 1.0, null, null, null, null]}, "Anak Bukit": {"baseline": [1.4, 1.0, 1.0, 1.0, 1.0, 1.2878787878787878, 3.716867469879518, 2.6824324324324325, 1.6194690265486726, 1.2244897959183674, 1.732394366197183, 1.3157894736842106, 2.1470588235294117, 1.5238095238095237, 2.388888888888889, 2.0617283950617282, 1.6746987951807228, 1.8492063492063493, 1.5688073394495412, 2.4903846153846154, 1.411764705882353, 1.2857142857142858, 1.5666666666666667, 1.0], "baseline_730": [1.4, 1.0, 1.0, 1.0, 1.0, 1.2878787878787878, 3.716867469879518, 2.6824324324324325, 1.6194690265486726, 1.2244897959183674, 1.732394366197183, 1.3157894736842106, 2.1470588235294117, 1.5238095238095237, 2.388888888888889, 2.0617283950617282, 1.6746987951807228, 1.8492063492063493, 1.5688073394495412, 2.4903846153846154, 1.411764705882353, 1.2857142857142858, 1.5666666666666667, 1.0], "today": [1.0, null, null, 1.0, null, 1.0, 5.0, 1.0, null, null, 1.0, null, null, null, null, null, null, 1.0, null, null, null, null, null, null]}, "Arau": {"baseline": [2.0, null, null, 1.0, null, 1.0, 1.1940298507462686, 1.2777777777777777, 1.1764705882352942, 1.0833333333333333, 1.25, 1.2307692307692308, 1.21875, 1.0, 1.4242424242424243, 1.375, 1.56, 1.44, 1.125, 1.375, 1.2222222222222223, 1.0, 1.5, 1.1428571428571428], "baseline_730": [2.0, null, null, 1.0, null, 1.0, 1.1940298507462686, 1.2777777777777777, 1.1764705882352942, 1.0833333333333333, 1.25, 1.2307692307692308, 1.21875, 1.0, 1.4242424242424243, 1.375, 1.56, 1.44, 1.125, 1.375, 1.2222222222222223, 1.0, 1.5, 1.1428571428571428], "today": [null, null, null, null, null, null, null, 1.0, null, null, null, null, null, null, null, null, null, 2.0, null, null, null, null, null, null]}, "Bagan Serai": {"baseline": [1.0, null, null, null, 1.0, 1.0533333333333332, 1.1395348837209303, 1.3333333333333333, 1.5, 1.2727272727272727, 1.2857142857142858, 1.2, 1.4615384615384615, 1.5, 1.25, 1.75, 1.5789473684210527, 1.1875, 1.0, 1.2, 1.0, null, 1.0, null], "baseline_730": [1.0, null, null, null, 1.0, 1.0533333333333332, 1.1395348837209303, 1.3333333333333333, 1.5, 1.2727272727272727, 1.2857142857142858, 1.2, 1.4615384615384615, 1.5, 1.25, 1.75, 1.5789473684210527, 1.1875, 1.0, 1.2, 1.0, null, 1.0, null], "today": [null, null, null, null, null, 1.0, null, null, null, null, 1.0, null, null, null, null, null, null, null, null, null, 1.0, null, null, null]}, "Bukit Ketri": {"baseline": [null, null, null, null, null, null, 1.0, null, 1.0, 1.0, 1.0, 1.0, null, 1.0, 1.0, null, 1.0, 1.0, null, null, 1.0, 1.0, 2.0, 1.0], "baseline_730": [null, null, null, null, null, null, 1.0, null, 1.0, 1.0, 1.0, 1.0, null, 1.0, 1.0, null, 1.0, 1.0, null, null, 1.0, 1.0, 2.0, 1.0], "today": [null, null, null, null, null, null, null, null, null, null, null, null, null, null, null, null, null, null, null, null, null, null, null, null]}, "Bukit Mertajam": {"baseline": [1.5, 1.0, 1.2, 1.0, 1.0, 2.6544117647058822, 3.5647058823529414, 3.3294797687861273, 2.0303030303030303, 1.3409090909090908, 2.378787878787879, 1.6, 2.3524590163934427, 1.5614035087719298, 2.789855072463768, 2.00990099009901, 2.217741935483871, 2.3275862068965516, 2.664335664335664, 2.305084745762712, 1.7657657657657657, 3.021897810218978, 3.0, 1.4098360655737705], "baseline_730": [1.5, 1.0, 1.2, 1.0, 1.0, 2.6544117647058822, 3.5647058823529414, 3.3294797687861273, 2.0303030303030303, 1.3409090909090908, 2.378787878787879, 1.6, 2.3524590163934427, 1.5614035087719298, 2.789855072463768, 2.00990099009901, 2.217741935483871, 2.3275862068965516, 2.664335664335664, 2.305084745762712, 1.7657657657657657, 3.021897810218978, 3.0, 1.4098360655737705], "today": [null, null, null, null, null, 3.0, 3.0, 2.0, null, 4.0, null, 1.0, null, null, 7.0, 2.0, 1.0, null, 1.0, null, null, null, null, null]}, "Bukit Tengah": {"baseline": [1.736842105263158, 1.125, 1.0, 1.0, 1.5689655172413792, 4.936416184971098, 5.954545454545454, 6.610810810810811, 2.6973684210526314, 1.5375, 2.9019607843137254, 1.7404580152671756, 2.6129032258064515, 1.453125, 2.8333333333333335, 2.152173913043478, 2.4407894736842106, 2.5135135135135136, 3.754385964912281, 3.323943661971831, 2.2962962962962963, 5.427745664739884, 9.75, 2.419642857142857], "baseline_730": [1.736842105263158, 1.125, 1.0, 1.0, 1.5689655172413792, 4.936416184971098, 5.954545454545454, 6.610810810810811, 2.6973684210526314, 1.5375, 2.9019607843137254, 1.7404580152671756, 2.6129032258064515, 1.453125, 2.8333333333333335, 2.152173913043478, 2.4407894736842106, 2.5135135135135136, 3.754385964912281, 3.323943661971831, 2.2962962962962963, 5.427745664739884, 9.75, 2.419642857142857], "today": [null, null, null, null, 1.0, 6.0, 4.0, 12.0, 5.0, 1.0, 2.0, 2.0, 1.0, null, 3.0, 1.0, 1.0, 2.0, 2.0, null, 1.0, 2.0, null, null]}, "Butterworth": {"baseline": [1.8148148148148149, 1.3529411764705883, 1.4285714285714286, 1.0, 1.4772727272727273, 3.157232704402516, 4.821428571428571, 3.5365853658536586, 3.217142857142857, 1.9807692307692308, 3.3207547169811322, 2.282442748091603, 3.3797468354430378, 1.796875, 3.529032258064516, 2.8863636363636362, 2.9545454545454546, 2.697841726618705, 2.684931506849315, 2.5826771653543306, 1.6666666666666667, 2.557142857142857, 5.857142857142857, 1.3269230769230769], "baseline_730": [1.8148148148148149, 1.3529411764705883, 1.4285714285714286, 1.0, 1.4772727272727273, 3.157232704402516, 4.821428571428571, 3.5365853658536586, 3.217142857142857, 1.9807692307692308, 3.3207547169811322, 2.282442748091603, 3.3797468354430378, 1.796875, 3.529032258064516, 2.8863636363636362, 2.9545454545454546, 2.697841726618705, 2.684931506849315, 2.5826771653543306, 1.6666666666666667, 2.557142857142857, 5.857142857142857, 1.3269230769230769], "today": [null, null, null, null, null, 6.0, 3.0, 1.0, 6.0, null, null, 4.0, null, null, 1.0, null, 1.0, null, null, 1.0, 1.0, null, null, 1.0]}, "Gurun": {"baseline": [1.5, 1.6666666666666667, 1.0, 2.0, 1.0, 1.2452830188679245, 2.7195121951219514, 1.9726027397260273, 1.4675324675324675, 1.3333333333333333, 1.8026315789473684, 1.3125, 1.5844155844155845, 2.085714285714286, 2.46875, 2.0303030303030303, 1.8695652173913044, 1.8842105263157896, 1.8021978021978022, 1.576271186440678, 1.2325581395348837, 1.3333333333333333, 2.4, 2.0], "baseline_730": [1.5, 1.6666666666666667, 1.0, 2.0, 1.0, 1.2452830188679245, 2.7195121951219514, 1.9726027397260273, 1.4675324675324675, 1.3333333333333333, 1.8026315789473684, 1.3125, 1.5844155844155845, 2.085714285714286, 2.46875, 2.0303030303030303, 1.8695652173913044, 1.8842105263157896, 1.8021978021978022, 1.576271186440678, 1.2325581395348837, 1.3333333333333333, 2.4, 2.0], "today": [null, null, null, null, null, 1.0, 2.0, null, null, null, null, null, null, null, null, null, 2.0, null, null, 1.0, 1.0, 1.0, null, null]},