{"service": "komuter_utara", "origin": "Butterworth", "latest_date": "2025-12-31", "destinations": {"Alor Setar": {"baseline": [1.8579881656804733, 1.4528301886792452, 1.54, 1.3617021276595744, 2.0717703349282295, 2.8686868686868685, 10.859504132231406, 13.282967032967033, 13.42032967032967, 13.277472527472527, 13.368131868131869, 15.607142857142858, 13.832417582417582, 15.090659340659341, 18.013736263736263, 18.87912087912088, 22.478021978021978, 20.87912087912088, 22.063186813186814, 16.747252747252748, 15.365384615384615, 7.280555555555556, 4.780185758513932, 2.45], "today": [2.0, null, null, 1.0, null, null, 16.0, 6.0, 12.0, 16.0, 18.0, 23.0, 14.0, 23.0, 25.0, 24.0, 24.0, 40.0, 42.0, 28.0, 17.0, 5.0, 5.0, null]}, "Anak Bukit": {"baseline": [1.3380281690140845, 1.3404255319148937, 1.2258064516129032, 1.103448275862069, 1.4577464788732395, 1.8786764705882353, 7.289693593314763, 6.302521008403361, 4.543103448275862, 4.2507552870090635, 4.585014409221902, 4.633136094674557, 4.923976608187134, 5.4409221902017295, 7.344444444444444, 7.375350140056023, 9.969780219780219, 9.766483516483516, 10.821428571428571, 9.477900552486188, 7.5777777777777775, 4.102639296187683, 2.1025641025641026, 2.023529411764706], "today": [1.0, null, null, null, null, 2.0, 3.0, 1.0, 4.0, 3.0, 3.0, 7.0, 7.0, 8.0, 6.0, 11.0, 8.0, 23.0, 15.0, 11.0, 11.0, 6.0, 1.0, 2.0]}, "Arau": {"baseline": [2.4603174603174605, 1.825, 1.4939759036144578, 1.3793103448275863, 2.563380281690141, 4.2485549132947975, 12.256198347107437, 11.925207756232687, 10.357142857142858, 11.244444444444444, 12.942148760330578, 11.194986072423399, 14.079889807162534, 11.38121546961326, 18.763736263736263, 13.96132596685083, 19.51923076923077, 15.451790633608816, 17.865384615384617, 11.453038674033149, 10.847645429362881, 6.879888268156424, 1.6511627906976745, 2.882978723404255], "today": [1.0, null, null, null, 1.0, 3.0, 9.0, 11.0, 7.0, 16.0, 7.0, 15.0, 12.0, 8.0, 18.0, 11.0, 16.0, 12.0, 20.0, 14.0, 19.0, 10.0, null, 4.0]}, "Bagan Serai": {"baseline": [1.0555555555555556, 1.1, 1.0, 1.0, 1.2352941176470589, 1.5112781954887218, 2.12396694214876, 2.0376175548589344, 2.0708661417322833, 1.727891156462585, 1.5467625899280575, 2.0372093023255813, 1.8563218390804597, 2.3617021276595747, 1.9609756097560975, 2.841328413284133, 2.4316239316239314, 3.327814569536424, 4.414285714285715, 1.7899543378995433, 1.5396825396825398, 2.0, 1.5, 1.0], "today": [null, null, null, null, null, null, 2.0, 1.0, 2.0, 1.0, null, 2.0, 1.0, null, 4.0, 1.0, 4.0, 2.0, 5.0, 2.0, null, null, null, null]}, "Bukit Ketri": {"baseline": [1.2142857142857142, 1.1333333333333333, 1.0714285714285714, 1.1, 1.4197530864197532, 1.4778761061946903, 2.6678571428571427, 2.4938775510204083, 2.1031746031746033, 2.0474137931034484, 2.311688311688312, 1.9668508287292819, 2.149193548387097, 2.042105263157895, 2.79136690647482, 2.554307116104869, 3.185667752442997, 2.814569536423841, 3.4625, 3.4723926380368098, 2.729241877256318, 2.203065134099617, 1.0, 1.4935064935064934], "today": [null, null, null, null, 3.0, null, 1.0, 3.0, null, 2.0, 4.0, null, 1.0, 4.0, null, null, 4.0, 13.0, 6.0, 5.0, 1.0, null, null, null]}, "Bukit Mertajam": {"baseline": [1.103448275862069, 1.3333333333333333, 1.0, 1.1176470588235294, 1.5, 2.051643192488263, 3.328402366863905, 3.7551020408163267, 2.388157894736842, 2.816993464052288, 2.4246575342465753, 2.6273062730627306, 3.112540192926045, 2.9829351535836177, 4.851002865329513, 4.724137931034483, 6.35933147632312, 9.445983379501385, 9.342541436464089, 5.915966386554622, 3.0118577075098814, 3.368231046931408, 1.9259259259259258, 1.7333333333333334], "today": [null, null, null, null, null, null, 5.0, 5.0, 2.0, 6.0, 3.0, 2.0, 2.0, 5.0, 5.0, 5.0, 8.0, 10.0, 10.0, 8.0, 2.0, 5.0, null, null]}, "Bukit Tengah": {"baseline": [1.0, 1.0, 1.3333333333333333, 1.3333333333333333, 1.0769230769230769, 1.4473684210526316, 1.5, 1.4269662921348314, 1.5692307692307692, 1.536231884057971, 1.4428571428571428, 1.4461538461538461, 1.5232558139534884, 1.4069767441860466, 1.5671641791044777, 1.5510204081632653, 1.7397260273972603, 2.1235059760956174, 2.2274368231046933, 1.6077348066298343, 1.6428571428571428, 1.4831460674157304, 1.4, 1.0666666666666667], "today": [null, null, null, null, null, null, 1.0, null, null, null, 1.0, null, 1.0, 1.0, null, 1.0, null, 3.0, null, null, null, 2.0, null, null]}, "Butterworth": {"baseline": [1.0, 1.0, 1.0, null, 1.0, 1.0, 1.1219512195121952, 1.1666666666666667, 1.0, 1.0, 1.0476190476190477, 1.1666666666666667, 1.0555555555555556, 1.0666666666666667, 1.1363636363636365, 1.1538461538461537, 1.0, 1.0625, 1.1428571428571428, 1.0, 1.0526315789473684, 1.2142857142857142, null, 1.8], "today": [null, null, null, null, null, null, null, null, null, null, null, null, null, null, null, 1.0, null, null, null, null, null, null, null, null]}, "Gurun": {"baseline": [1.3548387096774193, 1.125, 1.2, 1.0666666666666667, 1.5339805825242718, 1.8305084745762712, 3.6153846153846154, 3.793846153846154, 2.986842105263158, 2.9066666666666667, 2.847972972972973, 3.179738562091503, 2.9671052631578947, 3.5801282051282053, 4.171875, 5.034985422740525, 5.307042253521127, 7.179558011049724, 7.069060773480663, 4.765714285714286, 4.607669616519174, 2.527075812274368, 2.078048780487805, 1.5], "today": [null, null, null, null, 1.0, 1.0, 4.0, 2.0, 3.0, 2.0, 2.0, 9.0, null, 3.0, 6.0, 6.0, 6.0, 4.0, 14.0, 2.0, 9.0, 2.0, 1.0, null]}, "Ipoh": {"baseline": [3.1624548736462095, 1.7912087912087913, 1.6788990825688073, 1.3176470588235294, 2.2885375494071147, 4.7595307917888565, 8.769444444444444, 8.25068870523416, 16.62087912087912, 6.349295774647888, 9.050139275766016, 17.357142857142858, 9.110803324099724, 13.884615384615385, 8.952777777777778, 13.505524861878452, 10.385674931129477, 12.37190082644628, 11.410468319559229, 3.453416149068323, 2.6064981949458486, 2.4140969162995596, 1.5121951219512195, 4.0], "today": [1.0, 3.0, null, null, null, 3.0, 17.0, 14.0, 20.0, 5.0, 3.0, 16.0, 6.0, 4.0, 10.0, 20.0, 16.0, 17.0, 13.0, 7.0, 2.0, 5.0, null, null]}, "Kamunting": {"baseline": [1.24, 1.1, 1.3, 1.3076923076923077, 1.2666666666666666, 1.6422018348623852, 3.047945205479452, 1.7245508982035929, 2.47741935483871, 1.5611510791366907, 1.7033492822966507, 2.735632183908046, 1.878787878787879, 2.954861111111111, 2.065934065934066, 3.468152866242038, 2.3959183673469386, 3.764179104477612, 3.9287833827893177, 1.6214953271028036, 1.32, 1.4285714285714286, 1.0, 1.3333333333333333], "today": [null, null, 4.0, null, null, null, 2.0, 1.0, 3.0, 1.0, null, null, null, 5.0, 3.0, 2.0, 2.0, 3.0, 5.0, 1.0, null, null, null, null]}, "Kobah": {"baseline": [1.1470588235294117, 1.206896551724138, 1.4444444444444444, 1.1666666666666667, 1.488, 1.6941176470588235, 4.421875, 4.0375, 3.108974358974359, 3.056782334384858, 3.1722972972972974, 3.419558359621451, 3.0724137931034483, 3.471875, 3.7515151515151515, 4.465465465465465, 5.045454545454546, 5.966480446927374, 7.90633608815427, 6.325905292479109, 4.935028248587571, 2.5494505494505493, 2.216417910447761, 2.0], "today": [null, null, null, null, 1.0, null, 3.0, 1.0, 1.0, 3.0, 2.0, 2.0, 7.0, 4.0, 3.0, 15.0, 10.0, 6.0, 8.0, 9.0, 10.0, 2.0, 1.0, null]}, "Kodiang": {"baseline": [1.1538461538461537, 1.4, 1.411764705882353, 1.0714285714285714, 1.318840579710145, 1.5726495726495726, 2.81021897810219, 2.9700374531835205, 2.347826086956522, 2.4780876494023905, 2.5584905660377357, 2.125, 2.5018050541516246, 2.5803921568627453, 3.6405228758169934, 2.904059040590406, 3.8868501529051986, 3.5910543130990416, 3.964968152866242, 3.132258064516129, 2.9575971731448765, 2.3949579831932772, 1.375, 1.5688073394495412], "today": [null, null, null, null, null, null, null, null, 3.0, 2.0, null, 4.0, null, 2.0, 7.0, null, 4.0, 1.0, 5.0, 4.0, 5.0, 4.0, null, null]},