{"service": "komuter_utara", "origin": "Kamunting", "latest_date": "2026-07-23", "destinations": {"Alor Setar": {"baseline": [1.0, 1.0, 1.0, 1.0, 1.0, 1.3170731707317074, 1.8627450980392157, 1.46875, 1.1875, 1.6049382716049383, 1.3636363636363635, 1.5692307692307692, 1.2307692307692308, 1.3442622950819672, 1.5238095238095237, 1.8064516129032258, 1.2162162162162162, 1.3333333333333333, 1.5, 1.1904761904761905, 1.125, 1.0, 1.4444444444444444, null], "baseline_730": [1.0, 1.0, 1.0, 1.0, 1.0, 1.3170731707317074, 1.8627450980392157, 1.46875, 1.1875, 1.6049382716049383, 1.3636363636363635, 1.5692307692307692, 1.2307692307692308, 1.3442622950819672, 1.5238095238095237, 1.8064516129032258, 1.2162162162162162, 1.3333333333333333, 1.5, 1.1904761904761905, 1.125, 1.0, 1.4444444444444444, null], "today": [null, null, null, null, null, 3.0, 3.0, null, null, null, null, null, null, null, null, null, null, null, null, null, null, null, null, null]}, "Anak Bukit": {"baseline": [1.125, 1.0, null, null, 1.0, 1.5, 1.728813559322034, 1.457142857142857, 1.0555555555555556, 1.5254237288135593, 1.4736842105263157, 1.6326530612244898, 1.434782608695652, 1.7659574468085106, 1.1428571428571428, 1.8888888888888888, 1.4761904761904763, 1.6551724137931034, 1.5909090909090908, 1.0714285714285714, 1.2307692307692308, 1.2, 2.5, null], "baseline_730": [1.125, 1.0, null, null, 1.0, 1.5, 1.728813559322034, 1.457142857142857, 1.0555555555555556, 1.5254237288135593, 1.4736842105263157, 1.6326530612244898, 1.434782608695652, 1.7659574468085106, 1.1428571428571428, 1.8888888888888888, 1.4761904761904763, 1.6551724137931034, 1.5909090909090908, 1.0714285714285714, 1.2307692307692308, 1.2, 2.5, null], "today": [null, null, null, null, null, null, 1.0, null, null, null, null, null, null, null, null, null, null, null, null, null, null, null, null, null]}, "Arau": {"baseline": [1.1538461538461537, 1.0, 1.0, null, 1.3, 1.619047619047619, 2.046728971962617, 1.4047619047619047, 1.4102564102564104, 1.8953488372093024, 1.5862068965517242, 1.7073170731707317, 1.3902439024390243, 1.6, 1.4883720930232558, 2.127906976744186, 1.35, 1.7391304347826086, 1.6923076923076923, 1.4166666666666667, 1.0625, 1.0769230769230769, 3.0, 1.25], "baseline_730": [1.1538461538461537, 1.0, 1.0, null, 1.3, 1.619047619047619, 2.046728971962617, 1.4047619047619047, 1.4102564102564104, 1.8953488372093024, 1.5862068965517242, 1.7073170731707317, 1.3902439024390243, 1.6, 1.4883720930232558, 2.127906976744186, 1.35, 1.7391304347826086, 1.6923076923076923, 1.4166666666666667, 1.0625, 1.0769230769230769, 3.0, 1.25], "today": [null, null, null, null, null, null, null, 1.0, null, null, 1.0, null, null, null, null, 3.0, null, null, null, null, null, null, null, null]}, "Bagan Serai": {"baseline": [1.6666666666666667, 1.0, null, 1.0, 1.0, 1.0, 1.375, 1.2857142857142858, 2.75, 1.75, 1.2857142857142858, 1.263157894736842, 1.2352941176470589, 1.6, 1.0833333333333333, 1.4782608695652173, 1.6470588235294117, 1.625, 1.3636363636363635, 1.2222222222222223, 1.0, null, null, null], "baseline_730": [1.6666666666666667, 1.0, null, 1.0, 1.0, 1.0, 1.375, 1.2857142857142858, 2.75, 1.75, 1.2857142857142858, 1.263157894736842, 1.2352941176470589, 1.6, 1.0833333333333333, 1.4782608695652173, 1.6470588235294117, 1.625, 1.3636363636363635, 1.2222222222222223, 1.0, null, null, null], "today": [null, null, null, null, null, null, null, null, null, null, null, null, null, null, null, null, null, null, null, 1.0, null, null, null, null]}, "Bukit Ketri": {"baseline": [null, null, null, null, null, 1.375, 1.4285714285714286, 1.3333333333333333, 1.5, 1.4736842105263157, 1.5, 1.3, 1.0, 1.25, 1.0, 1.1666666666666667, 1.1428571428571428, 1.2352941176470589, 1.0, 1.0, 1.0833333333333333, 1.0, 1.0, 1.2], "baseline_730": [null, null, null, null, null, 1.375, 1.4285714285714286, 1.3333333333333333, 1.5, 1.4736842105263157, 1.5, 1.3, 1.0, 1.25, 1.0, 1.1666666666666667, 1.1428571428571428, 1.2352941176470589, 1.0, 1.0, 1.0833333333333333, 1.0, 1.0, 1.2], "today": [null, null, null, null, null, null, null, null, null, null, null, null, null, null, null, null, null, null, null, null, null, null, null, null]}, "Bukit Mertajam": {"baseline": [1.0909090909090908, 1.0, 1.0, 1.5, 1.0, 1.3278688524590163, 3.2023121387283235, 3.4792899408284024, 2.541095890410959, 2.3524590163934427, 1.5151515151515151, 2.121212121212121, 1.5925925925925926, 1.8461538461538463, 1.3142857142857143, 2.008771929824561, 1.6585365853658536, 2.804195804195804, 2.497041420118343, 1.537313432835821, 1.1590909090909092, 1.0, 8.0, null], "baseline_730": [1.0909090909090908, 1.0, 1.0, 1.5, 1.0, 1.3278688524590163, 3.2023121387283235, 3.4792899408284024, 2.541095890410959, 2.3524590163934427, 1.5151515151515151, 2.121212121212121, 1.5925925925925926, 1.8461538461538463, 1.3142857142857143, 2.008771929824561, 1.6585365853658536, 2.804195804195804, 2.497041420118343, 1.537313432835821, 1.1590909090909092, 1.0, 8.0, null], "today": [1.0, null, null, null, null, 1.0, 4.0, 5.0, 2.0, null, null, 1.0, null, null, null, 5.0, 5.0, 1.0, 3.0, null, 1.0, null, null, null]}, "Bukit Tengah": {"baseline": [2.2, 1.0, 1.0, 1.0, 1.0, 1.1428571428571428, 3.910179640718563, 2.0357142857142856, 1.6859504132231404, 1.5625, 1.203125, 1.5, 1.4, 1.7258064516129032, 1.1891891891891893, 1.5142857142857142, 1.28, 2.0238095238095237, 1.6203703703703705, 1.591549295774648, 1.0526315789473684, 1.0, 5.5, null], "baseline_730": [2.2, 1.0, 1.0, 1.0, 1.0, 1.1428571428571428, 3.910179640718563, 2.0357142857142856, 1.6859504132231404, 1.5625, 1.203125, 1.5, 1.4, 1.7258064516129032, 1.1891891891891893, 1.5142857142857142, 1.28, 2.0238095238095237, 1.6203703703703705, 1.591549295774648, 1.0526315789473684, 1.0, 5.5, null], "today": [null, null, null, null, null, null, 2.0, 1.0, 3.0, null, null, 2.0, null, null, null, null, null, null, 4.0, null, null, null, null, null]}, "Butterworth": {"baseline": [1.875, 1.7777777777777777, 1.0, 1.1428571428571428, 1.0625, 2.3380281690140845, 4.724867724867725, 2.4, 2.2162162162162162, 3.562874251497006, 2.1401869158878504, 3.1614906832298137, 1.5833333333333333, 2.8345323741007196, 1.9186046511627908, 2.4, 1.927710843373494, 2.458064516129032, 2.2980132450331126, 1.8615384615384616, 1.0714285714285714, 1.0, 2.5, null], "baseline_730": [1.875, 1.7777777777777777, 1.0, 1.1428571428571428, 1.0625, 2.3380281690140845, 4.724867724867725, 2.4, 2.2162162162162162, 3.562874251497006, 2.1401869158878504, 3.1614906832298137, 1.5833333333333333, 2.8345323741007196, 1.9186046511627908, 2.4, 1.927710843373494, 2.458064516129032, 2.2980132450331126, 1.8615384615384616, 1.0714285714285714, 1.0, 2.5, null], "today": [null, null, null, null, null, 2.0, 5.0, null, 2.0, 3.0, null, 1.0, 2.0, 2.0, null, 1.0, null, null, 1.0, 1.0, null, null, null, null]}, "Gurun": {"baseline": [1.0, 1.0, 1.0, null, null, 1.0625, 1.162162162162162, 1.35, 1.2307692307692308, 1.6153846153846154, 1.4, 1.5454545454545454, 1.2222222222222223, 1.565217391304348, 1.0833333333333333, 1.5, 1.4705882352941178, 1.375, 1.4090909090909092, 1.0, 1.0, 1.0, 1.25, null], "baseline_730": [1.0, 1.0, 1.0, null, null, 1.0625, 1.162162162162162, 1.35, 1.2307692307692308, 1.6153846153846154, 1.4, 1.5454545454545454, 1.2222222222222223, 1.565217391304348, 1.0833333333333333, 1.5, 1.4705882352941178, 1.375, 1.4090909090909092, 1.0, 1.0, 1.0, 1.25, null], "today": [null, null, null, null, null, null, null, null, null, null, null, null, null, 1.0, null, 1.0, null, null, null, null, null, null, null, null]}, "Ipoh": {"baseline": [1.5625, 1.1875, 1.1, 1.3333333333333333, 1.173913043478261, 2.148936170212766, 9.293814432989691, 9.533678756476684, 4.688622754491018, 4.772020725388601, 2.0672268907563027, 2.8287292817679557, 3.869047619047619, 2.25, 4.146198830409356, 2.0660377358490565, 3.6508875739644973, 1.9333333333333333, 3.016759776536313, 2.7161290322580647, 1.56, 1.2428571428571429, 5.25, null],