{"service": "komuter_utara", "origin": "Kamunting", "latest_date": "2026-06-20", "destinations": {"Alor Setar": {"baseline": [1.0, 1.0, 1.0, 1.0, 1.0, 1.3529411764705883, 1.797752808988764, 1.4285714285714286, 1.2045454545454546, 1.6216216216216217, 1.3571428571428572, 1.5740740740740742, 1.25, 1.3846153846153846, 1.5333333333333334, 1.7627118644067796, 1.1666666666666667, 1.2622950819672132, 1.48, 1.1764705882352942, 1.125, 1.0, 1.5714285714285714, null], "baseline_730": [1.0, 1.0, 1.0, 1.0, 1.0, 1.3529411764705883, 1.797752808988764, 1.4285714285714286, 1.2045454545454546, 1.6216216216216217, 1.3571428571428572, 1.5740740740740742, 1.25, 1.3846153846153846, 1.5333333333333334, 1.7627118644067796, 1.1666666666666667, 1.2622950819672132, 1.48, 1.1764705882352942, 1.125, 1.0, 1.5714285714285714, null], "today": [null, null, null, null, null, null, null, 2.0, null, null, 1.0, null, null, 1.0, null, 1.0, 1.0, 3.0, null, null, null, null, null, null]}, "Anak Bukit": {"baseline": [1.125, 1.0, null, null, 1.0, 1.1428571428571428, 1.6666666666666667, 1.4838709677419355, 1.0, 1.462962962962963, 1.4666666666666666, 1.619047619047619, 1.4285714285714286, 1.5952380952380953, 1.1666666666666667, 1.912280701754386, 1.3888888888888888, 1.6730769230769231, 1.619047619047619, 1.1, 1.2727272727272727, 1.25, 2.5, null], "baseline_730": [1.125, 1.0, null, null, 1.0, 1.1428571428571428, 1.6666666666666667, 1.4838709677419355, 1.0, 1.462962962962963, 1.4666666666666666, 1.619047619047619, 1.4285714285714286, 1.5952380952380953, 1.1666666666666667, 1.912280701754386, 1.3888888888888888, 1.6730769230769231, 1.619047619047619, 1.1, 1.2727272727272727, 1.25, 2.5, null], "today": [null, null, null, null, null, null, null, null, null, null, null, null, null, null, 1.0, null, null, null, 1.0, null, null, null, null, null]}, "Arau": {"baseline": [1.0909090909090908, 1.0, 1.0, null, 1.3, 1.641025641025641, 2.058139534883721, 1.4210526315789473, 1.5, 2.0, 1.6538461538461537, 1.75, 1.3611111111111112, 1.5806451612903225, 1.5, 2.136986301369863, 1.2972972972972974, 1.7592592592592593, 1.6607142857142858, 1.4545454545454546, 1.0714285714285714, 1.1, 3.0, 1.3333333333333333], "baseline_730": [1.0909090909090908, 1.0, 1.0, null, 1.3, 1.641025641025641, 2.058139534883721, 1.4210526315789473, 1.5, 2.0, 1.6538461538461537, 1.75, 1.3611111111111112, 1.5806451612903225, 1.5, 2.136986301369863, 1.2972972972972974, 1.7592592592592593, 1.6607142857142858, 1.4545454545454546, 1.0714285714285714, 1.1, 3.0, 1.3333333333333333], "today": [null, null, null, null, null, null, null, null, null, 1.0, 1.0, 1.0, null, 1.0, 1.0, null, null, 1.0, null, null, null, 1.0, null, null]}, "Bagan Serai": {"baseline": [1.6666666666666667, 1.0, null, 1.0, 1.0, 1.0, 1.3888888888888888, 1.2, 1.0, 1.7333333333333334, 1.0, 1.3125, 1.25, 1.6666666666666667, 1.0833333333333333, 1.475, 1.6875, 1.6538461538461537, 1.3333333333333333, 1.2857142857142858, 1.0, null, null, null], "baseline_730": [1.6666666666666667, 1.0, null, 1.0, 1.0, 1.0, 1.3888888888888888, 1.2, 1.0, 1.7333333333333334, 1.0, 1.3125, 1.25, 1.6666666666666667, 1.0833333333333333, 1.475, 1.6875, 1.6538461538461537, 1.3333333333333333, 1.2857142857142858, 1.0, null, null, null], "today": [null, null, null, null, null, null, null, 1.0, null, null, null, null, null, 1.0, null, null, null, null, null, 1.0, null, null, null, null]}, "Bukit Ketri": {"baseline": [null, null, null, null, null, 1.4285714285714286, 1.2666666666666666, 1.5, 1.5, 1.4705882352941178, 1.0, 1.3157894736842106, 1.0, 1.2142857142857142, 1.0, 1.1904761904761905, 1.2, 1.2666666666666666, 1.0, 1.0, 1.1, 1.0, 1.0, 1.2], "baseline_730": [null, null, null, null, null, 1.4285714285714286, 1.2666666666666666, 1.5, 1.5, 1.4705882352941178, 1.0, 1.3157894736842106, 1.0, 1.2142857142857142, 1.0, 1.1904761904761905, 1.2, 1.2666666666666666, 1.0, 1.0, 1.1, 1.0, 1.0, 1.2], "today": [null, null, null, null, null, null, null, null, null, null, null, null, null, null, null, 1.0, null, 1.0, null, null, 1.0, null, null, null]}, "Bukit Mertajam": {"baseline": [1.099009900990099, 1.0, 1.0, 1.5, 1.0, 1.2592592592592593, 3.2162162162162162, 3.3566433566433567, 2.642857142857143, 2.462962962962963, 1.5689655172413792, 2.1709401709401708, 1.6222222222222222, 1.9101123595505618, 1.328125, 2.010204081632653, 1.6571428571428573, 2.9913793103448274, 2.5314685314685317, 1.6428571428571428, 1.1388888888888888, 1.0, 8.0, null], "baseline_730": [1.099009900990099, 1.0, 1.0, 1.5, 1.0, 1.2592592592592593, 3.2162162162162162, 3.3566433566433567, 2.642857142857143, 2.462962962962963, 1.5689655172413792, 2.1709401709401708, 1.6222222222222222, 1.9101123595505618, 1.328125, 2.010204081632653, 1.6571428571428573, 2.9913793103448274, 2.5314685314685317, 1.6428571428571428, 1.1388888888888888, 1.0, 8.0, null], "today": [null, null, null, null, null, null, 1.0, 2.0, null, null, null, 4.0, 1.0, 1.0, null, 2.0, null, 4.0, 1.0, null, null, null, null, null]}, "Bukit Tengah": {"baseline": [2.2, 1.0, 1.0, 1.0, 1.0, 1.1538461538461537, 3.986111111111111, 1.9831932773109244, 1.6262626262626263, 1.5849056603773586, 1.2181818181818183, 1.525, 1.4074074074074074, 1.7857142857142858, 1.1818181818181819, 1.5737704918032787, 1.2926829268292683, 2.0, 1.6666666666666667, 1.6101694915254237, 1.0666666666666667, 1.0, 5.5, null], "baseline_730": [2.2, 1.0, 1.0, 1.0, 1.0, 1.1538461538461537, 3.986111111111111, 1.9831932773109244, 1.6262626262626263, 1.5849056603773586, 1.2181818181818183, 1.525, 1.4074074074074074, 1.7857142857142858, 1.1818181818181819, 1.5737704918032787, 1.2926829268292683, 2.0, 1.6666666666666667, 1.6101694915254237, 1.0666666666666667, 1.0, 5.5, null], "today": [null, null, null, null, null, 1.0, null, 3.0, 2.0, 2.0, null, 1.0, null, null, null, null, null, 7.0, 1.0, null, null, null, null, null]}, "Butterworth": {"baseline": [1.9333333333333333, 1.875, 1.0, 1.1666666666666667, 1.0833333333333333, 2.2033898305084745, 4.708074534161491, 2.470149253731343, 2.2992125984251968, 3.556338028169014, 2.1739130434782608, 3.1386861313868613, 1.5714285714285714, 2.9401709401709404, 2.0434782608695654, 2.403225806451613, 1.9428571428571428, 2.5185185185185186, 2.3053435114503817, 1.8727272727272728, 1.0869565217391304, 1.0, 3.0, null], "baseline_730": [1.9333333333333333, 1.875, 1.0, 1.1666666666666667, 1.0833333333333333, 2.2033898305084745, 4.708074534161491, 2.470149253731343, 2.2992125984251968, 3.556338028169014, 2.1739130434782608, 3.1386861313868613, 1.5714285714285714, 2.9401709401709404, 2.0434782608695654, 2.403225806451613, 1.9428571428571428, 2.5185185185185186, 2.3053435114503817, 1.8727272727272728, 1.0869565217391304, 1.0, 3.0, null], "today": [null, null, null, null, 1.0, 3.0, 2.0, 2.0, null, null, 1.0, 1.0, 1.0, 4.0, null, 1.0, 1.0, null, 1.0, 2.0, null, null, null, null]}, "Gurun": {"baseline": [1.0, 1.0, 1.0, null, null, 1.0666666666666667, 1.15625, 1.2222222222222223, 1.2727272727272727, 1.7272727272727273, 1.4, 1.4210526315789473, 1.2222222222222223, 1.5, 1.0, 1.5454545454545454, 1.5, 1.4444444444444444, 1.3888888888888888, 1.0, 1.0, 1.0, 1.25, null], "baseline_730": [1.0, 1.0, 1.0, null, null, 1.0666666666666667, 1.15625, 1.2222222222222223, 1.2727272727272727, 1.7272727272727273, 1.4, 1.4210526315789473, 1.2222222222222223, 1.5, 1.0, 1.5454545454545454, 1.5, 1.4444444444444444, 1.3888888888888888, 1.0, 1.0, 1.0, 1.25, null], "today": [null, null, null, null, null, null, null, 4.0, null, null, null, null, null, null, null, null, 1.0, null, null, null, null, null, null, null]}, "Ipoh": {"baseline": [1.5769230769230769, 1.1875, 1.125, 1.3333333333333333, 1.1818181818181819, 2.180327868852459, 8.946107784431138, 9.242424242424242, 4.659722222222222, 4.7696969696969695, 2.1037735849056602, 2.810457516339869, 3.993197278911565, 2.3137254901960786, 4.185430463576159, 2.10752688172043, 3.691780821917808, 2.0, 2.9419354838709677, 2.550387596899225, 1.65, 1.2380952380952381, 5.25, null],