{"service": "komuter_utara", "origin": "Kamunting", "latest_date": "2026-07-05", "destinations": {"Alor Setar": {"baseline": [1.0, 1.0, 1.0, 1.0, 1.0, 1.3333333333333333, 1.768421052631579, 1.46875, 1.1914893617021276, 1.6025641025641026, 1.3548387096774193, 1.5901639344262295, 1.2307692307692308, 1.3818181818181818, 1.55, 1.8064516129032258, 1.2352941176470589, 1.303030303030303, 1.4615384615384615, 1.1578947368421053, 1.125, 1.0, 1.5, null], "baseline_730": [1.0, 1.0, 1.0, 1.0, 1.0, 1.3333333333333333, 1.768421052631579, 1.46875, 1.1914893617021276, 1.6025641025641026, 1.3548387096774193, 1.5901639344262295, 1.2307692307692308, 1.3818181818181818, 1.55, 1.8064516129032258, 1.2352941176470589, 1.303030303030303, 1.4615384615384615, 1.1578947368421053, 1.125, 1.0, 1.5, null], "today": [null, 1.0, null, null, null, null, null, null, null, 3.0, null, null, null, null, null, null, 1.0, 3.0, 1.0, 2.0, null, null, null, null]}, "Anak Bukit": {"baseline": [1.125, 1.0, null, null, 1.0, 1.45, 1.6785714285714286, 1.4411764705882353, 1.0555555555555556, 1.456140350877193, 1.5294117647058822, 1.6170212765957446, 1.434782608695652, 1.6590909090909092, 1.1538461538461537, 1.8833333333333333, 1.4, 1.6851851851851851, 1.6046511627906976, 1.0833333333333333, 1.2727272727272727, 1.25, 2.5, null], "baseline_730": [1.125, 1.0, null, null, 1.0, 1.45, 1.6785714285714286, 1.4411764705882353, 1.0555555555555556, 1.456140350877193, 1.5294117647058822, 1.6170212765957446, 1.434782608695652, 1.6590909090909092, 1.1538461538461537, 1.8833333333333333, 1.4, 1.6851851851851851, 1.6046511627906976, 1.0833333333333333, 1.2727272727272727, 1.25, 2.5, null], "today": [null, null, null, null, null, null, null, null, null, 6.0, 1.0, null, null, 4.0, 1.0, 3.0, null, null, null, null, null, 1.0, null, null]}, "Arau": {"baseline": [1.1538461538461537, 1.0, 1.0, null, 1.3, 1.619047619047619, 2.0721649484536084, 1.435897435897436, 1.4324324324324325, 1.9625, 1.6071428571428572, 1.725, 1.3783783783783783, 1.608695652173913, 1.4761904761904763, 2.1358024691358026, 1.358974358974359, 1.7777777777777777, 1.6885245901639345, 1.4545454545454546, 1.0666666666666667, 1.0909090909090908, 3.0, 1.3333333333333333], "baseline_730": [1.1538461538461537, 1.0, 1.0, null, 1.3, 1.619047619047619, 2.0721649484536084, 1.435897435897436, 1.4324324324324325, 1.9625, 1.6071428571428572, 1.725, 1.3783783783783783, 1.608695652173913, 1.4761904761904763, 2.1358024691358026, 1.358974358974359, 1.7777777777777777, 1.6885245901639345, 1.4545454545454546, 1.0666666666666667, 1.0909090909090908, 3.0, 1.3333333333333333], "today": [null, null, null, null, null, null, 2.0, 1.0, 1.0, 1.0, null, null, null, 4.0, 2.0, 3.0, 1.0, 3.0, 3.0, null, null, null, null, null]}, "Bagan Serai": {"baseline": [1.6666666666666667, 1.0, null, 1.0, 1.0, 1.0, 1.4, 1.2307692307692308, 1.0, 1.7333333333333334, 1.3076923076923077, 1.2941176470588236, 1.25, 1.625, 1.0833333333333333, 1.5, 1.6470588235294117, 1.6551724137931034, 1.3157894736842106, 1.2352941176470589, 1.0, null, null, null], "baseline_730": [1.6666666666666667, 1.0, null, 1.0, 1.0, 1.0, 1.4, 1.2307692307692308, 1.0, 1.7333333333333334, 1.3076923076923077, 1.2941176470588236, 1.25, 1.625, 1.0833333333333333, 1.5, 1.6470588235294117, 1.6551724137931034, 1.3157894736842106, 1.2352941176470589, 1.0, null, null, null], "today": [null, null, null, null, null, null, 2.0, null, 8.0, null, 1.0, null, null, null, null, null, null, 1.0, null, 1.0, null, null, null, null]}, "Bukit Ketri": {"baseline": [null, null, null, null, null, 1.375, 1.4444444444444444, 1.4, 1.5, 1.4705882352941178, 1.0, 1.3, 1.0, 1.2, 1.0, 1.173913043478261, 1.1666666666666667, 1.2352941176470589, 1.0, 1.0, 1.0909090909090908, 1.0, 1.0, 1.2], "baseline_730": [null, null, null, null, null, 1.375, 1.4444444444444444, 1.4, 1.5, 1.4705882352941178, 1.0, 1.3, 1.0, 1.2, 1.0, 1.173913043478261, 1.1666666666666667, 1.2352941176470589, 1.0, 1.0, 1.0909090909090908, 1.0, 1.0, 1.2], "today": [null, null, null, null, null, null, 1.0, null, null, null, null, null, null, 2.0, null, 1.0, null, null, null, null, null, null, null, null]}, "Bukit Mertajam": {"baseline": [1.0964912280701755, 1.0, 1.0, 1.5, 1.0, 1.263157894736842, 3.191358024691358, 3.4465408805031448, 2.5652173913043477, 2.415929203539823, 1.532258064516129, 2.141732283464567, 1.5686274509803921, 1.8383838383838385, 1.3043478260869565, 2.046728971962617, 1.6493506493506493, 2.8863636363636362, 2.5157232704402515, 1.6, 1.15, 1.0, 8.0, null], "baseline_730": [1.0964912280701755, 1.0, 1.0, 1.5, 1.0, 1.263157894736842, 3.191358024691358, 3.4465408805031448, 2.5652173913043477, 2.415929203539823, 1.532258064516129, 2.141732283464567, 1.5686274509803921, 1.8383838383838385, 1.3043478260869565, 2.046728971962617, 1.6493506493506493, 2.8863636363636362, 2.5157232704402515, 1.6, 1.15, 1.0, 8.0, null], "today": [null, null, null, null, null, null, 1.0, null, null, 2.0, null, null, 4.0, 2.0, null, 3.0, 2.0, 1.0, 2.0, 1.0, 1.0, null, null, null]}, "Bukit Tengah": {"baseline": [2.2, 1.0, 1.0, 1.0, 1.0, 1.148936170212766, 3.980769230769231, 2.0, 1.654867256637168, 1.5423728813559323, 1.2, 1.5116279069767442, 1.3793103448275863, 1.7586206896551724, 1.1891891891891893, 1.5223880597014925, 1.2916666666666667, 2.1052631578947367, 1.6428571428571428, 1.59375, 1.0625, 1.0, 5.5, null], "baseline_730": [2.2, 1.0, 1.0, 1.0, 1.0, 1.148936170212766, 3.980769230769231, 2.0, 1.654867256637168, 1.5423728813559323, 1.2, 1.5116279069767442, 1.3793103448275863, 1.7586206896551724, 1.1891891891891893, 1.5223880597014925, 1.2916666666666667, 2.1052631578947367, 1.6428571428571428, 1.59375, 1.0625, 1.0, 5.5, null], "today": [null, null, null, null, null, null, 3.0, null, null, 2.0, 1.0, 1.0, null, 1.0, null, 1.0, null, null, 1.0, 1.0, null, null, null, null]}, "Butterworth": {"baseline": [1.875, 1.7777777777777777, 1.0, 1.1428571428571428, 1.0714285714285714, 2.272727272727273, 4.747191011235955, 2.453333333333333, 2.2661870503597124, 3.554140127388535, 2.090909090909091, 3.152317880794702, 1.5769230769230769, 2.9160305343511452, 1.9615384615384615, 2.3970588235294117, 1.9350649350649352, 2.4693877551020407, 2.295774647887324, 1.8455284552845528, 1.0769230769230769, 1.0, 2.5, null], "baseline_730": [1.875, 1.7777777777777777, 1.0, 1.1428571428571428, 1.0714285714285714, 2.272727272727273, 4.747191011235955, 2.453333333333333, 2.2661870503597124, 3.554140127388535, 2.090909090909091, 3.152317880794702, 1.5769230769230769, 2.9160305343511452, 1.9615384615384615, 2.3970588235294117, 1.9350649350649352, 2.4693877551020407, 2.295774647887324, 1.8455284552845528, 1.0769230769230769, 1.0, 2.5, null], "today": [null, null, null, null, null, 1.0, 3.0, 1.0, 1.0, 8.0, 6.0, 7.0, null, null, null, 2.0, null, 3.0, 2.0, 2.0, null, null, null, null]}, "Gurun": {"baseline": [1.0, 1.0, 1.0, null, null, 1.0625, 1.1666666666666667, 1.368421052631579, 1.2307692307692308, 1.64, 1.4, 1.4, 1.2222222222222223, 1.565217391304348, 1.0, 1.5217391304347827, 1.4705882352941178, 1.4137931034482758, 1.4, 1.0, 1.0, 1.0, 1.25, null], "baseline_730": [1.0, 1.0, 1.0, null, null, 1.0625, 1.1666666666666667, 1.368421052631579, 1.2307692307692308, 1.64, 1.4, 1.4, 1.2222222222222223, 1.565217391304348, 1.0, 1.5217391304347827, 1.4705882352941178, 1.4137931034482758, 1.4, 1.0, 1.0, 1.0, 1.25, null], "today": [null, null, null, null, null, null, null, null, null, null, null, 4.0, null, null, null, null, null, 1.0, 2.0, null, null, null, null, null]}, "Ipoh": {"baseline": [1.6, 1.1875, 1.1111111111111112, 1.4285714285714286, 1.173913043478261, 2.1259259259259258, 9.180327868852459, 9.576923076923077, 4.572327044025157, 4.752747252747253, 2.0956521739130434, 2.8294117647058825, 3.9125, 2.243478260869565, 4.206060606060606, 2.107843137254902, 3.625, 1.9292929292929293, 2.940828402366864, 2.696551724137931, 1.5957446808510638, 1.2537313432835822, 5.25, null],