{"service": "komuter_utara", "origin": "Kamunting", "latest_date": "2026-07-07", "destinations": {"Alor Setar": {"baseline": [1.0, 1.0, 1.0, 1.0, 1.0, 1.325, 1.7708333333333333, 1.46875, 1.1914893617021276, 1.620253164556962, 1.3548387096774193, 1.5901639344262295, 1.2307692307692308, 1.3818181818181818, 1.55, 1.8064516129032258, 1.2285714285714286, 1.338235294117647, 1.4444444444444444, 1.2, 1.125, 1.0, 1.4444444444444444, null], "baseline_730": [1.0, 1.0, 1.0, 1.0, 1.0, 1.325, 1.7708333333333333, 1.46875, 1.1914893617021276, 1.620253164556962, 1.3548387096774193, 1.5901639344262295, 1.2307692307692308, 1.3818181818181818, 1.55, 1.8064516129032258, 1.2285714285714286, 1.338235294117647, 1.4444444444444444, 1.2, 1.125, 1.0, 1.4444444444444444, null], "today": [null, null, null, null, null, null, 2.0, null, null, null, null, null, null, null, null, null, null, null, null, null, null, null, null, null]}, "Anak Bukit": {"baseline": [1.125, 1.0, null, null, 1.0, 1.45, 1.6842105263157894, 1.4411764705882353, 1.0555555555555556, 1.5344827586206897, 1.5, 1.6170212765957446, 1.434782608695652, 1.711111111111111, 1.1428571428571428, 1.901639344262295, 1.4, 1.6851851851851851, 1.6046511627906976, 1.0833333333333333, 1.2727272727272727, 1.2, 2.5, null], "baseline_730": [1.125, 1.0, null, null, 1.0, 1.45, 1.6842105263157894, 1.4411764705882353, 1.0555555555555556, 1.5344827586206897, 1.5, 1.6170212765957446, 1.434782608695652, 1.711111111111111, 1.1428571428571428, 1.901639344262295, 1.4, 1.6851851851851851, 1.6046511627906976, 1.0833333333333333, 1.2727272727272727, 1.2, 2.5, null], "today": [null, null, null, null, null, null, null, null, null, null, null, null, null, null, null, null, null, null, null, 1.0, null, null, null, null]}, "Arau": {"baseline": [1.1538461538461537, 1.0, 1.0, null, 1.3, 1.619047619047619, 2.101010101010101, 1.425, 1.4210526315789473, 1.9390243902439024, 1.6071428571428572, 1.7160493827160495, 1.368421052631579, 1.6338028169014085, 1.4883720930232558, 2.1566265060240966, 1.35, 1.7846153846153847, 1.6984126984126984, 1.4545454545454546, 1.0666666666666667, 1.0909090909090908, 3.0, 1.3333333333333333], "baseline_730": [1.1538461538461537, 1.0, 1.0, null, 1.3, 1.619047619047619, 2.101010101010101, 1.425, 1.4210526315789473, 1.9390243902439024, 1.6071428571428572, 1.7160493827160495, 1.368421052631579, 1.6338028169014085, 1.4883720930232558, 2.1566265060240966, 1.35, 1.7846153846153847, 1.6984126984126984, 1.4545454545454546, 1.0666666666666667, 1.0909090909090908, 3.0, 1.3333333333333333], "today": [null, null, null, null, null, null, 2.0, null, null, null, null, null, null, null, null, null, null, null, null, null, null, null, null, null]}, "Bagan Serai": {"baseline": [1.6666666666666667, 1.0, null, 1.0, 1.0, 1.0, 1.4090909090909092, 1.2307692307692308, 2.75, 1.7333333333333334, 1.2857142857142858, 1.2941176470588236, 1.25, 1.625, 1.0833333333333333, 1.4883720930232558, 1.6470588235294117, 1.6333333333333333, 1.3157894736842106, 1.2222222222222223, 1.0, null, null, null], "baseline_730": [1.6666666666666667, 1.0, null, 1.0, 1.0, 1.0, 1.4090909090909092, 1.2307692307692308, 2.75, 1.7333333333333334, 1.2857142857142858, 1.2941176470588236, 1.25, 1.625, 1.0833333333333333, 1.4883720930232558, 1.6470588235294117, 1.6333333333333333, 1.3157894736842106, 1.2222222222222223, 1.0, null, null, null], "today": [null, null, null, null, null, null, null, null, null, null, null, null, 1.0, null, null, null, null, null, null, null, null, null, null, null]}, "Bukit Ketri": {"baseline": [null, null, null, null, null, 1.375, 1.4210526315789473, 1.4, 1.5, 1.4705882352941178, 1.0, 1.3, 1.0, 1.25, 1.0, 1.1666666666666667, 1.1666666666666667, 1.2352941176470589, 1.0, 1.0, 1.0909090909090908, 1.0, 1.0, 1.2], "baseline_730": [null, null, null, null, null, 1.375, 1.4210526315789473, 1.4, 1.5, 1.4705882352941178, 1.0, 1.3, 1.0, 1.25, 1.0, 1.1666666666666667, 1.1666666666666667, 1.2352941176470589, 1.0, 1.0, 1.0909090909090908, 1.0, 1.0, 1.2], "today": [null, null, null, null, null, null, 2.0, null, null, null, null, null, null, null, null, null, null, null, null, null, null, null, null, null]}, "Bukit Mertajam": {"baseline": [1.0956521739130434, 1.0, 1.0, 1.5, 1.0, 1.263157894736842, 3.1951219512195124, 3.43125, 2.5611510791366907, 2.412280701754386, 1.5238095238095237, 2.140625, 1.6153846153846154, 1.84, 1.3043478260869565, 2.055045871559633, 1.6455696202531647, 2.8805970149253732, 2.5093167701863353, 1.5901639344262295, 1.146341463414634, 1.0, 8.0, null], "baseline_730": [1.0956521739130434, 1.0, 1.0, 1.5, 1.0, 1.263157894736842, 3.1951219512195124, 3.43125, 2.5611510791366907, 2.412280701754386, 1.5238095238095237, 2.140625, 1.6153846153846154, 1.84, 1.3043478260869565, 2.055045871559633, 1.6455696202531647, 2.8805970149253732, 2.5093167701863353, 1.5901639344262295, 1.146341463414634, 1.0, 8.0, null], "today": [null, null, null, null, null, null, 5.0, 1.0, null, 2.0, null, null, null, null, null, 1.0, null, 2.0, 3.0, 1.0, null, null, null, null]}, "Bukit Tengah": {"baseline": [2.2, 1.0, 1.0, 1.0, 1.0, 1.148936170212766, 3.981012658227848, 2.037593984962406, 1.6578947368421053, 1.55, 1.1967213114754098, 1.5038167938931297, 1.3793103448275863, 1.7457627118644068, 1.1891891891891893, 1.5147058823529411, 1.2916666666666667, 2.090909090909091, 1.63, 1.5846153846153845, 1.0625, 1.0, 5.5, null], "baseline_730": [2.2, 1.0, 1.0, 1.0, 1.0, 1.148936170212766, 3.981012658227848, 2.037593984962406, 1.6578947368421053, 1.55, 1.1967213114754098, 1.5038167938931297, 1.3793103448275863, 1.7457627118644068, 1.1891891891891893, 1.5147058823529411, 1.2916666666666667, 2.090909090909091, 1.63, 1.5846153846153845, 1.0625, 1.0, 5.5, null], "today": [null, null, null, null, null, null, 3.0, 1.0, 1.0, 2.0, 2.0, null, null, null, null, null, null, 2.0, 1.0, 2.0, 1.0, null, null, null]}, "Butterworth": {"baseline": [1.875, 1.7777777777777777, 1.0, 1.1428571428571428, 1.0714285714285714, 2.253731343283582, 4.7444444444444445, 2.4342105263157894, 2.25531914893617, 3.5660377358490565, 2.13, 3.176470588235294, 1.5696202531645569, 2.9242424242424243, 1.9615384615384615, 2.391304347826087, 1.9230769230769231, 2.469798657718121, 2.2916666666666665, 1.856, 1.0769230769230769, 1.0, 2.5, null], "baseline_730": [1.875, 1.7777777777777777, 1.0, 1.1428571428571428, 1.0714285714285714, 2.253731343283582, 4.7444444444444445, 2.4342105263157894, 2.25531914893617, 3.5660377358490565, 2.13, 3.176470588235294, 1.5696202531645569, 2.9242424242424243, 1.9615384615384615, 2.391304347826087, 1.9230769230769231, 2.469798657718121, 2.2916666666666665, 1.856, 1.0769230769230769, 1.0, 2.5, null], "today": [null, null, null, null, 1.0, 2.0, 3.0, 1.0, null, 3.0, 2.0, 3.0, 1.0, 1.0, null, null, 1.0, 4.0, 2.0, 4.0, null, null, null, null]}, "Gurun": {"baseline": [1.0, 1.0, 1.0, null, null, 1.0625, 1.1666666666666667, 1.368421052631579, 1.2307692307692308, 1.64, 1.4, 1.5238095238095237, 1.2222222222222223, 1.565217391304348, 1.0, 1.5217391304347827, 1.4705882352941178, 1.4, 1.4285714285714286, 1.0, 1.0, 1.0, 1.25, null], "baseline_730": [1.0, 1.0, 1.0, null, null, 1.0625, 1.1666666666666667, 1.368421052631579, 1.2307692307692308, 1.64, 1.4, 1.5238095238095237, 1.2222222222222223, 1.565217391304348, 1.0, 1.5217391304347827, 1.4705882352941178, 1.4, 1.4285714285714286, 1.0, 1.0, 1.0, 1.25, null], "today": [null, null, null, null, null, null, null, null, null, null, null, 2.0, null, null, null, null, null, null, null, null, null, null, null, null]}, "Ipoh": {"baseline": [1.6, 1.1875, 1.1111111111111112, 1.375, 1.173913043478261, 2.1544117647058822, 9.172972972972973, 9.527173913043478, 4.5875, 4.771739130434782, 2.0956521739130434, 2.8313953488372094, 3.9074074074074074, 2.25, 4.210843373493976, 2.107843137254902, 3.654320987654321, 1.93, 2.9590643274853803, 2.712328767123288, 1.5833333333333333, 1.2463768115942029, 5.25, null],