{"service": "komuter_utara", "origin": "Kamunting", "latest_date": "2026-07-12", "destinations": {"Alor Setar": {"baseline": [1.0, 1.0, 1.0, 1.0, 1.0, 1.325, 1.797979797979798, 1.46875, 1.1914893617021276, 1.6125, 1.34375, 1.578125, 1.2307692307692308, 1.3620689655172413, 1.5238095238095237, 1.8064516129032258, 1.2162162162162162, 1.3333333333333333, 1.5, 1.2, 1.125, 1.0, 1.4444444444444444, null], "baseline_730": [1.0, 1.0, 1.0, 1.0, 1.0, 1.325, 1.797979797979798, 1.46875, 1.1914893617021276, 1.6125, 1.34375, 1.578125, 1.2307692307692308, 1.3620689655172413, 1.5238095238095237, 1.8064516129032258, 1.2162162162162162, 1.3333333333333333, 1.5, 1.2, 1.125, 1.0, 1.4444444444444444, null], "today": [null, null, null, null, null, 1.0, 8.0, null, null, null, 2.0, 1.0, null, 1.0, null, null, null, null, null, 1.0, null, null, null, null]}, "Anak Bukit": {"baseline": [1.125, 1.0, null, null, 1.0, 1.5238095238095237, 1.728813559322034, 1.457142857142857, 1.0555555555555556, 1.5344827586206897, 1.4736842105263157, 1.6326530612244898, 1.434782608695652, 1.7659574468085106, 1.1428571428571428, 1.8888888888888888, 1.4761904761904763, 1.6666666666666667, 1.5909090909090908, 1.0769230769230769, 1.25, 1.2, 2.5, null], "baseline_730": [1.125, 1.0, null, null, 1.0, 1.5238095238095237, 1.728813559322034, 1.457142857142857, 1.0555555555555556, 1.5344827586206897, 1.4736842105263157, 1.6326530612244898, 1.434782608695652, 1.7659574468085106, 1.1428571428571428, 1.8888888888888888, 1.4761904761904763, 1.6666666666666667, 1.5909090909090908, 1.0769230769230769, 1.25, 1.2, 2.5, null], "today": [null, null, null, null, null, 1.0, null, null, null, null, null, null, null, null, null, null, null, 1.0, null, null, 1.0, null, null, null]}, "Arau": {"baseline": [1.1538461538461537, 1.0, 1.0, null, 1.3, 1.619047619047619, 2.0776699029126213, 1.4146341463414633, 1.4210526315789473, 1.9390243902439024, 1.6071428571428572, 1.7160493827160495, 1.358974358974359, 1.6164383561643836, 1.4883720930232558, 2.142857142857143, 1.35, 1.7611940298507462, 1.6875, 1.4166666666666667, 1.0625, 1.0833333333333333, 3.0, 1.25], "baseline_730": [1.1538461538461537, 1.0, 1.0, null, 1.3, 1.619047619047619, 2.0776699029126213, 1.4146341463414633, 1.4210526315789473, 1.9390243902439024, 1.6071428571428572, 1.7160493827160495, 1.358974358974359, 1.6164383561643836, 1.4883720930232558, 2.142857142857143, 1.35, 1.7611940298507462, 1.6875, 1.4166666666666667, 1.0625, 1.0833333333333333, 3.0, 1.25], "today": [null, null, null, null, null, null, 1.0, 1.0, 1.0, 1.0, null, null, 3.0, 1.0, null, 1.0, null, 1.0, 2.0, null, null, 1.0, null, null]}, "Bagan Serai": {"baseline": [1.6666666666666667, 1.0, null, 1.0, 1.0, 1.0, 1.375, 1.2307692307692308, 2.75, 1.7333333333333334, 1.2857142857142858, 1.2777777777777777, 1.2352941176470589, 1.6363636363636365, 1.0833333333333333, 1.488888888888889, 1.6470588235294117, 1.625, 1.3333333333333333, 1.2222222222222223, 1.0, null, null, null], "baseline_730": [1.6666666666666667, 1.0, null, 1.0, 1.0, 1.0, 1.375, 1.2307692307692308, 2.75, 1.7333333333333334, 1.2857142857142858, 1.2777777777777777, 1.2352941176470589, 1.6363636363636365, 1.0833333333333333, 1.488888888888889, 1.6470588235294117, 1.625, 1.3333333333333333, 1.2222222222222223, 1.0, null, null, null], "today": [null, null, null, null, null, null, null, null, null, 2.0, null, null, null, null, null, null, null, null, 2.0, null, null, null, null, null]}, "Bukit Ketri": {"baseline": [null, null, null, null, null, 1.375, 1.4285714285714286, 1.4, 1.5, 1.5, 1.5, 1.3, 1.0, 1.25, 1.0, 1.1666666666666667, 1.1428571428571428, 1.2352941176470589, 1.0, 1.0, 1.0909090909090908, 1.0, 1.0, 1.2], "baseline_730": [null, null, null, null, null, 1.375, 1.4285714285714286, 1.4, 1.5, 1.5, 1.5, 1.3, 1.0, 1.25, 1.0, 1.1666666666666667, 1.1428571428571428, 1.2352941176470589, 1.0, 1.0, 1.0909090909090908, 1.0, 1.0, 1.2], "today": [null, null, null, null, null, null, null, 1.0, null, null, null, null, null, null, null, null, null, null, null, null, null, null, null, null]}, "Bukit Mertajam": {"baseline": [1.0932203389830508, 1.0, 1.0, 1.5, 1.0, 1.3278688524590163, 3.224852071005917, 3.43030303030303, 2.5594405594405596, 2.369747899159664, 1.523076923076923, 2.1297709923664123, 1.5925925925925926, 1.8155339805825244, 1.3043478260869565, 2.0267857142857144, 1.6455696202531647, 2.841726618705036, 2.4879518072289155, 1.5625, 1.1590909090909092, 1.0, 8.0, null], "baseline_730": [1.0932203389830508, 1.0, 1.0, 1.5, 1.0, 1.3278688524590163, 3.224852071005917, 3.43030303030303, 2.5594405594405596, 2.369747899159664, 1.523076923076923, 2.1297709923664123, 1.5925925925925926, 1.8155339805825244, 1.3043478260869565, 2.0267857142857144, 1.6455696202531647, 2.841726618705036, 2.4879518072289155, 1.5625, 1.1590909090909092, 1.0, 8.0, null], "today": [null, null, null, null, null, null, 1.0, 1.0, null, 2.0, 1.0, null, null, 5.0, 2.0, 1.0, 3.0, 1.0, 4.0, 1.0, null, null, null, null]}, "Bukit Tengah": {"baseline": [2.2, 1.0, 1.0, 1.0, 1.0, 1.1458333333333333, 3.957055214723926, 2.0364963503649633, 1.652542372881356, 1.564516129032258, 1.2096774193548387, 1.5, 1.4, 1.7457627118644068, 1.1891891891891893, 1.5147058823529411, 1.2857142857142858, 2.075, 1.6057692307692308, 1.6029411764705883, 1.0555555555555556, 1.0, 5.5, null], "baseline_730": [2.2, 1.0, 1.0, 1.0, 1.0, 1.1458333333333333, 3.957055214723926, 2.0364963503649633, 1.652542372881356, 1.564516129032258, 1.2096774193548387, 1.5, 1.4, 1.7457627118644068, 1.1891891891891893, 1.5147058823529411, 1.2857142857142858, 2.075, 1.6057692307692308, 1.6029411764705883, 1.0555555555555556, 1.0, 5.5, null], "today": [null, null, null, null, null, 1.0, 1.0, null, null, 2.0, null, 1.0, null, 2.0, null, 1.0, 1.0, 1.0, 4.0, 2.0, null, null, null, null]}, "Butterworth": {"baseline": [1.875, 1.7777777777777777, 1.0, 1.1428571428571428, 1.0666666666666667, 2.289855072463768, 4.724324324324324, 2.4140127388535033, 2.2344827586206897, 3.5460122699386503, 2.1634615384615383, 3.171974522292994, 1.5802469135802468, 2.8676470588235294, 1.9390243902439024, 2.397163120567376, 1.9259259259259258, 2.460526315789474, 2.2993197278911564, 1.8682170542635659, 1.0740740740740742, 1.0, 2.5, null], "baseline_730": [1.875, 1.7777777777777777, 1.0, 1.1428571428571428, 1.0666666666666667, 2.289855072463768, 4.724324324324324, 2.4140127388535033, 2.2344827586206897, 3.5460122699386503, 2.1634615384615383, 3.171974522292994, 1.5802469135802468, 2.8676470588235294, 1.9390243902439024, 2.397163120567376, 1.9259259259259258, 2.460526315789474, 2.2993197278911564, 1.8682170542635659, 1.0740740740740742, 1.0, 2.5, null], "today": [null, null, null, null, null, 1.0, 9.0, 2.0, null, 1.0, 1.0, 3.0, 1.0, 2.0, 1.0, 6.0, null, 3.0, 4.0, null, 1.0, null, null, null]}, "Gurun": {"baseline": [1.0, 1.0, 1.0, null, null, 1.0625, 1.1666666666666667, 1.35, 1.2307692307692308, 1.64, 1.4, 1.5454545454545454, 1.2222222222222223, 1.565217391304348, 1.0, 1.5, 1.4705882352941178, 1.3870967741935485, 1.4090909090909092, 1.0, 1.0, 1.0, 1.25, null], "baseline_730": [1.0, 1.0, 1.0, null, null, 1.0625, 1.1666666666666667, 1.35, 1.2307692307692308, 1.64, 1.4, 1.5454545454545454, 1.2222222222222223, 1.565217391304348, 1.0, 1.5, 1.4705882352941178, 1.3870967741935485, 1.4090909090909092, 1.0, 1.0, 1.0, 1.25, null], "today": [null, null, null, null, null, null, 1.0, null, null, null, null, null, null, null, 2.0, null, null, null, null, null, null, null, null, null]}, "Ipoh": {"baseline": [1.5806451612903225, 1.1875, 1.1111111111111112, 1.375, 1.173913043478261, 2.143884892086331, 9.3, 9.544973544973544, 4.652439024390244, 4.756613756613756, 2.076923076923077, 2.8079096045197742, 3.8841463414634148, 2.2457627118644066, 4.158823529411765, 2.0970873786407767, 3.644578313253012, 1.941747572815534, 2.9828571428571427, 2.7218543046357615, 1.5714285714285714, 1.2463768115942029, 5.25, null],