{"service": "komuter_utara", "origin": "Kamunting", "latest_date": "2026-07-04", "destinations": {"Alor Setar": {"baseline": [1.0, 1.0, 1.0, 1.0, 1.0, 1.3333333333333333, 1.7934782608695652, 1.4333333333333333, 1.2045454545454546, 1.6133333333333333, 1.3666666666666667, 1.5535714285714286, 1.24, 1.3888888888888888, 1.5625, 1.7704918032786885, 1.1875, 1.3015873015873016, 1.48, 1.1578947368421053, 1.125, 1.0, 1.5714285714285714, null], "baseline_730": [1.0, 1.0, 1.0, 1.0, 1.0, 1.3333333333333333, 1.7934782608695652, 1.4333333333333333, 1.2045454545454546, 1.6133333333333333, 1.3666666666666667, 1.5535714285714286, 1.24, 1.3888888888888888, 1.5625, 1.7704918032786885, 1.1875, 1.3015873015873016, 1.48, 1.1578947368421053, 1.125, 1.0, 1.5714285714285714, null], "today": [null, null, null, null, null, null, null, null, null, null, null, 2.0, 1.0, null, null, null, null, 2.0, null, null, null, null, null, null]}, "Anak Bukit": {"baseline": [1.125, 1.0, null, null, 1.0, 1.1875, 1.6727272727272726, 1.46875, 1.0, 1.4727272727272727, 1.4666666666666666, 1.6744186046511629, 1.4090909090909092, 1.5952380952380953, 1.1538461538461537, 1.8983050847457628, 1.4, 1.6603773584905661, 1.6046511627906976, 1.0909090909090908, 1.2727272727272727, 1.25, 2.5, null], "baseline_730": [1.125, 1.0, null, null, 1.0, 1.1875, 1.6727272727272726, 1.46875, 1.0, 1.4727272727272727, 1.4666666666666666, 1.6744186046511629, 1.4090909090909092, 1.5952380952380953, 1.1538461538461537, 1.8983050847457628, 1.4, 1.6603773584905661, 1.6046511627906976, 1.0909090909090908, 1.2727272727272727, 1.25, 2.5, null], "today": [null, null, null, null, null, 3.0, null, 1.0, null, null, null, 1.0, null, null, null, null, null, null, null, null, null, null, null, null]}, "Arau": {"baseline": [1.0909090909090908, 1.0, 1.0, null, 1.3, 1.625, 2.101123595505618, 1.4210526315789473, 1.4324324324324325, 1.986842105263158, 1.6071428571428572, 1.7402597402597402, 1.3783783783783783, 1.5606060606060606, 1.475, 2.103896103896104, 1.2972972972972974, 1.7586206896551724, 1.6440677966101696, 1.4545454545454546, 1.0666666666666667, 1.0909090909090908, 3.0, 1.3333333333333333], "baseline_730": [1.0909090909090908, 1.0, 1.0, null, 1.3, 1.625, 2.101123595505618, 1.4210526315789473, 1.4324324324324325, 1.986842105263158, 1.6071428571428572, 1.7402597402597402, 1.3783783783783783, 1.5606060606060606, 1.475, 2.103896103896104, 1.2972972972972974, 1.7586206896551724, 1.6440677966101696, 1.4545454545454546, 1.0666666666666667, 1.0909090909090908, 3.0, 1.3333333333333333], "today": [null, null, null, null, null, null, 1.0, 2.0, null, null, null, 2.0, null, 1.0, null, null, null, null, null, null, null, null, null, null]}, "Bagan Serai": {"baseline": [1.6666666666666667, 1.0, null, 1.0, 1.0, 1.0, 1.3888888888888888, 1.25, 1.0, 1.7333333333333334, 1.0, 1.3125, 1.25, 1.6428571428571428, 1.0833333333333333, 1.475, 1.6875, 1.6296296296296295, 1.3157894736842106, 1.25, 1.0, null, null, null], "baseline_730": [1.6666666666666667, 1.0, null, 1.0, 1.0, 1.0, 1.3888888888888888, 1.25, 1.0, 1.7333333333333334, 1.0, 1.3125, 1.25, 1.6428571428571428, 1.0833333333333333, 1.475, 1.6875, 1.6296296296296295, 1.3157894736842106, 1.25, 1.0, null, null, null], "today": [null, null, null, null, null, null, 2.0, 1.0, null, null, null, null, null, null, null, null, 1.0, null, null, 1.0, null, null, null, null]}, "Bukit Ketri": {"baseline": [null, null, null, null, null, 1.4285714285714286, 1.3529411764705883, 1.4, 1.5, 1.4705882352941178, 1.0, 1.3157894736842106, 1.0, 1.2142857142857142, 1.0, 1.1818181818181819, 1.1666666666666667, 1.25, 1.0, 1.0, 1.0909090909090908, 1.0, 1.0, 1.2], "baseline_730": [null, null, null, null, null, 1.4285714285714286, 1.3529411764705883, 1.4, 1.5, 1.4705882352941178, 1.0, 1.3157894736842106, 1.0, 1.2142857142857142, 1.0, 1.1818181818181819, 1.1666666666666667, 1.25, 1.0, 1.0, 1.0909090909090908, 1.0, 1.0, 1.2], "today": [null, null, null, null, null, null, null, null, null, null, null, null, null, null, null, null, null, 1.0, null, null, null, null, null, null]}, "Bukit Mertajam": {"baseline": [1.0943396226415094, 1.0, 1.0, 1.5, 1.0, 1.2545454545454546, 3.188311688311688, 3.4, 2.618320610687023, 2.44954128440367, 1.5689655172413792, 2.1557377049180326, 1.6041666666666667, 1.872340425531915, 1.323076923076923, 1.99009900990099, 1.6527777777777777, 2.959349593495935, 2.523489932885906, 1.6206896551724137, 1.15, 1.0, 8.0, null], "baseline_730": [1.0943396226415094, 1.0, 1.0, 1.5, 1.0, 1.2545454545454546, 3.188311688311688, 3.4, 2.618320610687023, 2.44954128440367, 1.5689655172413792, 2.1557377049180326, 1.6041666666666667, 1.872340425531915, 1.323076923076923, 1.99009900990099, 1.6527777777777777, 2.959349593495935, 2.523489932885906, 1.6206896551724137, 1.15, 1.0, 8.0, null], "today": [2.0, null, null, null, null, 1.0, null, null, null, null, 1.0, 4.0, null, 1.0, null, 3.0, 2.0, 1.0, 1.0, 1.0, null, null, null, null]}, "Bukit Tengah": {"baseline": [2.2, 1.0, 1.0, 1.0, 1.0, 1.1666666666666667, 3.966442953020134, 2.0, 1.6730769230769231, 1.5714285714285714, 1.2142857142857142, 1.5121951219512195, 1.4074074074074074, 1.7857142857142858, 1.1818181818181819, 1.5555555555555556, 1.3181818181818181, 2.0555555555555554, 1.6703296703296704, 1.5901639344262295, 1.0666666666666667, 1.0, 5.5, null], "baseline_730": [2.2, 1.0, 1.0, 1.0, 1.0, 1.1666666666666667, 3.966442953020134, 2.0, 1.6730769230769231, 1.5714285714285714, 1.2142857142857142, 1.5121951219512195, 1.4074074074074074, 1.7857142857142858, 1.1818181818181819, 1.5555555555555556, 1.3181818181818181, 2.0555555555555554, 1.6703296703296704, 1.5901639344262295, 1.0666666666666667, 1.0, 5.5, null], "today": [null, null, null, null, null, null, null, 4.0, 1.0, null, null, 1.0, null, null, 1.0, 1.0, null, 2.0, 1.0, null, null, null, null, null]}, "Butterworth": {"baseline": [1.9333333333333333, 1.875, 1.0, 1.1666666666666667, 1.0769230769230769, 2.232, 4.779761904761905, 2.4397163120567376, 2.265151515151515, 3.5405405405405403, 2.136842105263158, 3.1875, 1.547945205479452, 2.918032786885246, 2.013888888888889, 2.3828125, 1.9166666666666667, 2.5142857142857142, 2.291044776119403, 1.8608695652173912, 1.08, 1.0, 2.5, null], "baseline_730": [1.9333333333333333, 1.875, 1.0, 1.1666666666666667, 1.0769230769230769, 2.232, 4.779761904761905, 2.4397163120567376, 2.265151515151515, 3.5405405405405403, 2.136842105263158, 3.1875, 1.547945205479452, 2.918032786885246, 2.013888888888889, 2.3828125, 1.9166666666666667, 2.5142857142857142, 2.291044776119403, 1.8608695652173912, 1.08, 1.0, 2.5, null], "today": [null, null, null, 1.0, null, null, 2.0, 8.0, 2.0, 10.0, null, 4.0, null, 2.0, null, 2.0, null, 3.0, 5.0, 5.0, 1.0, null, null, null]}, "Gurun": {"baseline": [1.0, 1.0, 1.0, null, null, 1.0666666666666667, 1.1515151515151516, 1.368421052631579, 1.2727272727272727, 1.6666666666666667, 1.4, 1.4210526315789473, 1.2222222222222223, 1.5909090909090908, 1.0, 1.5454545454545454, 1.4705882352941178, 1.4444444444444444, 1.368421052631579, 1.0, 1.0, 1.0, 1.25, null], "baseline_730": [1.0, 1.0, 1.0, null, null, 1.0666666666666667, 1.1515151515151516, 1.368421052631579, 1.2727272727272727, 1.6666666666666667, 1.4, 1.4210526315789473, 1.2222222222222223, 1.5909090909090908, 1.0, 1.5454545454545454, 1.4705882352941178, 1.4444444444444444, 1.368421052631579, 1.0, 1.0, 1.0, 1.25, null], "today": [null, null, null, null, null, null, null, null, null, null, null, 1.0, null, null, null, null, null, 1.0, 2.0, null, null, null, null, null]}, "Ipoh": {"baseline": [1.5555555555555556, 1.1875, 1.125, 1.3333333333333333, 1.173913043478261, 2.1484375, 8.988505747126437, 9.406976744186046, 4.653333333333333, 4.744186046511628, 2.108108108108108, 2.83125, 3.980392156862745, 2.2710280373831777, 4.24203821656051, 2.1030927835051547, 3.6470588235294117, 1.9787234042553192, 2.9375, 2.661764705882353, 1.627906976744186, 1.2461538461538462, 5.25, null],