{"service": "komuter_utara", "origin": "Kamunting", "latest_date": "2026-07-03", "destinations": {"Alor Setar": {"baseline": [1.0, 1.0, 1.0, 1.0, 1.0, 1.3333333333333333, 1.7912087912087913, 1.4333333333333333, 1.2045454545454546, 1.6133333333333333, 1.3666666666666667, 1.5535714285714286, 1.25, 1.3888888888888888, 1.5333333333333334, 1.75, 1.1612903225806452, 1.2903225806451613, 1.48, 1.1578947368421053, 1.125, 1.0, 1.5714285714285714, null], "baseline_730": [1.0, 1.0, 1.0, 1.0, 1.0, 1.3333333333333333, 1.7912087912087913, 1.4333333333333333, 1.2045454545454546, 1.6133333333333333, 1.3666666666666667, 1.5535714285714286, 1.25, 1.3888888888888888, 1.5333333333333334, 1.75, 1.1612903225806452, 1.2903225806451613, 1.48, 1.1578947368421053, 1.125, 1.0, 1.5714285714285714, null], "today": [null, null, null, null, null, null, 2.0, null, null, null, null, null, 1.0, null, 2.0, 3.0, 2.0, 2.0, null, null, null, null, null, null]}, "Anak Bukit": {"baseline": [1.125, 1.0, null, null, 1.0, 1.1875, 1.6727272727272726, 1.46875, 1.0, 1.4727272727272727, 1.4666666666666666, 1.6744186046511629, 1.4090909090909092, 1.5952380952380953, 1.1538461538461537, 1.8983050847457628, 1.368421052631579, 1.6603773584905661, 1.6046511627906976, 1.1, 1.2727272727272727, 1.25, 2.5, null], "baseline_730": [1.125, 1.0, null, null, 1.0, 1.1875, 1.6727272727272726, 1.46875, 1.0, 1.4727272727272727, 1.4666666666666666, 1.6744186046511629, 1.4090909090909092, 1.5952380952380953, 1.1538461538461537, 1.8983050847457628, 1.368421052631579, 1.6603773584905661, 1.6046511627906976, 1.1, 1.2727272727272727, 1.25, 2.5, null], "today": [null, null, null, null, null, null, null, null, 1.0, null, null, null, null, null, null, null, 2.0, null, null, 1.0, null, null, null, null]}, "Arau": {"baseline": [1.0909090909090908, 1.0, 1.0, null, 1.3, 1.625, 2.101123595505618, 1.4210526315789473, 1.4324324324324325, 1.986842105263158, 1.6071428571428572, 1.7402597402597402, 1.3783783783783783, 1.5606060606060606, 1.4871794871794872, 2.1184210526315788, 1.2972972972972974, 1.7719298245614035, 1.6551724137931034, 1.4545454545454546, 1.0666666666666667, 1.0909090909090908, 3.0, 1.3333333333333333], "baseline_730": [1.0909090909090908, 1.0, 1.0, null, 1.3, 1.625, 2.101123595505618, 1.4210526315789473, 1.4324324324324325, 1.986842105263158, 1.6071428571428572, 1.7402597402597402, 1.3783783783783783, 1.5606060606060606, 1.4871794871794872, 2.1184210526315788, 1.2972972972972974, 1.7719298245614035, 1.6551724137931034, 1.4545454545454546, 1.0666666666666667, 1.0909090909090908, 3.0, 1.3333333333333333], "today": [null, null, 1.0, null, null, null, null, null, null, null, null, null, null, null, 1.0, 1.0, null, 1.0, 1.0, null, null, null, null, null]}, "Bagan Serai": {"baseline": [1.6666666666666667, 1.0, null, 1.0, 1.0, 1.0, 1.3888888888888888, 1.25, 1.0, 1.7333333333333334, 1.0, 1.3125, 1.25, 1.6428571428571428, 1.0833333333333333, 1.475, 1.6875, 1.6296296296296295, 1.3333333333333333, 1.25, 1.0, null, null, null], "baseline_730": [1.6666666666666667, 1.0, null, 1.0, 1.0, 1.0, 1.3888888888888888, 1.25, 1.0, 1.7333333333333334, 1.0, 1.3125, 1.25, 1.6428571428571428, 1.0833333333333333, 1.475, 1.6875, 1.6296296296296295, 1.3333333333333333, 1.25, 1.0, null, null, null], "today": [null, null, null, null, null, null, null, null, null, null, null, null, null, null, null, null, null, null, 1.0, null, null, null, null, null]}, "Bukit Ketri": {"baseline": [null, null, null, null, null, 1.4285714285714286, 1.3529411764705883, 1.5, 1.5, 1.4705882352941178, 1.0, 1.3157894736842106, 1.0, 1.2142857142857142, 1.0, 1.1818181818181819, 1.2, 1.25, 1.0, 1.0, 1.0909090909090908, 1.0, 1.0, 1.2], "baseline_730": [null, null, null, null, null, 1.4285714285714286, 1.3529411764705883, 1.5, 1.5, 1.4705882352941178, 1.0, 1.3157894736842106, 1.0, 1.2142857142857142, 1.0, 1.1818181818181819, 1.2, 1.25, 1.0, 1.0, 1.0909090909090908, 1.0, 1.0, 1.2], "today": [null, null, null, null, null, null, null, 1.0, null, null, null, null, null, null, null, null, 1.0, null, null, null, null, null, null, null]}, "Bukit Mertajam": {"baseline": [1.0952380952380953, 1.0, 1.0, 1.5, 1.0, 1.2545454545454546, 3.189542483660131, 3.402684563758389, 2.6307692307692307, 2.44954128440367, 1.5689655172413792, 2.165289256198347, 1.6170212765957446, 1.881720430107527, 1.323076923076923, 2.0, 1.647887323943662, 2.9754098360655736, 2.527027027027027, 1.6206896551724137, 1.15, 1.0, 8.0, null], "baseline_730": [1.0952380952380953, 1.0, 1.0, 1.5, 1.0, 1.2545454545454546, 3.189542483660131, 3.402684563758389, 2.6307692307692307, 2.44954128440367, 1.5689655172413792, 2.165289256198347, 1.6170212765957446, 1.881720430107527, 1.323076923076923, 2.0, 1.647887323943662, 2.9754098360655736, 2.527027027027027, 1.6206896551724137, 1.15, 1.0, 8.0, null], "today": [1.0, null, null, null, null, null, 3.0, 3.0, 1.0, null, null, 1.0, 1.0, 1.0, null, 1.0, 2.0, 1.0, 2.0, null, null, null, null, null]}, "Bukit Tengah": {"baseline": [2.2, 1.0, 1.0, 1.0, 1.0, 1.1666666666666667, 3.9594594594594597, 1.991869918699187, 1.6730769230769231, 1.5714285714285714, 1.2142857142857142, 1.5121951219512195, 1.4074074074074074, 1.7857142857142858, 1.1818181818181819, 1.5555555555555556, 1.3181818181818181, 2.0704225352112675, 1.6777777777777778, 1.5901639344262295, 1.0666666666666667, 1.0, 5.5, null], "baseline_730": [2.2, 1.0, 1.0, 1.0, 1.0, 1.1666666666666667, 3.9594594594594597, 1.991869918699187, 1.6730769230769231, 1.5714285714285714, 1.2142857142857142, 1.5121951219512195, 1.4074074074074074, 1.7857142857142858, 1.1818181818181819, 1.5555555555555556, 1.3181818181818181, 2.0704225352112675, 1.6777777777777778, 1.5901639344262295, 1.0666666666666667, 1.0, 5.5, null], "today": [null, null, null, null, null, null, 5.0, 3.0, null, null, null, null, null, null, null, null, null, 1.0, 1.0, null, null, null, null, null]}, "Butterworth": {"baseline": [1.9333333333333333, 1.875, 1.0, 1.1666666666666667, 1.0769230769230769, 2.2419354838709675, 4.778443113772455, 2.4357142857142855, 2.2748091603053435, 3.5510204081632653, 2.148936170212766, 3.104895104895105, 1.5555555555555556, 2.9008264462809916, 2.013888888888889, 2.377952755905512, 1.9166666666666667, 2.5179856115107913, 2.291044776119403, 1.868421052631579, 1.08, 1.0, 3.0, null], "baseline_730": [1.9333333333333333, 1.875, 1.0, 1.1666666666666667, 1.0769230769230769, 2.2419354838709675, 4.778443113772455, 2.4357142857142855, 2.2748091603053435, 3.5510204081632653, 2.148936170212766, 3.104895104895105, 1.5555555555555556, 2.9008264462809916, 2.013888888888889, 2.377952755905512, 1.9166666666666667, 2.5179856115107913, 2.291044776119403, 1.868421052631579, 1.08, 1.0, 3.0, null], "today": [null, null, null, null, null, 1.0, 5.0, 3.0, 1.0, 2.0, 1.0, 15.0, 1.0, 5.0, null, 3.0, null, 2.0, null, 1.0, null, null, 1.0, null]}, "Gurun": {"baseline": [1.0, 1.0, 1.0, null, null, 1.0666666666666667, 1.1515151515151516, 1.368421052631579, 1.2727272727272727, 1.6666666666666667, 1.4, 1.4210526315789473, 1.2222222222222223, 1.4761904761904763, 1.0, 1.5454545454545454, 1.5, 1.4444444444444444, 1.368421052631579, 1.0, 1.0, 1.0, 1.25, null], "baseline_730": [1.0, 1.0, 1.0, null, null, 1.0666666666666667, 1.1515151515151516, 1.368421052631579, 1.2727272727272727, 1.6666666666666667, 1.4, 1.4210526315789473, 1.2222222222222223, 1.4761904761904763, 1.0, 1.5454545454545454, 1.5, 1.4444444444444444, 1.368421052631579, 1.0, 1.0, 1.0, 1.25, null], "today": [null, null, null, null, null, null, null, null, null, null, null, null, null, 4.0, null, null, 1.0, null, null, null, null, null, null, null]},