{"service": "komuter_utara", "origin": "Kamunting", "latest_date": "2026-06-21", "destinations": {"Alor Setar": {"baseline": [1.0, 1.0, 1.0, 1.0, 1.0, 1.3529411764705883, 1.797752808988764, 1.4482758620689655, 1.2045454545454546, 1.6216216216216217, 1.3448275862068966, 1.5740740740740742, 1.25, 1.3773584905660377, 1.5333333333333334, 1.75, 1.1612903225806452, 1.2903225806451613, 1.48, 1.1764705882352942, 1.125, 1.0, 1.5714285714285714, null], "baseline_730": [1.0, 1.0, 1.0, 1.0, 1.0, 1.3529411764705883, 1.797752808988764, 1.4482758620689655, 1.2045454545454546, 1.6216216216216217, 1.3448275862068966, 1.5740740740740742, 1.25, 1.3773584905660377, 1.5333333333333334, 1.75, 1.1612903225806452, 1.2903225806451613, 1.48, 1.1764705882352942, 1.125, 1.0, 1.5714285714285714, null], "today": [null, null, null, null, null, 1.0, null, null, null, null, null, 1.0, null, null, null, null, null, null, null, 1.0, null, null, null, null]}, "Anak Bukit": {"baseline": [1.125, 1.0, null, null, 1.0, 1.1428571428571428, 1.6666666666666667, 1.4838709677419355, 1.0, 1.462962962962963, 1.4666666666666666, 1.619047619047619, 1.4285714285714286, 1.5952380952380953, 1.1538461538461537, 1.912280701754386, 1.3888888888888888, 1.6730769230769231, 1.6046511627906976, 1.1, 1.2727272727272727, 1.25, 2.5, null], "baseline_730": [1.125, 1.0, null, null, 1.0, 1.1428571428571428, 1.6666666666666667, 1.4838709677419355, 1.0, 1.462962962962963, 1.4666666666666666, 1.619047619047619, 1.4285714285714286, 1.5952380952380953, 1.1538461538461537, 1.912280701754386, 1.3888888888888888, 1.6730769230769231, 1.6046511627906976, 1.1, 1.2727272727272727, 1.25, 2.5, null], "today": [null, null, null, null, null, 2.0, 2.0, 1.0, null, null, null, 4.0, null, null, null, null, null, null, null, null, null, null, null, null]}, "Arau": {"baseline": [1.0909090909090908, 1.0, 1.0, null, 1.3, 1.641025641025641, 2.058139534883721, 1.4210526315789473, 1.5, 1.9864864864864864, 1.6296296296296295, 1.7402597402597402, 1.3611111111111112, 1.5714285714285714, 1.4864864864864864, 2.136986301369863, 1.2972972972972974, 1.7454545454545454, 1.6607142857142858, 1.4545454545454546, 1.0714285714285714, 1.0909090909090908, 3.0, 1.3333333333333333], "baseline_730": [1.0909090909090908, 1.0, 1.0, null, 1.3, 1.641025641025641, 2.058139534883721, 1.4210526315789473, 1.5, 1.9864864864864864, 1.6296296296296295, 1.7402597402597402, 1.3611111111111112, 1.5714285714285714, 1.4864864864864864, 2.136986301369863, 1.2972972972972974, 1.7454545454545454, 1.6607142857142858, 1.4545454545454546, 1.0714285714285714, 1.0909090909090908, 3.0, 1.3333333333333333], "today": [null, null, null, null, null, null, 3.0, null, 1.0, null, null, null, null, 2.0, 1.0, 1.0, null, 4.0, 1.0, null, 1.0, null, null, null]}, "Bagan Serai": {"baseline": [1.6666666666666667, 1.0, null, 1.0, 1.0, 1.0, 1.3888888888888888, 1.1818181818181819, 1.0, 1.7333333333333334, 1.0, 1.3125, 1.25, 1.6428571428571428, 1.0833333333333333, 1.475, 1.6875, 1.6538461538461537, 1.3333333333333333, 1.2666666666666666, 1.0, null, null, null], "baseline_730": [1.6666666666666667, 1.0, null, 1.0, 1.0, 1.0, 1.3888888888888888, 1.1818181818181819, 1.0, 1.7333333333333334, 1.0, 1.3125, 1.25, 1.6428571428571428, 1.0833333333333333, 1.475, 1.6875, 1.6538461538461537, 1.3333333333333333, 1.2666666666666666, 1.0, null, null, null], "today": [null, null, null, null, null, null, null, 2.0, null, null, null, null, null, null, null, null, null, null, null, null, null, null, null, null]}, "Bukit Ketri": {"baseline": [null, null, null, null, null, 1.4285714285714286, 1.2666666666666666, 1.5, 1.5, 1.4705882352941178, 1.0, 1.3157894736842106, 1.0, 1.2142857142857142, 1.0, 1.1818181818181819, 1.2, 1.25, 1.0, 1.0, 1.0909090909090908, 1.0, 1.0, 1.2], "baseline_730": [null, null, null, null, null, 1.4285714285714286, 1.2666666666666666, 1.5, 1.5, 1.4705882352941178, 1.0, 1.3157894736842106, 1.0, 1.2142857142857142, 1.0, 1.1818181818181819, 1.2, 1.25, 1.0, 1.0, 1.0909090909090908, 1.0, 1.0, 1.2], "today": [null, null, null, null, null, null, null, null, null, null, null, null, null, null, null, null, null, null, null, null, null, null, null, null]}, "Bukit Mertajam": {"baseline": [1.099009900990099, 1.0, 1.0, 1.5, 1.0, 1.2592592592592593, 3.2013422818791946, 3.3472222222222223, 2.642857142857143, 2.462962962962963, 1.5689655172413792, 2.1864406779661016, 1.608695652173913, 1.9, 1.328125, 2.01010101010101, 1.6571428571428573, 3.0, 2.5208333333333335, 1.6428571428571428, 1.1388888888888888, 1.0, 8.0, null], "baseline_730": [1.099009900990099, 1.0, 1.0, 1.5, 1.0, 1.2592592592592593, 3.2013422818791946, 3.3472222222222223, 2.642857142857143, 2.462962962962963, 1.5689655172413792, 2.1864406779661016, 1.608695652173913, 1.9, 1.328125, 2.01010101010101, 1.6571428571428573, 3.0, 2.5208333333333335, 1.6428571428571428, 1.1388888888888888, 1.0, 8.0, null], "today": [null, null, null, null, null, null, null, 1.0, null, null, null, 1.0, null, 1.0, null, null, 1.0, 5.0, 2.0, 1.0, null, null, null, null]}, "Bukit Tengah": {"baseline": [2.2, 1.0, 1.0, 1.0, 1.0, 1.15, 3.986111111111111, 1.9916666666666667, 1.63, 1.5925925925925926, 1.2181818181818183, 1.5206611570247934, 1.4074074074074074, 1.7857142857142858, 1.1818181818181819, 1.5737704918032787, 1.2926829268292683, 2.073529411764706, 1.6590909090909092, 1.6101694915254237, 1.0666666666666667, 1.0, 5.5, null], "baseline_730": [2.2, 1.0, 1.0, 1.0, 1.0, 1.15, 3.986111111111111, 1.9916666666666667, 1.63, 1.5925925925925926, 1.2181818181818183, 1.5206611570247934, 1.4074074074074074, 1.7857142857142858, 1.1818181818181819, 1.5737704918032787, 1.2926829268292683, 2.073529411764706, 1.6590909090909092, 1.6101694915254237, 1.0666666666666667, 1.0, 5.5, null], "today": [null, null, null, null, null, 1.0, null, null, null, null, null, null, null, null, null, null, 2.0, null, 4.0, null, null, null, null, null]}, "Butterworth": {"baseline": [1.9333333333333333, 1.875, 1.0, 1.1666666666666667, 1.0769230769230769, 2.2100840336134455, 4.691358024691358, 2.466666666666667, 2.2992125984251968, 3.556338028169014, 2.161290322580645, 3.1231884057971016, 1.5633802816901408, 2.9491525423728815, 2.0434782608695654, 2.392, 1.9295774647887325, 2.5185185185185186, 2.2954545454545454, 1.8738738738738738, 1.0869565217391304, 1.0, 3.0, null], "baseline_730": [1.9333333333333333, 1.875, 1.0, 1.1666666666666667, 1.0769230769230769, 2.2100840336134455, 4.691358024691358, 2.466666666666667, 2.2992125984251968, 3.556338028169014, 2.161290322580645, 3.1231884057971016, 1.5633802816901408, 2.9491525423728815, 2.0434782608695654, 2.392, 1.9295774647887325, 2.5185185185185186, 2.2954545454545454, 1.8738738738738738, 1.0869565217391304, 1.0, 3.0, null], "today": [null, null, null, null, null, 2.0, 7.0, 2.0, 1.0, 2.0, 1.0, 2.0, null, 1.0, null, 2.0, null, 4.0, null, null, null, null, null, null]}, "Gurun": {"baseline": [1.0, 1.0, 1.0, null, null, 1.0666666666666667, 1.15625, 1.368421052631579, 1.2727272727272727, 1.7272727272727273, 1.4, 1.4210526315789473, 1.2222222222222223, 1.5, 1.0, 1.5454545454545454, 1.4666666666666666, 1.4444444444444444, 1.3888888888888888, 1.0, 1.0, 1.0, 1.25, null], "baseline_730": [1.0, 1.0, 1.0, null, null, 1.0666666666666667, 1.15625, 1.368421052631579, 1.2727272727272727, 1.7272727272727273, 1.4, 1.4210526315789473, 1.2222222222222223, 1.5, 1.0, 1.5454545454545454, 1.4666666666666666, 1.4444444444444444, 1.3888888888888888, 1.0, 1.0, 1.0, 1.25, null], "today": [null, null, null, null, null, null, null, null, null, null, null, null, null, null, null, null, null, null, null, null, null, null, null, null]},