{"service": "komuter_utara", "origin": "Kamunting", "latest_date": "2026-06-29", "destinations": {"Alor Setar": {"baseline": [1.0, 1.0, 1.0, 1.0, 1.0, 1.3428571428571427, 1.797752808988764, 1.4482758620689655, 1.2045454545454546, 1.6216216216216217, 1.3448275862068966, 1.5636363636363637, 1.25, 1.3773584905660377, 1.5333333333333334, 1.75, 1.1612903225806452, 1.2903225806451613, 1.48, 1.1666666666666667, 1.125, 1.0, 1.5714285714285714, null], "baseline_730": [1.0, 1.0, 1.0, 1.0, 1.0, 1.3428571428571427, 1.797752808988764, 1.4482758620689655, 1.2045454545454546, 1.6216216216216217, 1.3448275862068966, 1.5636363636363637, 1.25, 1.3773584905660377, 1.5333333333333334, 1.75, 1.1612903225806452, 1.2903225806451613, 1.48, 1.1666666666666667, 1.125, 1.0, 1.5714285714285714, null], "today": [null, null, null, null, null, null, 2.0, 1.0, null, null, null, null, null, null, null, null, null, null, null, 1.0, null, null, null, null]}, "Anak Bukit": {"baseline": [1.125, 1.0, null, null, 1.0, 1.2, 1.6727272727272726, 1.46875, 1.0, 1.462962962962963, 1.4666666666666666, 1.6744186046511629, 1.4285714285714286, 1.5952380952380953, 1.1538461538461537, 1.912280701754386, 1.3888888888888888, 1.6730769230769231, 1.6046511627906976, 1.1, 1.2727272727272727, 1.25, 2.5, null], "baseline_730": [1.125, 1.0, null, null, 1.0, 1.2, 1.6727272727272726, 1.46875, 1.0, 1.462962962962963, 1.4666666666666666, 1.6744186046511629, 1.4285714285714286, 1.5952380952380953, 1.1538461538461537, 1.912280701754386, 1.3888888888888888, 1.6730769230769231, 1.6046511627906976, 1.1, 1.2727272727272727, 1.25, 2.5, null], "today": [null, null, null, null, null, null, null, null, null, null, null, null, null, null, null, 1.0, null, null, null, null, null, null, null, null]}, "Arau": {"baseline": [1.0909090909090908, 1.0, 1.0, null, 1.3, 1.641025641025641, 2.0689655172413794, 1.4210526315789473, 1.4848484848484849, 1.9864864864864864, 1.6296296296296295, 1.7402597402597402, 1.3611111111111112, 1.578125, 1.4736842105263157, 2.1216216216216215, 1.2972972972972974, 1.7857142857142858, 1.6491228070175439, 1.4545454545454546, 1.0666666666666667, 1.0909090909090908, 3.0, 1.3333333333333333], "baseline_730": [1.0909090909090908, 1.0, 1.0, null, 1.3, 1.641025641025641, 2.0689655172413794, 1.4210526315789473, 1.4848484848484849, 1.9864864864864864, 1.6296296296296295, 1.7402597402597402, 1.3611111111111112, 1.578125, 1.4736842105263157, 2.1216216216216215, 1.2972972972972974, 1.7857142857142858, 1.6491228070175439, 1.4545454545454546, 1.0666666666666667, 1.0909090909090908, 3.0, 1.3333333333333333], "today": [null, null, null, null, null, 1.0, 3.0, null, 1.0, 3.0, null, null, null, null, null, null, null, null, null, null, null, null, null, null]}, "Bagan Serai": {"baseline": [1.6666666666666667, 1.0, null, 1.0, 1.0, 1.0, 1.3888888888888888, 1.25, 1.0, 1.7333333333333334, 1.0, 1.3125, 1.25, 1.6428571428571428, 1.0833333333333333, 1.475, 1.6875, 1.6538461538461537, 1.3333333333333333, 1.2666666666666666, 1.0, null, null, null], "baseline_730": [1.6666666666666667, 1.0, null, 1.0, 1.0, 1.0, 1.3888888888888888, 1.25, 1.0, 1.7333333333333334, 1.0, 1.3125, 1.25, 1.6428571428571428, 1.0833333333333333, 1.475, 1.6875, 1.6538461538461537, 1.3333333333333333, 1.2666666666666666, 1.0, null, null, null], "today": [null, null, null, null, null, null, null, null, null, null, null, null, null, null, null, null, null, 1.0, null, null, null, null, null, null]}, "Bukit Ketri": {"baseline": [null, null, null, null, null, 1.4285714285714286, 1.2666666666666666, 1.5, 1.5, 1.4705882352941178, 1.0, 1.3157894736842106, 1.0, 1.2142857142857142, 1.0, 1.1818181818181819, 1.2, 1.25, 1.0, 1.0, 1.0909090909090908, 1.0, 1.0, 1.2], "baseline_730": [null, null, null, null, null, 1.4285714285714286, 1.2666666666666666, 1.5, 1.5, 1.4705882352941178, 1.0, 1.3157894736842106, 1.0, 1.2142857142857142, 1.0, 1.1818181818181819, 1.2, 1.25, 1.0, 1.0, 1.0909090909090908, 1.0, 1.0, 1.2], "today": [null, null, null, null, null, null, 2.0, null, null, null, null, null, null, null, null, null, null, null, null, null, null, null, null, null]}, "Bukit Mertajam": {"baseline": [1.099009900990099, 1.0, 1.0, 1.5, 1.0, 1.2592592592592593, 3.2013422818791946, 3.331034482758621, 2.642857142857143, 2.462962962962963, 1.5689655172413792, 2.176470588235294, 1.608695652173913, 1.89010989010989, 1.328125, 2.01010101010101, 1.647887323943662, 3.016949152542373, 2.5172413793103448, 1.631578947368421, 1.1388888888888888, 1.0, 8.0, null], "baseline_730": [1.099009900990099, 1.0, 1.0, 1.5, 1.0, 1.2592592592592593, 3.2013422818791946, 3.331034482758621, 2.642857142857143, 2.462962962962963, 1.5689655172413792, 2.176470588235294, 1.608695652173913, 1.89010989010989, 1.328125, 2.01010101010101, 1.647887323943662, 3.016949152542373, 2.5172413793103448, 1.631578947368421, 1.1388888888888888, 1.0, 8.0, null], "today": [1.0, null, null, null, null, null, 3.0, 5.0, 3.0, null, null, 1.0, 2.0, 2.0, 1.0, null, null, 1.0, 3.0, null, 1.0, null, null, null]}, "Bukit Tengah": {"baseline": [2.2, 1.0, 1.0, 1.0, 1.0, 1.146341463414634, 3.986111111111111, 1.9916666666666667, 1.63, 1.5925925925925926, 1.2181818181818183, 1.5206611570247934, 1.4074074074074074, 1.7857142857142858, 1.1818181818181819, 1.5737704918032787, 1.3095238095238095, 2.073529411764706, 1.6853932584269662, 1.6101694915254237, 1.0666666666666667, 1.0, 5.5, null], "baseline_730": [2.2, 1.0, 1.0, 1.0, 1.0, 1.146341463414634, 3.986111111111111, 1.9916666666666667, 1.63, 1.5925925925925926, 1.2181818181818183, 1.5206611570247934, 1.4074074074074074, 1.7857142857142858, 1.1818181818181819, 1.5737704918032787, 1.3095238095238095, 2.073529411764706, 1.6853932584269662, 1.6101694915254237, 1.0666666666666667, 1.0, 5.5, null], "today": [null, null, null, null, null, 2.0, 2.0, null, 4.0, null, null, null, null, null, null, null, 1.0, 3.0, null, 1.0, null, null, null, null]}, "Butterworth": {"baseline": [1.9333333333333333, 1.875, 1.0, 1.1666666666666667, 1.0769230769230769, 2.2083333333333335, 4.705521472392638, 2.463235294117647, 2.2890625, 3.5454545454545454, 2.148936170212766, 3.115107913669065, 1.5633802816901408, 2.9327731092436973, 2.0434782608695654, 2.388888888888889, 1.9295774647887325, 2.5294117647058822, 2.2954545454545454, 1.8738738738738738, 1.0869565217391304, 1.0, 3.0, null], "baseline_730": [1.9333333333333333, 1.875, 1.0, 1.1666666666666667, 1.0769230769230769, 2.2083333333333335, 4.705521472392638, 2.463235294117647, 2.2890625, 3.5454545454545454, 2.148936170212766, 3.115107913669065, 1.5633802816901408, 2.9327731092436973, 2.0434782608695654, 2.388888888888889, 1.9295774647887325, 2.5294117647058822, 2.2954545454545454, 1.8738738738738738, 1.0869565217391304, 1.0, 3.0, null], "today": [null, null, null, null, null, 5.0, 10.0, 2.0, null, 1.0, null, 2.0, 1.0, null, null, null, null, 1.0, 2.0, 1.0, null, null, null, null]}, "Gurun": {"baseline": [1.0, 1.0, 1.0, null, null, 1.0666666666666667, 1.15625, 1.368421052631579, 1.2727272727272727, 1.7272727272727273, 1.4, 1.4210526315789473, 1.2222222222222223, 1.5, 1.0, 1.5454545454545454, 1.4666666666666666, 1.4444444444444444, 1.3888888888888888, 1.0, 1.0, 1.0, 1.25, null], "baseline_730": [1.0, 1.0, 1.0, null, null, 1.0666666666666667, 1.15625, 1.368421052631579, 1.2727272727272727, 1.7272727272727273, 1.4, 1.4210526315789473, 1.2222222222222223, 1.5, 1.0, 1.5454545454545454, 1.4666666666666666, 1.4444444444444444, 1.3888888888888888, 1.0, 1.0, 1.0, 1.25, null], "today": [null, null, null, null, null, null, null, null, null, null, null, null, null, 1.0, null, null, 2.0, null, null, null, null, null, null, null]},