{"service": "komuter_utara", "origin": "Kamunting", "latest_date": "2026-06-19", "destinations": {"Alor Setar": {"baseline": [1.0, 1.0, 1.0, 1.0, 1.0, 1.3529411764705883, 1.797752808988764, 1.4285714285714286, 1.2045454545454546, 1.6216216216216217, 1.3703703703703705, 1.5471698113207548, 1.2608695652173914, 1.3846153846153846, 1.5714285714285714, 1.7758620689655173, 1.1666666666666667, 1.2622950819672132, 1.4583333333333333, 1.1764705882352942, 1.125, 1.0, 1.5714285714285714, null], "baseline_730": [1.0, 1.0, 1.0, 1.0, 1.0, 1.3529411764705883, 1.797752808988764, 1.4285714285714286, 1.2045454545454546, 1.6216216216216217, 1.3703703703703705, 1.5471698113207548, 1.2608695652173914, 1.3846153846153846, 1.5714285714285714, 1.7758620689655173, 1.1666666666666667, 1.2622950819672132, 1.4583333333333333, 1.1764705882352942, 1.125, 1.0, 1.5714285714285714, null], "today": [null, null, null, null, null, null, null, null, null, null, 1.0, 3.0, 1.0, null, 1.0, 1.0, null, null, 2.0, null, null, null, null, null]}, "Anak Bukit": {"baseline": [1.125, 1.0, null, null, 1.0, 1.1428571428571428, 1.6666666666666667, 1.4838709677419355, 1.0, 1.462962962962963, 1.4666666666666666, 1.619047619047619, 1.4285714285714286, 1.5952380952380953, 1.1666666666666667, 1.912280701754386, 1.3888888888888888, 1.6730769230769231, 1.619047619047619, 1.1, 1.2727272727272727, 1.25, 2.5, null], "baseline_730": [1.125, 1.0, null, null, 1.0, 1.1428571428571428, 1.6666666666666667, 1.4838709677419355, 1.0, 1.462962962962963, 1.4666666666666666, 1.619047619047619, 1.4285714285714286, 1.5952380952380953, 1.1666666666666667, 1.912280701754386, 1.3888888888888888, 1.6730769230769231, 1.619047619047619, 1.1, 1.2727272727272727, 1.25, 2.5, null], "today": [null, null, null, null, null, null, null, null, null, null, null, null, null, null, null, null, null, null, null, null, null, null, null, null]}, "Arau": {"baseline": [1.0909090909090908, 1.0, 1.0, null, 1.3333333333333333, 1.641025641025641, 2.058139534883721, 1.4210526315789473, 1.5, 2.0, 1.6538461538461537, 1.75, 1.3611111111111112, 1.5901639344262295, 1.5, 2.1527777777777777, 1.2972972972972974, 1.7735849056603774, 1.6607142857142858, 1.4545454545454546, 1.0714285714285714, 1.1, 3.0, 1.3333333333333333], "baseline_730": [1.0909090909090908, 1.0, 1.0, null, 1.3333333333333333, 1.641025641025641, 2.058139534883721, 1.4210526315789473, 1.5, 2.0, 1.6538461538461537, 1.75, 1.3611111111111112, 1.5901639344262295, 1.5, 2.1527777777777777, 1.2972972972972974, 1.7735849056603774, 1.6607142857142858, 1.4545454545454546, 1.0714285714285714, 1.1, 3.0, 1.3333333333333333], "today": [null, null, null, null, 1.0, null, null, null, null, null, null, null, null, 1.0, null, 1.0, null, 1.0, null, null, null, null, null, null]}, "Bagan Serai": {"baseline": [1.6666666666666667, 1.0, null, 1.0, 1.0, 1.0, 1.3888888888888888, 1.2, 1.0, 1.7857142857142858, 1.0, 1.3125, 1.25, 1.6666666666666667, 1.0833333333333333, 1.4871794871794872, 1.6875, 1.6538461538461537, 1.3333333333333333, 1.2857142857142858, 1.0, null, null, null], "baseline_730": [1.6666666666666667, 1.0, null, 1.0, 1.0, 1.0, 1.3888888888888888, 1.2, 1.0, 1.7857142857142858, 1.0, 1.3125, 1.25, 1.6666666666666667, 1.0833333333333333, 1.4871794871794872, 1.6875, 1.6538461538461537, 1.3333333333333333, 1.2857142857142858, 1.0, null, null, null], "today": [null, null, null, null, null, null, null, null, null, 1.0, null, null, null, null, null, 1.0, null, null, null, null, null, null, null, null]}, "Bukit Ketri": {"baseline": [null, null, null, null, null, 1.4285714285714286, 1.2666666666666666, 1.5, 1.5, 1.4705882352941178, 1.0, 1.3157894736842106, 1.0, 1.2142857142857142, 1.0, 1.1904761904761905, 1.25, 1.2666666666666666, 1.0, 1.0, 1.1, 1.0, 1.0, 1.2], "baseline_730": [null, null, null, null, null, 1.4285714285714286, 1.2666666666666666, 1.5, 1.5, 1.4705882352941178, 1.0, 1.3157894736842106, 1.0, 1.2142857142857142, 1.0, 1.1904761904761905, 1.25, 1.2666666666666666, 1.0, 1.0, 1.1, 1.0, 1.0, 1.2], "today": [null, null, null, null, null, null, null, null, null, null, null, null, null, null, null, null, 1.0, null, 1.0, null, null, null, null, null]}, "Bukit Mertajam": {"baseline": [1.1, 1.0, 1.0, 1.5, 1.0, 1.2592592592592593, 3.204081632653061, 3.352112676056338, 2.632, 2.462962962962963, 1.5789473684210527, 2.1709401709401708, 1.6222222222222222, 1.9204545454545454, 1.3174603174603174, 2.010204081632653, 1.6571428571428573, 3.0, 2.507042253521127, 1.6428571428571428, 1.1388888888888888, 1.0, 8.0, null], "baseline_730": [1.1, 1.0, 1.0, 1.5, 1.0, 1.2592592592592593, 3.204081632653061, 3.352112676056338, 2.632, 2.462962962962963, 1.5789473684210527, 2.1709401709401708, 1.6222222222222222, 1.9204545454545454, 1.3174603174603174, 2.010204081632653, 1.6571428571428573, 3.0, 2.507042253521127, 1.6428571428571428, 1.1388888888888888, 1.0, 8.0, null], "today": [1.0, null, null, null, null, null, 5.0, 4.0, 4.0, null, 1.0, null, null, 1.0, 2.0, null, null, 2.0, 6.0, null, null, null, null, null]}, "Bukit Tengah": {"baseline": [2.2, 1.0, 1.0, 1.0, 1.0, 1.1538461538461537, 3.972027972027972, 1.9830508474576272, 1.6122448979591837, 1.5849056603773586, 1.2181818181818183, 1.5126050420168067, 1.4074074074074074, 1.8, 1.1818181818181819, 1.5737704918032787, 1.2926829268292683, 2.0, 1.6744186046511629, 1.6101694915254237, 1.0666666666666667, 1.0, 5.5, null], "baseline_730": [2.2, 1.0, 1.0, 1.0, 1.0, 1.1538461538461537, 3.972027972027972, 1.9830508474576272, 1.6122448979591837, 1.5849056603773586, 1.2181818181818183, 1.5126050420168067, 1.4074074074074074, 1.8, 1.1818181818181819, 1.5737704918032787, 1.2926829268292683, 2.0, 1.6744186046511629, 1.6101694915254237, 1.0666666666666667, 1.0, 5.5, null], "today": [null, null, null, null, null, null, 6.0, 2.0, 3.0, null, null, 3.0, null, 1.0, null, null, null, null, 1.0, null, null, null, null, null]}, "Butterworth": {"baseline": [1.9333333333333333, 1.875, 1.0, 1.1666666666666667, 1.0833333333333333, 2.1880341880341883, 4.71875, 2.4511278195488724, 2.2936507936507935, 3.5531914893617023, 2.1758241758241756, 3.139705882352941, 1.5797101449275361, 2.9224137931034484, 2.0588235294117645, 2.4065040650406506, 1.9428571428571428, 2.514925373134328, 2.3153846153846156, 1.8623853211009174, 1.0869565217391304, 1.0, 3.0, null], "baseline_730": [1.9333333333333333, 1.875, 1.0, 1.1666666666666667, 1.0833333333333333, 2.1880341880341883, 4.71875, 2.4511278195488724, 2.2936507936507935, 3.5531914893617023, 2.1758241758241756, 3.139705882352941, 1.5797101449275361, 2.9224137931034484, 2.0588235294117645, 2.4065040650406506, 1.9428571428571428, 2.514925373134328, 2.3153846153846156, 1.8623853211009174, 1.0869565217391304, 1.0, 3.0, null], "today": [null, null, null, null, null, 4.0, 3.0, 5.0, 3.0, 4.0, 2.0, 3.0, 1.0, 5.0, 1.0, 2.0, null, 3.0, 1.0, 3.0, null, null, null, null]}, "Gurun": {"baseline": [1.0, 1.0, 1.0, null, null, 1.0666666666666667, 1.15625, 1.2352941176470589, 1.2727272727272727, 1.7272727272727273, 1.4, 1.4210526315789473, 1.2222222222222223, 1.5, 1.0, 1.5454545454545454, 1.5, 1.4615384615384615, 1.411764705882353, 1.0, 1.0, 1.0, 1.25, null], "baseline_730": [1.0, 1.0, 1.0, null, null, 1.0666666666666667, 1.15625, 1.2352941176470589, 1.2727272727272727, 1.7272727272727273, 1.4, 1.4210526315789473, 1.2222222222222223, 1.5, 1.0, 1.5454545454545454, 1.5, 1.4615384615384615, 1.411764705882353, 1.0, 1.0, 1.0, 1.25, null], "today": [null, null, null, null, null, null, null, 1.0, null, null, null, null, null, null, null, null, null, 1.0, 1.0, null, null, null, null, null]}, "Ipoh": {"baseline": [1.6, 1.1875, 1.125, 1.3333333333333333, 1.1818181818181819, 2.180327868852459, 8.939759036144578, 9.201219512195122, 4.6573426573426575, 4.7926829268292686, 2.1142857142857143, 2.789473684210526, 4.006849315068493, 2.3137254901960786, 4.16, 2.108695652173913, 3.696551724137931, 1.9887640449438202, 2.909090909090909, 2.546875, 1.65, 1.2380952380952381, 5.25, null],