{"service": "komuter_utara", "origin": "Kamunting", "latest_date": "2026-07-10", "destinations": {"Alor Setar": {"baseline": [1.0, 1.0, 1.0, 1.0, 1.0, 1.325, 1.7731958762886597, 1.46875, 1.1914893617021276, 1.620253164556962, 1.3548387096774193, 1.596774193548387, 1.2307692307692308, 1.375, 1.55, 1.8064516129032258, 1.2285714285714286, 1.338235294117647, 1.4444444444444444, 1.2, 1.125, 1.0, 1.4444444444444444, null], "baseline_730": [1.0, 1.0, 1.0, 1.0, 1.0, 1.325, 1.7731958762886597, 1.46875, 1.1914893617021276, 1.620253164556962, 1.3548387096774193, 1.596774193548387, 1.2307692307692308, 1.375, 1.55, 1.8064516129032258, 1.2285714285714286, 1.338235294117647, 1.4444444444444444, 1.2, 1.125, 1.0, 1.4444444444444444, null], "today": [null, null, null, null, null, null, 3.0, null, null, null, null, 1.0, null, 1.0, 1.0, null, 1.0, 1.0, 3.0, null, null, null, null, null]}, "Anak Bukit": {"baseline": [1.125, 1.0, null, null, 1.0, 1.45, 1.6896551724137931, 1.4411764705882353, 1.0555555555555556, 1.5344827586206897, 1.5, 1.6170212765957446, 1.434782608695652, 1.711111111111111, 1.1428571428571428, 1.8870967741935485, 1.4, 1.6727272727272726, 1.6046511627906976, 1.0769230769230769, 1.2727272727272727, 1.2, 2.5, null], "baseline_730": [1.125, 1.0, null, null, 1.0, 1.45, 1.6896551724137931, 1.4411764705882353, 1.0555555555555556, 1.5344827586206897, 1.5, 1.6170212765957446, 1.434782608695652, 1.711111111111111, 1.1428571428571428, 1.8870967741935485, 1.4, 1.6727272727272726, 1.6046511627906976, 1.0769230769230769, 1.2727272727272727, 1.2, 2.5, null], "today": [null, null, null, null, null, null, null, null, null, null, 1.0, 1.0, null, 4.0, null, null, null, 2.0, null, null, null, null, null, null]}, "Arau": {"baseline": [1.1538461538461537, 1.0, 1.0, null, 1.3, 1.619047619047619, 2.089108910891089, 1.4146341463414633, 1.4210526315789473, 1.9390243902439024, 1.6071428571428572, 1.7160493827160495, 1.368421052631579, 1.6338028169014085, 1.4883720930232558, 2.142857142857143, 1.35, 1.7727272727272727, 1.6984126984126984, 1.4545454545454546, 1.0666666666666667, 1.0909090909090908, 3.0, 1.3333333333333333], "baseline_730": [1.1538461538461537, 1.0, 1.0, null, 1.3, 1.619047619047619, 2.089108910891089, 1.4146341463414633, 1.4210526315789473, 1.9390243902439024, 1.6071428571428572, 1.7160493827160495, 1.368421052631579, 1.6338028169014085, 1.4883720930232558, 2.142857142857143, 1.35, 1.7727272727272727, 1.6984126984126984, 1.4545454545454546, 1.0666666666666667, 1.0909090909090908, 3.0, 1.3333333333333333], "today": [null, null, null, null, null, null, 1.0, null, null, null, null, null, null, 1.0, null, null, null, null, 1.0, 1.0, 1.0, null, null, 1.0]}, "Bagan Serai": {"baseline": [1.6666666666666667, 1.0, null, 1.0, 1.0, 1.0, 1.391304347826087, 1.2307692307692308, 2.75, 1.7333333333333334, 1.2857142857142858, 1.2941176470588236, 1.2352941176470589, 1.625, 1.0833333333333333, 1.4883720930232558, 1.6470588235294117, 1.6333333333333333, 1.3, 1.2222222222222223, 1.0, null, null, null], "baseline_730": [1.6666666666666667, 1.0, null, 1.0, 1.0, 1.0, 1.391304347826087, 1.2307692307692308, 2.75, 1.7333333333333334, 1.2857142857142858, 1.2941176470588236, 1.2352941176470589, 1.625, 1.0833333333333333, 1.4883720930232558, 1.6470588235294117, 1.6333333333333333, 1.3, 1.2222222222222223, 1.0, null, null, null], "today": [null, null, null, null, null, null, 1.0, null, null, null, null, null, null, null, null, 1.0, null, 1.0, null, null, null, null, null, null]}, "Bukit Ketri": {"baseline": [null, null, null, null, null, 1.375, 1.4285714285714286, 1.4, 1.5, 1.4705882352941178, 1.0, 1.3, 1.0, 1.25, 1.0, 1.1666666666666667, 1.1428571428571428, 1.2352941176470589, 1.0, 1.0, 1.0909090909090908, 1.0, 1.0, 1.2], "baseline_730": [null, null, null, null, null, 1.375, 1.4285714285714286, 1.4, 1.5, 1.4705882352941178, 1.0, 1.3, 1.0, 1.25, 1.0, 1.1666666666666667, 1.1428571428571428, 1.2352941176470589, 1.0, 1.0, 1.0909090909090908, 1.0, 1.0, 1.2], "today": [null, null, null, null, null, null, null, null, null, null, null, null, null, null, null, null, null, null, null, null, null, null, null, null]}, "Bukit Mertajam": {"baseline": [1.0940170940170941, 1.0, 1.0, 1.5, 1.0, 1.3220338983050848, 3.215568862275449, 3.4294478527607364, 2.5602836879432624, 2.393162393162393, 1.515625, 2.147286821705426, 1.6153846153846154, 1.8316831683168318, 1.3043478260869565, 2.036036036036036, 1.6455696202531647, 2.854014598540146, 2.4939024390243905, 1.5714285714285714, 1.1627906976744187, 1.0, 8.0, null], "baseline_730": [1.0940170940170941, 1.0, 1.0, 1.5, 1.0, 1.3220338983050848, 3.215568862275449, 3.4294478527607364, 2.5602836879432624, 2.393162393162393, 1.515625, 2.147286821705426, 1.6153846153846154, 1.8316831683168318, 1.3043478260869565, 2.036036036036036, 1.6455696202531647, 2.854014598540146, 2.4939024390243905, 1.5714285714285714, 1.1627906976744187, 1.0, 8.0, null], "today": [1.0, null, null, null, null, 1.0, 7.0, 4.0, 4.0, 1.0, null, 1.0, 1.0, 1.0, null, null, null, 2.0, 2.0, 1.0, 1.0, null, null, null]}, "Bukit Tengah": {"baseline": [2.2, 1.0, 1.0, 1.0, 1.0, 1.148936170212766, 3.9627329192546585, 2.0294117647058822, 1.6581196581196582, 1.564516129032258, 1.2096774193548387, 1.5037593984962405, 1.3793103448275863, 1.7457627118644068, 1.1891891891891893, 1.5147058823529411, 1.2857142857142858, 2.0759493670886076, 1.6116504854368932, 1.5820895522388059, 1.0588235294117647, 1.0, 5.5, null], "baseline_730": [2.2, 1.0, 1.0, 1.0, 1.0, 1.148936170212766, 3.9627329192546585, 2.0294117647058822, 1.6581196581196582, 1.564516129032258, 1.2096774193548387, 1.5037593984962405, 1.3793103448275863, 1.7457627118644068, 1.1891891891891893, 1.5147058823529411, 1.2857142857142858, 2.0759493670886076, 1.6116504854368932, 1.5820895522388059, 1.0588235294117647, 1.0, 5.5, null], "today": [null, null, null, null, null, 1.0, 4.0, 3.0, 1.0, null, null, null, 2.0, null, null, null, null, 2.0, 1.0, 3.0, null, null, null, null]}, "Butterworth": {"baseline": [1.875, 1.7777777777777777, 1.0, 1.1428571428571428, 1.0666666666666667, 2.27007299270073, 4.743169398907104, 2.4193548387096775, 2.237762237762238, 3.54320987654321, 2.127450980392157, 3.174193548387097, 1.5802469135802468, 2.8955223880597014, 1.9625, 2.381294964028777, 1.925, 2.48, 2.2896551724137932, 1.8671875, 1.0769230769230769, 1.0, 2.5, null], "baseline_730": [1.875, 1.7777777777777777, 1.0, 1.1428571428571428, 1.0666666666666667, 2.27007299270073, 4.743169398907104, 2.4193548387096775, 2.237762237762238, 3.54320987654321, 2.127450980392157, 3.174193548387097, 1.5802469135802468, 2.8955223880597014, 1.9625, 2.381294964028777, 1.925, 2.48, 2.2896551724137932, 1.8671875, 1.0769230769230769, 1.0, 2.5, null], "today": [null, null, null, null, null, 5.0, 3.0, 2.0, 3.0, 4.0, 2.0, 3.0, null, 1.0, 1.0, 1.0, 2.0, 1.0, 1.0, 2.0, 1.0, null, null, null]}, "Gurun": {"baseline": [1.0, 1.0, 1.0, null, null, 1.0625, 1.1666666666666667, 1.35, 1.2307692307692308, 1.64, 1.4, 1.5454545454545454, 1.2222222222222223, 1.565217391304348, 1.0, 1.5, 1.4705882352941178, 1.4, 1.4285714285714286, 1.0, 1.0, 1.0, 1.25, null], "baseline_730": [1.0, 1.0, 1.0, null, null, 1.0625, 1.1666666666666667, 1.35, 1.2307692307692308, 1.64, 1.4, 1.5454545454545454, 1.2222222222222223, 1.565217391304348, 1.0, 1.5, 1.4705882352941178, 1.4, 1.4285714285714286, 1.0, 1.0, 1.0, 1.25, null], "today": [null, null, null, null, null, null, null, null, null, null, null, null, null, null, null, null, null, null, 1.0, null, null, null, null, null]}, "Ipoh": {"baseline": [1.6, 1.1875, 1.1111111111111112, 1.375, 1.173913043478261, 2.153284671532847, 9.25, 9.582887700534759, 4.625766871165644, 4.748663101604278, 2.086206896551724, 2.8057142857142856, 3.901840490797546, 2.25, 4.184523809523809, 2.0970873786407767, 3.6402439024390243, 1.9313725490196079, 2.976878612716763, 2.704697986577181, 1.5833333333333333, 1.2463768115942029, 5.25, null],