{"service": "komuter_utara", "origin": "Kamunting", "latest_date": "2026-07-08", "destinations": {"Alor Setar": {"baseline": [1.0, 1.0, 1.0, 1.0, 1.0, 1.325, 1.7731958762886597, 1.46875, 1.1914893617021276, 1.620253164556962, 1.3548387096774193, 1.5901639344262295, 1.2307692307692308, 1.3818181818181818, 1.55, 1.8064516129032258, 1.2285714285714286, 1.338235294117647, 1.4444444444444444, 1.2, 1.125, 1.0, 1.4444444444444444, null], "baseline_730": [1.0, 1.0, 1.0, 1.0, 1.0, 1.325, 1.7731958762886597, 1.46875, 1.1914893617021276, 1.620253164556962, 1.3548387096774193, 1.5901639344262295, 1.2307692307692308, 1.3818181818181818, 1.55, 1.8064516129032258, 1.2285714285714286, 1.338235294117647, 1.4444444444444444, 1.2, 1.125, 1.0, 1.4444444444444444, null], "today": [null, null, null, null, null, null, null, null, null, null, null, 2.0, null, 1.0, null, null, null, null, null, null, null, null, null, null]}, "Anak Bukit": {"baseline": [1.125, 1.0, null, null, 1.0, 1.45, 1.6842105263157894, 1.4411764705882353, 1.0555555555555556, 1.5344827586206897, 1.5, 1.6170212765957446, 1.434782608695652, 1.711111111111111, 1.1428571428571428, 1.901639344262295, 1.4, 1.6851851851851851, 1.6046511627906976, 1.0769230769230769, 1.2727272727272727, 1.2, 2.5, null], "baseline_730": [1.125, 1.0, null, null, 1.0, 1.45, 1.6842105263157894, 1.4411764705882353, 1.0555555555555556, 1.5344827586206897, 1.5, 1.6170212765957446, 1.434782608695652, 1.711111111111111, 1.1428571428571428, 1.901639344262295, 1.4, 1.6851851851851851, 1.6046511627906976, 1.0769230769230769, 1.2727272727272727, 1.2, 2.5, null], "today": [null, null, null, null, null, null, null, null, null, null, null, null, null, null, null, 1.0, null, 1.0, null, null, null, null, null, null]}, "Arau": {"baseline": [1.1538461538461537, 1.0, 1.0, null, 1.3, 1.619047619047619, 2.1, 1.425, 1.4210526315789473, 1.9390243902439024, 1.6071428571428572, 1.7160493827160495, 1.368421052631579, 1.6338028169014085, 1.4883720930232558, 2.1566265060240966, 1.35, 1.7846153846153847, 1.6984126984126984, 1.4545454545454546, 1.0666666666666667, 1.0909090909090908, 3.0, 1.3333333333333333], "baseline_730": [1.1538461538461537, 1.0, 1.0, null, 1.3, 1.619047619047619, 2.1, 1.425, 1.4210526315789473, 1.9390243902439024, 1.6071428571428572, 1.7160493827160495, 1.368421052631579, 1.6338028169014085, 1.4883720930232558, 2.1566265060240966, 1.35, 1.7846153846153847, 1.6984126984126984, 1.4545454545454546, 1.0666666666666667, 1.0909090909090908, 3.0, 1.3333333333333333], "today": [null, null, null, null, null, null, 1.0, 1.0, null, null, null, null, null, null, null, 1.0, null, null, null, null, null, null, null, null]}, "Bagan Serai": {"baseline": [1.6666666666666667, 1.0, null, 1.0, 1.0, 1.0, 1.4090909090909092, 1.2307692307692308, 2.75, 1.7333333333333334, 1.2857142857142858, 1.2941176470588236, 1.2352941176470589, 1.625, 1.0833333333333333, 1.4883720930232558, 1.6470588235294117, 1.6333333333333333, 1.3157894736842106, 1.2222222222222223, 1.0, null, null, null], "baseline_730": [1.6666666666666667, 1.0, null, 1.0, 1.0, 1.0, 1.4090909090909092, 1.2307692307692308, 2.75, 1.7333333333333334, 1.2857142857142858, 1.2941176470588236, 1.2352941176470589, 1.625, 1.0833333333333333, 1.4883720930232558, 1.6470588235294117, 1.6333333333333333, 1.3157894736842106, 1.2222222222222223, 1.0, null, null, null], "today": [null, null, null, null, null, null, 1.0, null, null, null, null, null, null, null, null, null, null, null, null, null, null, null, null, null]}, "Bukit Ketri": {"baseline": [null, null, null, null, null, 1.375, 1.45, 1.4, 1.5, 1.4705882352941178, 1.0, 1.3, 1.0, 1.25, 1.0, 1.1666666666666667, 1.1666666666666667, 1.2352941176470589, 1.0, 1.0, 1.0909090909090908, 1.0, 1.0, 1.2], "baseline_730": [null, null, null, null, null, 1.375, 1.45, 1.4, 1.5, 1.4705882352941178, 1.0, 1.3, 1.0, 1.25, 1.0, 1.1666666666666667, 1.1666666666666667, 1.2352941176470589, 1.0, 1.0, 1.0909090909090908, 1.0, 1.0, 1.2], "today": [null, null, null, null, null, null, null, null, null, null, null, null, null, null, null, null, null, null, null, null, null, null, null, null]}, "Bukit Mertajam": {"baseline": [1.0956521739130434, 1.0, 1.0, 1.5, 1.0, 1.263157894736842, 3.206060606060606, 3.4161490683229814, 2.5611510791366907, 2.408695652173913, 1.5238095238095237, 2.140625, 1.6153846153846154, 1.84, 1.3043478260869565, 2.0454545454545454, 1.6455696202531647, 2.8740740740740742, 2.5123456790123457, 1.5806451612903225, 1.146341463414634, 1.0, 8.0, null], "baseline_730": [1.0956521739130434, 1.0, 1.0, 1.5, 1.0, 1.263157894736842, 3.206060606060606, 3.4161490683229814, 2.5611510791366907, 2.408695652173913, 1.5238095238095237, 2.140625, 1.6153846153846154, 1.84, 1.3043478260869565, 2.0454545454545454, 1.6455696202531647, 2.8740740740740742, 2.5123456790123457, 1.5806451612903225, 1.146341463414634, 1.0, 8.0, null], "today": [1.0, null, null, null, null, 2.0, 2.0, 5.0, 1.0, 2.0, null, 3.0, null, 1.0, null, null, null, 2.0, 1.0, 1.0, 2.0, null, null, null]}, "Bukit Tengah": {"baseline": [2.2, 1.0, 1.0, 1.0, 1.0, 1.148936170212766, 3.9748427672955975, 2.029850746268657, 1.6521739130434783, 1.5573770491803278, 1.2096774193548387, 1.5038167938931297, 1.3793103448275863, 1.7457627118644068, 1.1891891891891893, 1.5147058823529411, 1.2916666666666667, 2.08974358974359, 1.6237623762376239, 1.5909090909090908, 1.0588235294117647, 1.0, 5.5, null], "baseline_730": [2.2, 1.0, 1.0, 1.0, 1.0, 1.148936170212766, 3.9748427672955975, 2.029850746268657, 1.6521739130434783, 1.5573770491803278, 1.2096774193548387, 1.5038167938931297, 1.3793103448275863, 1.7457627118644068, 1.1891891891891893, 1.5147058823529411, 1.2916666666666667, 2.08974358974359, 1.6237623762376239, 1.5909090909090908, 1.0588235294117647, 1.0, 5.5, null], "today": [null, null, null, null, null, null, 2.0, 2.0, 2.0, 2.0, null, 1.0, null, null, null, null, 1.0, null, 1.0, 1.0, null, null, null, null]}, "Butterworth": {"baseline": [1.875, 1.7777777777777777, 1.0, 1.1428571428571428, 1.0666666666666667, 2.251851851851852, 4.734806629834254, 2.4248366013071894, 2.25531914893617, 3.5625, 2.128712871287129, 3.175324675324675, 1.5625, 2.9097744360902253, 1.9615384615384615, 2.391304347826087, 1.9113924050632911, 2.48, 2.2896551724137932, 1.873015873015873, 1.0769230769230769, 1.0, 2.5, null], "baseline_730": [1.875, 1.7777777777777777, 1.0, 1.1428571428571428, 1.0666666666666667, 2.251851851851852, 4.734806629834254, 2.4248366013071894, 2.25531914893617, 3.5625, 2.128712871287129, 3.175324675324675, 1.5625, 2.9097744360902253, 1.9615384615384615, 2.391304347826087, 1.9113924050632911, 2.48, 2.2896551724137932, 1.873015873015873, 1.0769230769230769, 1.0, 2.5, null], "today": [null, null, null, null, null, 4.0, 9.0, 2.0, 1.0, 2.0, 2.0, 3.0, 3.0, null, 2.0, null, 3.0, null, null, 2.0, null, null, null, null]}, "Gurun": {"baseline": [1.0, 1.0, 1.0, null, null, 1.0625, 1.1666666666666667, 1.368421052631579, 1.2307692307692308, 1.64, 1.4, 1.5454545454545454, 1.2222222222222223, 1.565217391304348, 1.0, 1.5217391304347827, 1.4705882352941178, 1.4, 1.4285714285714286, 1.0, 1.0, 1.0, 1.25, null], "baseline_730": [1.0, 1.0, 1.0, null, null, 1.0625, 1.1666666666666667, 1.368421052631579, 1.2307692307692308, 1.64, 1.4, 1.5454545454545454, 1.2222222222222223, 1.565217391304348, 1.0, 1.5217391304347827, 1.4705882352941178, 1.4, 1.4285714285714286, 1.0, 1.0, 1.0, 1.25, null], "today": [null, null, null, null, null, null, null, 1.0, null, null, null, null, null, null, null, 1.0, null, null, null, null, null, null, null, null]}, "Ipoh": {"baseline": [1.6, 1.1875, 1.1111111111111112, 1.375, 1.173913043478261, 2.153284671532847, 9.204301075268818, 9.562162162162162, 4.577639751552795, 4.756756756756757, 2.086206896551724, 2.8265895953757227, 3.9074074074074074, 2.25, 4.191616766467066, 2.107843137254902, 3.6564417177914113, 1.9306930693069306, 2.9651162790697674, 2.7210884353741496, 1.5833333333333333, 1.2463768115942029, 5.25, null],