{"service": "komuter_utara", "origin": "Kamunting", "latest_date": "2026-07-11", "destinations": {"Alor Setar": {"baseline": [1.0, 1.0, 1.0, 1.0, 1.0, 1.325, 1.7857142857142858, 1.46875, 1.1914893617021276, 1.620253164556962, 1.3548387096774193, 1.5873015873015872, 1.2307692307692308, 1.368421052631579, 1.5238095238095237, 1.8064516129032258, 1.2222222222222223, 1.3333333333333333, 1.5, 1.2, 1.125, 1.0, 1.4444444444444444, null], "baseline_730": [1.0, 1.0, 1.0, 1.0, 1.0, 1.325, 1.7857142857142858, 1.46875, 1.1914893617021276, 1.620253164556962, 1.3548387096774193, 1.5873015873015872, 1.2307692307692308, 1.368421052631579, 1.5238095238095237, 1.8064516129032258, 1.2222222222222223, 1.3333333333333333, 1.5, 1.2, 1.125, 1.0, 1.4444444444444444, null], "today": [null, null, null, null, null, null, 3.0, null, null, 1.0, 1.0, 1.0, null, 1.0, null, null, 1.0, null, null, null, null, null, null, null]}, "Anak Bukit": {"baseline": [1.125, 1.0, null, null, 1.0, 1.45, 1.6896551724137931, 1.4411764705882353, 1.0555555555555556, 1.5344827586206897, 1.4736842105263157, 1.6041666666666667, 1.434782608695652, 1.7608695652173914, 1.1428571428571428, 1.8870967741935485, 1.4, 1.6785714285714286, 1.6046511627906976, 1.0769230769230769, 1.2727272727272727, 1.2, 2.5, null], "baseline_730": [1.125, 1.0, null, null, 1.0, 1.45, 1.6896551724137931, 1.4411764705882353, 1.0555555555555556, 1.5344827586206897, 1.4736842105263157, 1.6041666666666667, 1.434782608695652, 1.7608695652173914, 1.1428571428571428, 1.8870967741935485, 1.4, 1.6785714285714286, 1.6046511627906976, 1.0769230769230769, 1.2727272727272727, 1.2, 2.5, null], "today": [null, null, null, null, null, 3.0, 4.0, 2.0, null, null, null, 3.0, null, 2.0, null, 2.0, 3.0, 1.0, 1.0, null, 1.0, null, null, null]}, "Arau": {"baseline": [1.1538461538461537, 1.0, 1.0, null, 1.3, 1.619047619047619, 2.0784313725490198, 1.4146341463414633, 1.4210526315789473, 1.9390243902439024, 1.6071428571428572, 1.7160493827160495, 1.368421052631579, 1.625, 1.4883720930232558, 2.142857142857143, 1.35, 1.7727272727272727, 1.6875, 1.4166666666666667, 1.0625, 1.0909090909090908, 3.0, 1.25], "baseline_730": [1.1538461538461537, 1.0, 1.0, null, 1.3, 1.619047619047619, 2.0784313725490198, 1.4146341463414633, 1.4210526315789473, 1.9390243902439024, 1.6071428571428572, 1.7160493827160495, 1.368421052631579, 1.625, 1.4883720930232558, 2.142857142857143, 1.35, 1.7727272727272727, 1.6875, 1.4166666666666667, 1.0625, 1.0909090909090908, 3.0, 1.25], "today": [null, null, null, null, null, null, 2.0, null, null, null, null, null, 1.0, 1.0, null, null, null, 1.0, null, null, null, 1.0, null, null]}, "Bagan Serai": {"baseline": [1.6666666666666667, 1.0, null, 1.0, 1.0, 1.0, 1.375, 1.2307692307692308, 2.75, 1.7333333333333334, 1.2857142857142858, 1.2941176470588236, 1.2352941176470589, 1.625, 1.0833333333333333, 1.4772727272727273, 1.6470588235294117, 1.6129032258064515, 1.3, 1.2222222222222223, 1.0, null, null, null], "baseline_730": [1.6666666666666667, 1.0, null, 1.0, 1.0, 1.0, 1.375, 1.2307692307692308, 2.75, 1.7333333333333334, 1.2857142857142858, 1.2941176470588236, 1.2352941176470589, 1.625, 1.0833333333333333, 1.4772727272727273, 1.6470588235294117, 1.6129032258064515, 1.3, 1.2222222222222223, 1.0, null, null, null], "today": [null, null, null, null, null, null, null, null, null, null, null, 1.0, null, 2.0, null, 2.0, null, 2.0, 2.0, null, null, null, null, null]}, "Bukit Ketri": {"baseline": [null, null, null, null, null, 1.375, 1.4285714285714286, 1.4, 1.5, 1.4705882352941178, 1.0, 1.3, 1.0, 1.25, 1.0, 1.1666666666666667, 1.1428571428571428, 1.2352941176470589, 1.0, 1.0, 1.0909090909090908, 1.0, 1.0, 1.2], "baseline_730": [null, null, null, null, null, 1.375, 1.4285714285714286, 1.4, 1.5, 1.4705882352941178, 1.0, 1.3, 1.0, 1.25, 1.0, 1.1666666666666667, 1.1428571428571428, 1.2352941176470589, 1.0, 1.0, 1.0909090909090908, 1.0, 1.0, 1.2], "today": [null, null, null, null, null, null, null, null, null, 2.0, 3.0, null, null, null, null, null, null, null, 1.0, null, null, 1.0, null, null]}, "Bukit Mertajam": {"baseline": [1.0932203389830508, 1.0, 1.0, 1.5, 1.0, 1.3166666666666667, 3.238095238095238, 3.432926829268293, 2.5704225352112675, 2.3813559322033897, 1.515625, 2.1384615384615384, 1.6037735849056605, 1.8235294117647058, 1.3043478260869565, 2.036036036036036, 1.6455696202531647, 2.847826086956522, 2.4909090909090907, 1.5625, 1.1590909090909092, 1.0, 8.0, null], "baseline_730": [1.0932203389830508, 1.0, 1.0, 1.5, 1.0, 1.3166666666666667, 3.238095238095238, 3.432926829268293, 2.5704225352112675, 2.3813559322033897, 1.515625, 2.1384615384615384, 1.6037735849056605, 1.8235294117647058, 1.3043478260869565, 2.036036036036036, 1.6455696202531647, 2.847826086956522, 2.4909090909090907, 1.5625, 1.1590909090909092, 1.0, 8.0, null], "today": [null, null, null, null, null, 2.0, 1.0, 3.0, 1.0, 1.0, 2.0, 1.0, 1.0, 1.0, null, 1.0, null, 2.0, 2.0, null, null, null, null, null]}, "Bukit Tengah": {"baseline": [2.2, 1.0, 1.0, 1.0, 1.0, 1.1458333333333333, 3.962962962962963, 2.0364963503649633, 1.652542372881356, 1.564516129032258, 1.2096774193548387, 1.5037593984962405, 1.4, 1.7457627118644068, 1.1891891891891893, 1.5147058823529411, 1.2857142857142858, 2.075, 1.6057692307692308, 1.6029411764705883, 1.0588235294117647, 1.0, 5.5, null], "baseline_730": [2.2, 1.0, 1.0, 1.0, 1.0, 1.1458333333333333, 3.962962962962963, 2.0364963503649633, 1.652542372881356, 1.564516129032258, 1.2096774193548387, 1.5037593984962405, 1.4, 1.7457627118644068, 1.1891891891891893, 1.5147058823529411, 1.2857142857142858, 2.075, 1.6057692307692308, 1.6029411764705883, 1.0588235294117647, 1.0, 5.5, null], "today": [null, null, null, null, null, null, 3.0, null, null, null, null, 1.0, null, null, null, null, null, null, null, null, 1.0, null, null, null]}, "Butterworth": {"baseline": [1.875, 1.7777777777777777, 1.0, 1.1428571428571428, 1.0666666666666667, 2.289855072463768, 4.733695652173913, 2.4166666666666665, 2.2430555555555554, 3.5460122699386503, 2.1262135922330097, 3.173076923076923, 1.5802469135802468, 2.8814814814814813, 1.9506172839506173, 2.3714285714285714, 1.9259259259259258, 2.4701986754966887, 2.280821917808219, 1.8682170542635659, 1.0740740740740742, 1.0, 2.5, null], "baseline_730": [1.875, 1.7777777777777777, 1.0, 1.1428571428571428, 1.0666666666666667, 2.289855072463768, 4.733695652173913, 2.4166666666666665, 2.2430555555555554, 3.5460122699386503, 2.1262135922330097, 3.173076923076923, 1.5802469135802468, 2.8814814814814813, 1.9506172839506173, 2.3714285714285714, 1.9259259259259258, 2.4701986754966887, 2.280821917808219, 1.8682170542635659, 1.0740740740740742, 1.0, 2.5, null], "today": [null, null, null, null, null, null, 3.0, 2.0, 1.0, null, 6.0, 3.0, null, 1.0, 1.0, 6.0, null, 1.0, 5.0, null, null, null, null, null]}, "Gurun": {"baseline": [1.0, 1.0, 1.0, null, null, 1.0625, 1.1666666666666667, 1.35, 1.2307692307692308, 1.64, 1.4, 1.5454545454545454, 1.2222222222222223, 1.565217391304348, 1.0, 1.5, 1.4705882352941178, 1.4, 1.4090909090909092, 1.0, 1.0, 1.0, 1.25, null], "baseline_730": [1.0, 1.0, 1.0, null, null, 1.0625, 1.1666666666666667, 1.35, 1.2307692307692308, 1.64, 1.4, 1.5454545454545454, 1.2222222222222223, 1.565217391304348, 1.0, 1.5, 1.4705882352941178, 1.4, 1.4090909090909092, 1.0, 1.0, 1.0, 1.25, null], "today": [null, null, null, null, null, null, null, null, null, null, null, null, null, null, null, null, null, 1.0, null, null, null, null, null, null]}, "Ipoh": {"baseline": [1.5806451612903225, 1.1875, 1.1111111111111112, 1.375, 1.173913043478261, 2.152173913043478, 9.312169312169312, 9.579787234042554, 4.652439024390244, 4.76063829787234, 2.086206896551724, 2.8011363636363638, 3.901840490797546, 2.2393162393162394, 4.171597633136095, 2.0970873786407767, 3.6363636363636362, 1.941747572815534, 2.9827586206896552, 2.7066666666666666, 1.5714285714285714, 1.2463768115942029, 5.25, null],