{"service": "komuter_utara", "origin": "Kamunting", "latest_date": "2026-07-14", "destinations": {"Alor Setar": {"baseline": [1.0, 1.0, 1.0, 1.0, 1.0, 1.3170731707317074, 1.8514851485148516, 1.46875, 1.1914893617021276, 1.6125, 1.3636363636363635, 1.5692307692307692, 1.2307692307692308, 1.35, 1.5238095238095237, 1.8064516129032258, 1.2162162162162162, 1.3333333333333333, 1.5, 1.1904761904761905, 1.125, 1.0, 1.4444444444444444, null], "baseline_730": [1.0, 1.0, 1.0, 1.0, 1.0, 1.3170731707317074, 1.8514851485148516, 1.46875, 1.1914893617021276, 1.6125, 1.3636363636363635, 1.5692307692307692, 1.2307692307692308, 1.35, 1.5238095238095237, 1.8064516129032258, 1.2162162162162162, 1.3333333333333333, 1.5, 1.1904761904761905, 1.125, 1.0, 1.4444444444444444, null], "today": [null, null, null, null, null, null, null, null, null, null, null, null, null, 1.0, null, null, null, null, null, null, null, null, null, null]}, "Anak Bukit": {"baseline": [1.125, 1.0, null, null, 1.0, 1.5, 1.728813559322034, 1.457142857142857, 1.0555555555555556, 1.5344827586206897, 1.4736842105263157, 1.6326530612244898, 1.434782608695652, 1.7659574468085106, 1.1428571428571428, 1.8888888888888888, 1.4761904761904763, 1.6551724137931034, 1.5909090909090908, 1.0714285714285714, 1.2307692307692308, 1.2, 2.5, null], "baseline_730": [1.125, 1.0, null, null, 1.0, 1.5, 1.728813559322034, 1.457142857142857, 1.0555555555555556, 1.5344827586206897, 1.4736842105263157, 1.6326530612244898, 1.434782608695652, 1.7659574468085106, 1.1428571428571428, 1.8888888888888888, 1.4761904761904763, 1.6551724137931034, 1.5909090909090908, 1.0714285714285714, 1.2307692307692308, 1.2, 2.5, null], "today": [null, null, null, null, null, null, null, null, null, 1.0, null, null, null, null, null, null, null, null, null, null, null, null, null, null]}, "Arau": {"baseline": [1.1538461538461537, 1.0, 1.0, null, 1.3, 1.619047619047619, 2.057142857142857, 1.4047619047619047, 1.4102564102564104, 1.9166666666666667, 1.5862068965517242, 1.7073170731707317, 1.4, 1.6081081081081081, 1.4883720930232558, 2.1294117647058823, 1.35, 1.7391304347826086, 1.6923076923076923, 1.4166666666666667, 1.0625, 1.0769230769230769, 3.0, 1.25], "baseline_730": [1.1538461538461537, 1.0, 1.0, null, 1.3, 1.619047619047619, 2.057142857142857, 1.4047619047619047, 1.4102564102564104, 1.9166666666666667, 1.5862068965517242, 1.7073170731707317, 1.4, 1.6081081081081081, 1.4883720930232558, 2.1294117647058823, 1.35, 1.7391304347826086, 1.6923076923076923, 1.4166666666666667, 1.0625, 1.0769230769230769, 3.0, 1.25], "today": [null, null, null, null, null, null, 1.0, null, null, 1.0, null, null, 1.0, null, null, null, null, null, null, null, null, null, null, null]}, "Bagan Serai": {"baseline": [1.6666666666666667, 1.0, null, 1.0, 1.0, 1.0, 1.375, 1.2307692307692308, 2.75, 1.75, 1.2857142857142858, 1.263157894736842, 1.2352941176470589, 1.6363636363636365, 1.0833333333333333, 1.488888888888889, 1.6470588235294117, 1.625, 1.3636363636363635, 1.2222222222222223, 1.0, null, null, null], "baseline_730": [1.6666666666666667, 1.0, null, 1.0, 1.0, 1.0, 1.375, 1.2307692307692308, 2.75, 1.75, 1.2857142857142858, 1.263157894736842, 1.2352941176470589, 1.6363636363636365, 1.0833333333333333, 1.488888888888889, 1.6470588235294117, 1.625, 1.3636363636363635, 1.2222222222222223, 1.0, null, null, null], "today": [null, null, null, null, null, null, null, null, null, null, null, null, null, 1.0, null, 1.0, null, null, null, null, null, null, null, null]}, "Bukit Ketri": {"baseline": [null, null, null, null, null, 1.375, 1.4285714285714286, 1.3333333333333333, 1.5, 1.5, 1.5, 1.3, 1.0, 1.25, 1.0, 1.1666666666666667, 1.1428571428571428, 1.2352941176470589, 1.0, 1.0, 1.0909090909090908, 1.0, 1.0, 1.2], "baseline_730": [null, null, null, null, null, 1.375, 1.4285714285714286, 1.3333333333333333, 1.5, 1.5, 1.5, 1.3, 1.0, 1.25, 1.0, 1.1666666666666667, 1.1428571428571428, 1.2352941176470589, 1.0, 1.0, 1.0909090909090908, 1.0, 1.0, 1.2], "today": [null, null, null, null, null, null, null, null, null, null, null, null, null, null, null, null, null, null, null, null, null, null, null, null]}, "Bukit Mertajam": {"baseline": [1.0924369747899159, 1.0, 1.0, 1.5, 1.0, 1.3278688524590163, 3.2222222222222223, 3.4251497005988023, 2.548611111111111, 2.3666666666666667, 1.5151515151515151, 2.1297709923664123, 1.5925925925925926, 1.8461538461538463, 1.3142857142857143, 2.017699115044248, 1.6625, 2.8226950354609928, 2.505952380952381, 1.5538461538461539, 1.1590909090909092, 1.0, 8.0, null], "baseline_730": [1.0924369747899159, 1.0, 1.0, 1.5, 1.0, 1.3278688524590163, 3.2222222222222223, 3.4251497005988023, 2.548611111111111, 2.3666666666666667, 1.5151515151515151, 2.1297709923664123, 1.5925925925925926, 1.8461538461538463, 1.3142857142857143, 2.017699115044248, 1.6625, 2.8226950354609928, 2.505952380952381, 1.5538461538461539, 1.1590909090909092, 1.0, 8.0, null], "today": [1.0, null, null, null, null, null, 2.0, 8.0, 2.0, 1.0, null, null, null, null, null, null, 1.0, 2.0, 1.0, 1.0, null, null, null, null]}, "Bukit Tengah": {"baseline": [2.2, 1.0, 1.0, 1.0, 1.0, 1.1428571428571428, 3.9272727272727272, 2.028985507246377, 1.6722689075630253, 1.5714285714285714, 1.2096774193548387, 1.4926470588235294, 1.4, 1.75, 1.1891891891891893, 1.5142857142857142, 1.28, 2.048780487804878, 1.6226415094339623, 1.6, 1.0555555555555556, 1.0, 5.5, null], "baseline_730": [2.2, 1.0, 1.0, 1.0, 1.0, 1.1428571428571428, 3.9272727272727272, 2.028985507246377, 1.6722689075630253, 1.5714285714285714, 1.2096774193548387, 1.4926470588235294, 1.4, 1.75, 1.1891891891891893, 1.5142857142857142, 1.28, 2.048780487804878, 1.6226415094339623, 1.6, 1.0555555555555556, 1.0, 5.5, null], "today": [null, null, null, null, null, null, 1.0, 3.0, 2.0, 1.0, 1.0, 2.0, null, 1.0, null, null, null, 1.0, 2.0, null, 1.0, null, null, null]}, "Butterworth": {"baseline": [1.875, 1.7777777777777777, 1.0, 1.1428571428571428, 1.0625, 2.3142857142857145, 4.754010695187166, 2.411392405063291, 2.232876712328767, 3.581818181818182, 2.150943396226415, 3.1635220125786163, 1.5731707317073171, 2.8613138686131387, 1.9404761904761905, 2.4125874125874125, 1.9390243902439024, 2.461038961038961, 2.302013422818792, 1.8682170542635659, 1.0714285714285714, 1.0, 2.5, null], "baseline_730": [1.875, 1.7777777777777777, 1.0, 1.1428571428571428, 1.0625, 2.3142857142857145, 4.754010695187166, 2.411392405063291, 2.232876712328767, 3.581818181818182, 2.150943396226415, 3.1635220125786163, 1.5731707317073171, 2.8613138686131387, 1.9404761904761905, 2.4125874125874125, 1.9390243902439024, 2.461038961038961, 2.302013422818792, 1.8682170542635659, 1.0714285714285714, 1.0, 2.5, null], "today": [null, null, null, null, null, 5.0, 3.0, 1.0, 1.0, 2.0, null, 3.0, 2.0, 1.0, 1.0, 2.0, 1.0, null, 1.0, 1.0, null, null, null, null]}, "Gurun": {"baseline": [1.0, 1.0, 1.0, null, null, 1.0625, 1.162162162162162, 1.35, 1.2307692307692308, 1.6153846153846154, 1.4, 1.5454545454545454, 1.2222222222222223, 1.565217391304348, 1.0909090909090908, 1.5, 1.4705882352941178, 1.3870967741935485, 1.4090909090909092, 1.0, 1.0, 1.0, 1.25, null], "baseline_730": [1.0, 1.0, 1.0, null, null, 1.0625, 1.162162162162162, 1.35, 1.2307692307692308, 1.6153846153846154, 1.4, 1.5454545454545454, 1.2222222222222223, 1.565217391304348, 1.0909090909090908, 1.5, 1.4705882352941178, 1.3870967741935485, 1.4090909090909092, 1.0, 1.0, 1.0, 1.25, null], "today": [null, null, null, null, null, null, null, null, null, null, null, null, null, null, null, null, null, 1.0, null, null, null, null, null, null]}, "Ipoh": {"baseline": [1.5806451612903225, 1.1875, 1.1, 1.3333333333333333, 1.173913043478261, 2.157142857142857, 9.296875, 9.539267015706807, 4.672727272727273, 4.7643979057591626, 2.0672268907563027, 2.8268156424581004, 3.891566265060241, 2.2605042016806722, 4.146198830409356, 2.0865384615384617, 3.6666666666666665, 1.9333333333333333, 3.016949152542373, 2.712418300653595, 1.56, 1.2463768115942029, 5.25, null],