{"service": "komuter_utara", "origin": "Kodiang", "latest_date": "2026-07-09", "destinations": {"Alor Setar": {"baseline": [2.125, 1.1666666666666667, 1.75, 1.0, 1.3333333333333333, 1.5714285714285714, 3.0304878048780486, 3.735294117647059, 3.7337278106508878, 2.5, 5.547770700636943, 2.9285714285714284, 4.433566433566433, 2.566265060240964, 4.078014184397163, 4.591549295774648, 3.4285714285714284, 2.9363057324840764, 1.6888888888888889, 1.92, 1.5945945945945945, 1.3392857142857142, 1.9375, null], "baseline_730": [2.125, 1.1666666666666667, 1.75, 1.0, 1.3333333333333333, 1.5714285714285714, 3.0304878048780486, 3.735294117647059, 3.7337278106508878, 2.5, 5.547770700636943, 2.9285714285714284, 4.433566433566433, 2.566265060240964, 4.078014184397163, 4.591549295774648, 3.4285714285714284, 2.9363057324840764, 1.6888888888888889, 1.92, 1.5945945945945945, 1.3392857142857142, 1.9375, null], "today": [null, null, null, null, null, null, 6.0, 4.0, 4.0, null, 1.0, null, 1.0, 4.0, 4.0, 8.0, null, 2.0, 1.0, null, null, null, null, null]}, "Anak Bukit": {"baseline": [1.0, 1.3333333333333333, 1.0, 1.0, 1.0, 1.1, 1.9782608695652173, 1.6732673267326732, 1.7478260869565216, 1.1578947368421053, 1.64, 1.4285714285714286, 1.72, 1.25, 2.074626865671642, 1.696969696969697, 1.3529411764705883, 1.5873015873015872, 1.5476190476190477, 2.0, 1.037037037037037, 1.5714285714285714, 1.4545454545454546, null], "baseline_730": [1.0, 1.3333333333333333, 1.0, 1.0, 1.0, 1.1, 1.9782608695652173, 1.6732673267326732, 1.7478260869565216, 1.1578947368421053, 1.64, 1.4285714285714286, 1.72, 1.25, 2.074626865671642, 1.696969696969697, 1.3529411764705883, 1.5873015873015872, 1.5476190476190477, 2.0, 1.037037037037037, 1.5714285714285714, 1.4545454545454546, null], "today": [null, null, null, null, null, null, 3.0, null, 2.0, 1.0, null, 1.0, null, 2.0, 1.0, 1.0, null, null, null, 3.0, 1.0, null, null, null]}, "Arau": {"baseline": [1.0, null, null, null, null, 1.5, 1.391304347826087, 1.1153846153846154, 1.3829787234042554, 1.3636363636363635, 1.1333333333333333, 1.6226415094339623, 1.5714285714285714, 1.64, 1.125, 1.565217391304348, 1.6538461538461537, 1.44, 1.5, 1.619047619047619, 1.0666666666666667, 1.0, 1.0, 1.0], "baseline_730": [1.0, null, null, null, null, 1.5, 1.391304347826087, 1.1153846153846154, 1.3829787234042554, 1.3636363636363635, 1.1333333333333333, 1.6226415094339623, 1.5714285714285714, 1.64, 1.125, 1.565217391304348, 1.6538461538461537, 1.44, 1.5, 1.619047619047619, 1.0666666666666667, 1.0, 1.0, 1.0], "today": [null, null, null, null, null, null, null, null, null, null, null, null, null, null, null, null, null, null, null, null, null, null, null, null]}, "Bagan Serai": {"baseline": [3.0, null, 1.0, 1.0, 1.0, 1.175, 1.1818181818181819, 1.4705882352941178, 1.5, 1.5, 1.25, 3.3333333333333335, 1.25, 2.142857142857143, 1.8, 1.1666666666666667, 1.1818181818181819, 1.0909090909090908, 1.0, 1.0, 1.0, null, null, null], "baseline_730": [3.0, null, 1.0, 1.0, 1.0, 1.175, 1.1818181818181819, 1.4705882352941178, 1.5, 1.5, 1.25, 3.3333333333333335, 1.25, 2.142857142857143, 1.8, 1.1666666666666667, 1.1818181818181819, 1.0909090909090908, 1.0, 1.0, 1.0, null, null, null], "today": [null, null, null, null, null, null, null, null, null, null, null, null, null, null, 1.0, null, null, null, null, null, null, null, null, null]}, "Bukit Ketri": {"baseline": [null, null, 1.0, null, 1.0, null, 1.1666666666666667, 1.0, 1.0, 1.2, 1.2, 1.5, 1.0, 1.9090909090909092, 1.0, 1.2222222222222223, 1.736842105263158, 1.1, 1.1, 1.4, 1.0, null, null, 1.0], "baseline_730": [null, null, 1.0, null, 1.0, null, 1.1666666666666667, 1.0, 1.0, 1.2, 1.2, 1.5, 1.0, 1.9090909090909092, 1.0, 1.2222222222222223, 1.736842105263158, 1.1, 1.1, 1.4, 1.0, null, null, 1.0], "today": [null, null, null, null, null, null, null, null, null, null, null, null, null, null, null, null, null, null, null, null, null, null, null, null]}, "Bukit Mertajam": {"baseline": [2.2222222222222223, 1.0714285714285714, 1.0, 1.3333333333333333, 1.2333333333333334, 2.574193548387097, 5.137931034482759, 3.6867469879518073, 3.525139664804469, 1.68, 3.0253164556962027, 1.6788990825688073, 2.4744525547445257, 1.9491525423728813, 2.7847222222222223, 2.388157894736842, 2.6338028169014085, 2.514705882352941, 2.6171875, 2.8088235294117645, 1.7571428571428571, 3.3758389261744965, 9.25, 1.5294117647058822], "baseline_730": [2.2222222222222223, 1.0714285714285714, 1.0, 1.3333333333333333, 1.2333333333333334, 2.574193548387097, 5.137931034482759, 3.6867469879518073, 3.525139664804469, 1.68, 3.0253164556962027, 1.6788990825688073, 2.4744525547445257, 1.9491525423728813, 2.7847222222222223, 2.388157894736842, 2.6338028169014085, 2.514705882352941, 2.6171875, 2.8088235294117645, 1.7571428571428571, 3.3758389261744965, 9.25, 1.5294117647058822], "today": [null, null, null, null, 1.0, 1.0, 7.0, 2.0, 6.0, 1.0, 3.0, null, 2.0, 6.0, 15.0, 3.0, 3.0, 1.0, 2.0, null, 2.0, 2.0, null, 1.0]}, "Bukit Tengah": {"baseline": [1.7692307692307692, 1.0, 1.0, 1.0, 1.0434782608695652, 3.5316455696202533, 6.565934065934066, 3.8379888268156424, 2.4662162162162162, 1.38135593220339, 2.925, 1.9931506849315068, 2.779220779220779, 1.6458333333333333, 2.6142857142857143, 2.7823129251700682, 2.2836879432624113, 2.8125, 2.5244755244755246, 2.8013698630136985, 1.7304347826086957, 4.585798816568047, 7.25, 1.423529411764706], "baseline_730": [1.7692307692307692, 1.0, 1.0, 1.0, 1.0434782608695652, 3.5316455696202533, 6.565934065934066, 3.8379888268156424, 2.4662162162162162, 1.38135593220339, 2.925, 1.9931506849315068, 2.779220779220779, 1.6458333333333333, 2.6142857142857143, 2.7823129251700682, 2.2836879432624113, 2.8125, 2.5244755244755246, 2.8013698630136985, 1.7304347826086957, 4.585798816568047, 7.25, 1.423529411764706], "today": [1.0, null, null, null, null, 3.0, 8.0, 4.0, 1.0, 1.0, 2.0, 4.0, 1.0, null, null, 3.0, null, null, 5.0, null, null, 2.0, null, 1.0]}, "Butterworth": {"baseline": [1.8214285714285714, 1.5714285714285714, 1.0, 1.5, 1.3888888888888888, 2.572519083969466, 4.887573964497041, 3.7023809523809526, 4.319767441860465, 2.0521739130434784, 3.9709302325581395, 1.9692307692307693, 3.2327044025157234, 2.235294117647059, 3.6012658227848102, 2.9047619047619047, 3.0416666666666665, 3.051470588235294, 2.711267605633803, 2.8346456692913384, 1.6477272727272727, 2.4347826086956523, 5.5, 1.2916666666666667], "baseline_730": [1.8214285714285714, 1.5714285714285714, 1.0, 1.5, 1.3888888888888888, 2.572519083969466, 4.887573964497041, 3.7023809523809526, 4.319767441860465, 2.0521739130434784, 3.9709302325581395, 1.9692307692307693, 3.2327044025157234, 2.235294117647059, 3.6012658227848102, 2.9047619047619047, 3.0416666666666665, 3.051470588235294, 2.711267605633803, 2.8346456692913384, 1.6477272727272727, 2.4347826086956523, 5.5, 1.2916666666666667], "today": [null, null, null, null, null, 1.0, 6.0, 1.0, 6.0, null, 4.0, 2.0, 1.0, 2.0, 9.0, null, 2.0, 1.0, 5.0, null, 1.0, 1.0, null, 1.0]}, "Gurun": {"baseline": [1.0, 1.1666666666666667, 1.5, 1.0, 1.5, 1.3333333333333333, 2.83974358974359, 1.9057971014492754, 1.6595744680851063, 1.5614035087719298, 1.662162162162162, 1.7164179104477613, 1.9722222222222223, 2.0, 3.356164383561644, 2.763157894736842, 2.303921568627451, 2.1641791044776117, 1.7829457364341086, 1.3793103448275863, 1.3478260869565217, 1.661764705882353, 1.5714285714285714, null], "baseline_730": [1.0, 1.1666666666666667, 1.5, 1.0, 1.5, 1.3333333333333333, 2.83974358974359, 1.9057971014492754, 1.6595744680851063, 1.5614035087719298, 1.662162162162162, 1.7164179104477613, 1.9722222222222223, 2.0, 3.356164383561644, 2.763157894736842, 2.303921568627451, 2.1641791044776117, 1.7829457364341086, 1.3793103448275863, 1.3478260869565217, 1.661764705882353, 1.5714285714285714, null], "today": [null, null, null, null, null, 1.0, 2.0, 7.0, 1.0, null, 2.0, null, null, 1.0, 15.0, 6.0, 5.0, 2.0, 4.0, null, null, 1.0, null, null]},