{"service": "komuter_utara", "origin": "Kodiang", "latest_date": "2026-06-18", "destinations": {"Alor Setar": {"baseline": [2.1538461538461537, 1.2, 1.75, 1.0, 1.0, 1.7142857142857142, 2.971830985915493, 3.7449664429530203, 3.7945205479452055, 2.488095238095238, 5.58273381294964, 3.015873015873016, 4.575757575757576, 2.5135135135135136, 4.128, 4.671875, 3.4649122807017543, 3.0948905109489053, 1.6829268292682926, 2.0153846153846153, 1.3870967741935485, 1.3404255319148937, 1.9375, null], "baseline_730": [2.1538461538461537, 1.2, 1.75, 1.0, 1.0, 1.7142857142857142, 2.971830985915493, 3.7449664429530203, 3.7945205479452055, 2.488095238095238, 5.58273381294964, 3.015873015873016, 4.575757575757576, 2.5135135135135136, 4.128, 4.671875, 3.4649122807017543, 3.0948905109489053, 1.6829268292682926, 2.0153846153846153, 1.3870967741935485, 1.3404255319148937, 1.9375, null], "today": [null, null, null, null, null, null, 2.0, 7.0, 1.0, 7.0, 3.0, 3.0, null, 5.0, 11.0, 9.0, 4.0, 2.0, 1.0, 2.0, null, 1.0, null, null]}, "Anak Bukit": {"baseline": [1.0, 1.3333333333333333, 1.0, 1.0, 1.0, 1.1666666666666667, 1.9508196721311475, 1.651685393258427, 1.6262626262626263, 1.162162162162162, 1.711111111111111, 1.4339622641509433, 1.75, 1.3, 2.1607142857142856, 1.7377049180327868, 1.3191489361702127, 1.5555555555555556, 1.5609756097560976, 1.8108108108108107, 1.0476190476190477, 1.5, 1.5, null], "baseline_730": [1.0, 1.3333333333333333, 1.0, 1.0, 1.0, 1.1666666666666667, 1.9508196721311475, 1.651685393258427, 1.6262626262626263, 1.162162162162162, 1.711111111111111, 1.4339622641509433, 1.75, 1.3, 2.1607142857142856, 1.7377049180327868, 1.3191489361702127, 1.5555555555555556, 1.5609756097560976, 1.8108108108108107, 1.0476190476190477, 1.5, 1.5, null], "today": [1.0, null, null, null, null, null, 2.0, 1.0, 6.0, null, null, null, null, 1.0, 1.0, null, 1.0, null, null, 1.0, null, null, null, null]}, "Arau": {"baseline": [1.0, null, null, null, null, 1.5, 1.2777777777777777, 1.0909090909090908, 1.4090909090909092, 1.368421052631579, 1.1428571428571428, 1.6274509803921569, 1.6153846153846154, 1.7619047619047619, 1.0, 1.4545454545454546, 1.5869565217391304, 1.4782608695652173, 1.5714285714285714, 1.631578947368421, 1.0689655172413792, 1.0, 1.0, 1.0], "baseline_730": [1.0, null, null, null, null, 1.5, 1.2777777777777777, 1.0909090909090908, 1.4090909090909092, 1.368421052631579, 1.1428571428571428, 1.6274509803921569, 1.6153846153846154, 1.7619047619047619, 1.0, 1.4545454545454546, 1.5869565217391304, 1.4782608695652173, 1.5714285714285714, 1.631578947368421, 1.0689655172413792, 1.0, 1.0, 1.0], "today": [null, null, null, null, null, null, null, null, null, null, null, null, null, null, null, null, null, null, null, null, null, null, null, null]}, "Bagan Serai": {"baseline": [3.0, null, 1.0, 1.0, 1.0, 1.131578947368421, 1.15, 1.4705882352941178, 1.4, 1.5, 1.2380952380952381, 3.3333333333333335, 1.3125, 2.4, 1.7878787878787878, 1.1875, 1.2142857142857142, 1.1, 1.0, 1.0, 1.0, null, null, null], "baseline_730": [3.0, null, 1.0, 1.0, 1.0, 1.131578947368421, 1.15, 1.4705882352941178, 1.4, 1.5, 1.2380952380952381, 3.3333333333333335, 1.3125, 2.4, 1.7878787878787878, 1.1875, 1.2142857142857142, 1.1, 1.0, 1.0, 1.0, null, null, null], "today": [null, null, null, null, null, null, null, null, null, null, null, null, null, null, null, null, 1.0, null, null, null, null, null, null, null]}, "Bukit Ketri": {"baseline": [null, null, 1.0, null, 1.0, null, 1.2, 1.0, 1.0, 1.2, 1.2, 1.5714285714285714, 1.0, 1.7777777777777777, 1.0, 1.2222222222222223, 1.736842105263158, 1.1, 1.125, 1.4, 1.0, null, null, 1.0], "baseline_730": [null, null, 1.0, null, 1.0, null, 1.2, 1.0, 1.0, 1.2, 1.2, 1.5714285714285714, 1.0, 1.7777777777777777, 1.0, 1.2222222222222223, 1.736842105263158, 1.1, 1.125, 1.4, 1.0, null, null, 1.0], "today": [null, null, null, null, null, null, 1.0, null, null, null, null, null, null, null, null, null, null, null, null, null, null, null, null, null]}, "Bukit Mertajam": {"baseline": [2.8333333333333335, 1.0714285714285714, 1.0, 1.5, 1.2592592592592593, 2.525925925925926, 5.0131578947368425, 3.703448275862069, 3.554140127388535, 1.6395348837209303, 2.9214285714285713, 1.7096774193548387, 2.563025210084034, 1.75, 2.6141732283464565, 2.3185185185185184, 2.5984251968503935, 2.5867768595041323, 2.6339285714285716, 2.6666666666666665, 1.85, 3.50381679389313, 12.0, 1.5], "baseline_730": [2.8333333333333335, 1.0714285714285714, 1.0, 1.5, 1.2592592592592593, 2.525925925925926, 5.0131578947368425, 3.703448275862069, 3.554140127388535, 1.6395348837209303, 2.9214285714285713, 1.7096774193548387, 2.563025210084034, 1.75, 2.6141732283464565, 2.3185185185185184, 2.5984251968503935, 2.5867768595041323, 2.6339285714285716, 2.6666666666666665, 1.85, 3.50381679389313, 12.0, 1.5], "today": [null, null, null, null, null, 3.0, 8.0, 11.0, 6.0, null, 7.0, 1.0, 2.0, 6.0, 11.0, 4.0, 3.0, 2.0, 3.0, 1.0, null, 3.0, null, 2.0]}, "Bukit Tengah": {"baseline": [1.9090909090909092, 1.0, 1.0, 1.0, 1.0454545454545454, 3.528985507246377, 6.327044025157233, 3.8662420382165603, 2.4186046511627906, 1.4150943396226414, 3.0072463768115942, 2.007936507936508, 2.802919708029197, 1.673913043478261, 2.5725806451612905, 2.7938931297709924, 2.277310924369748, 2.852713178294574, 2.5, 2.761904761904762, 1.68, 4.70945945945946, 7.25, 1.4230769230769231], "baseline_730": [1.9090909090909092, 1.0, 1.0, 1.0, 1.0454545454545454, 3.528985507246377, 6.327044025157233, 3.8662420382165603, 2.4186046511627906, 1.4150943396226414, 3.0072463768115942, 2.007936507936508, 2.802919708029197, 1.673913043478261, 2.5725806451612905, 2.7938931297709924, 2.277310924369748, 2.852713178294574, 2.5, 2.761904761904762, 1.68, 4.70945945945946, 7.25, 1.4230769230769231], "today": [null, null, null, null, null, 7.0, 8.0, 3.0, 2.0, 1.0, 1.0, 1.0, 1.0, null, null, 7.0, 4.0, null, null, null, 1.0, 2.0, null, 2.0]}, "Butterworth": {"baseline": [1.84, 1.8888888888888888, 1.0, 1.5, 1.4375, 2.663716814159292, 4.9727891156462585, 3.6122448979591835, 4.410596026490066, 2.03, 3.9536423841059603, 1.9739130434782608, 3.3576642335766422, 2.220779220779221, 3.6549295774647885, 2.969465648854962, 2.937984496124031, 3.1186440677966103, 2.716535433070866, 2.954954954954955, 1.5789473684210527, 2.416, 6.4, 1.2432432432432432], "baseline_730": [1.84, 1.8888888888888888, 1.0, 1.5, 1.4375, 2.663716814159292, 4.9727891156462585, 3.6122448979591835, 4.410596026490066, 2.03, 3.9536423841059603, 1.9739130434782608, 3.3576642335766422, 2.220779220779221, 3.6549295774647885, 2.969465648854962, 2.937984496124031, 3.1186440677966103, 2.716535433070866, 2.954954954954955, 1.5789473684210527, 2.416, 6.4, 1.2432432432432432], "today": [null, 1.0, null, null, null, 2.0, 3.0, 4.0, 3.0, 1.0, 2.0, 1.0, 3.0, 4.0, 3.0, 1.0, 9.0, 1.0, null, 1.0, null, 4.0, null, 2.0]}, "Gurun": {"baseline": [1.0, 1.3333333333333333, 1.6666666666666667, 1.0, 2.0, 1.380952380952381, 2.8175182481751824, 1.8632478632478633, 1.6329113924050633, 1.588235294117647, 1.6935483870967742, 1.728813559322034, 1.8153846153846154, 1.9142857142857144, 3.180327868852459, 2.3823529411764706, 2.247191011235955, 2.0964912280701755, 1.81651376146789, 1.346938775510204, 1.3333333333333333, 1.671875, 1.5714285714285714, null], "baseline_730": [1.0, 1.3333333333333333, 1.6666666666666667, 1.0, 2.0, 1.380952380952381, 2.8175182481751824, 1.8632478632478633, 1.6329113924050633, 1.588235294117647, 1.6935483870967742, 1.728813559322034, 1.8153846153846154, 1.9142857142857144, 3.180327868852459, 2.3823529411764706, 2.247191011235955, 2.0964912280701755, 1.81651376146789, 1.346938775510204, 1.3333333333333333, 1.671875, 1.5714285714285714, null], "today": [1.0, 1.0, null, null, null, 1.0, 4.0, 1.0, 4.0, 2.0, 1.0, 1.0, 6.0, 2.0, 10.0, 12.0, 6.0, 4.0, 1.0, 6.0, null, 1.0, null, null]},