{"service": "komuter_utara", "origin": "Kodiang", "latest_date": "2026-06-19", "destinations": {"Alor Setar": {"baseline": [2.1538461538461537, 1.2, 1.75, 1.0, 1.0, 1.7142857142857142, 2.965034965034965, 3.7666666666666666, 3.7755102040816326, 2.541176470588235, 5.564285714285714, 3.015748031496063, 4.575757575757576, 2.546666666666667, 4.182539682539683, 4.705426356589148, 3.4695652173913043, 3.0869565217391304, 1.6746987951807228, 2.015151515151515, 1.3870967741935485, 1.3333333333333333, 1.9375, null], "baseline_730": [2.1538461538461537, 1.2, 1.75, 1.0, 1.0, 1.7142857142857142, 2.965034965034965, 3.7666666666666666, 3.7755102040816326, 2.541176470588235, 5.564285714285714, 3.015748031496063, 4.575757575757576, 2.546666666666667, 4.182539682539683, 4.705426356589148, 3.4695652173913043, 3.0869565217391304, 1.6746987951807228, 2.015151515151515, 1.3870967741935485, 1.3333333333333333, 1.9375, null], "today": [null, null, null, null, null, null, 1.0, null, 9.0, 3.0, 15.0, 6.0, 3.0, null, 2.0, 4.0, 1.0, 1.0, null, null, null, null, null, null]}, "Anak Bukit": {"baseline": [1.0, 1.3333333333333333, 1.0, 1.0, 1.0, 1.1666666666666667, 1.951219512195122, 1.6444444444444444, 1.67, 1.162162162162162, 1.711111111111111, 1.4339622641509433, 1.75, 1.2857142857142858, 2.1403508771929824, 1.7377049180327868, 1.3125, 1.5555555555555556, 1.5609756097560976, 1.7894736842105263, 1.0476190476190477, 1.5, 1.5, null], "baseline_730": [1.0, 1.3333333333333333, 1.0, 1.0, 1.0, 1.1666666666666667, 1.951219512195122, 1.6444444444444444, 1.67, 1.162162162162162, 1.711111111111111, 1.4339622641509433, 1.75, 1.2857142857142858, 2.1403508771929824, 1.7377049180327868, 1.3125, 1.5555555555555556, 1.5609756097560976, 1.7894736842105263, 1.0476190476190477, 1.5, 1.5, null], "today": [null, null, null, null, null, null, 3.0, null, null, null, null, 1.0, 1.0, null, null, null, null, 1.0, null, 2.0, 1.0, null, null, null]}, "Arau": {"baseline": [1.0, null, null, null, null, 1.5, 1.2777777777777777, 1.0909090909090908, 1.4090909090909092, 1.368421052631579, 1.1428571428571428, 1.6274509803921569, 1.6153846153846154, 1.7619047619047619, 1.0, 1.4545454545454546, 1.5869565217391304, 1.4782608695652173, 1.5714285714285714, 1.631578947368421, 1.0689655172413792, 1.0, 1.0, 1.0], "baseline_730": [1.0, null, null, null, null, 1.5, 1.2777777777777777, 1.0909090909090908, 1.4090909090909092, 1.368421052631579, 1.1428571428571428, 1.6274509803921569, 1.6153846153846154, 1.7619047619047619, 1.0, 1.4545454545454546, 1.5869565217391304, 1.4782608695652173, 1.5714285714285714, 1.631578947368421, 1.0689655172413792, 1.0, 1.0, 1.0], "today": [null, null, null, null, null, null, 1.0, null, null, null, null, null, null, null, null, null, null, null, null, 2.0, null, null, null, null]}, "Bagan Serai": {"baseline": [3.0, null, 1.0, 1.0, 1.0, 1.131578947368421, 1.15, 1.4705882352941178, 1.4, 1.5, 1.2380952380952381, 3.3333333333333335, 1.3125, 2.4, 1.7878787878787878, 1.1875, 1.206896551724138, 1.1, 1.0, 1.0, 1.0, null, null, null], "baseline_730": [3.0, null, 1.0, 1.0, 1.0, 1.131578947368421, 1.15, 1.4705882352941178, 1.4, 1.5, 1.2380952380952381, 3.3333333333333335, 1.3125, 2.4, 1.7878787878787878, 1.1875, 1.206896551724138, 1.1, 1.0, 1.0, 1.0, null, null, null], "today": [null, null, null, null, null, null, null, null, null, null, 2.0, null, null, null, null, null, null, null, null, null, null, null, null, null]}, "Bukit Ketri": {"baseline": [null, null, 1.0, null, 1.0, null, 1.1666666666666667, 1.0, 1.0, 1.2, 1.2, 1.5714285714285714, 1.0, 1.7777777777777777, 1.0, 1.2222222222222223, 1.736842105263158, 1.1, 1.125, 1.4, 1.0, null, null, 1.0], "baseline_730": [null, null, 1.0, null, 1.0, null, 1.1666666666666667, 1.0, 1.0, 1.2, 1.2, 1.5714285714285714, 1.0, 1.7777777777777777, 1.0, 1.2222222222222223, 1.736842105263158, 1.1, 1.125, 1.4, 1.0, null, null, 1.0], "today": [null, null, null, null, null, null, null, null, null, null, null, null, null, null, null, null, null, null, 1.0, null, null, null, null, null]}, "Bukit Mertajam": {"baseline": [2.8333333333333335, 1.0714285714285714, 1.0, 1.5, 1.2592592592592593, 2.5294117647058822, 5.032679738562091, 3.7534246575342465, 3.569620253164557, 1.6395348837209303, 2.950354609929078, 1.702127659574468, 2.558333333333333, 1.830188679245283, 2.6796875, 2.3308823529411766, 2.6015625, 2.581967213114754, 2.6371681415929205, 2.652542372881356, 1.85, 3.5, 12.0, 1.5106382978723405], "baseline_730": [2.8333333333333335, 1.0714285714285714, 1.0, 1.5, 1.2592592592592593, 2.5294117647058822, 5.032679738562091, 3.7534246575342465, 3.569620253164557, 1.6395348837209303, 2.950354609929078, 1.702127659574468, 2.558333333333333, 1.830188679245283, 2.6796875, 2.3308823529411766, 2.6015625, 2.581967213114754, 2.6371681415929205, 2.652542372881356, 1.85, 3.5, 12.0, 1.5106382978723405], "today": [null, null, null, null, null, 1.0, 11.0, 4.0, 5.0, 2.0, 5.0, null, 3.0, null, 1.0, 2.0, null, 1.0, 1.0, 2.0, null, 6.0, null, null]}, "Bukit Tengah": {"baseline": [1.9090909090909092, 1.0, 1.0, 1.0, 1.0454545454545454, 3.553956834532374, 6.3375, 3.8607594936708862, 2.4153846153846152, 1.411214953271028, 2.9928057553956835, 2.0, 2.789855072463768, 1.673913043478261, 2.5725806451612905, 2.8257575757575757, 2.2916666666666665, 2.852713178294574, 2.5, 2.761904761904762, 1.6732673267326732, 4.691275167785235, 7.25, 1.4303797468354431], "baseline_730": [1.9090909090909092, 1.0, 1.0, 1.0, 1.0454545454545454, 3.553956834532374, 6.3375, 3.8607594936708862, 2.4153846153846152, 1.411214953271028, 2.9928057553956835, 2.0, 2.789855072463768, 1.673913043478261, 2.5725806451612905, 2.8257575757575757, 2.2916666666666665, 2.852713178294574, 2.5, 2.761904761904762, 1.6732673267326732, 4.691275167785235, 7.25, 1.4303797468354431], "today": [null, null, null, null, null, 6.0, 8.0, 2.0, 4.0, 1.0, 1.0, 1.0, null, null, null, 1.0, 2.0, null, null, 2.0, null, null, null, null]}, "Butterworth": {"baseline": [1.84, 1.8, 1.0, 1.5, 1.4375, 2.6578947368421053, 4.95945945945946, 3.614864864864865, 4.401315789473684, 2.01980198019802, 3.9407894736842106, 1.9655172413793103, 3.3550724637681157, 2.2435897435897436, 3.6503496503496504, 2.9545454545454546, 2.9846153846153847, 3.100840336134454, 2.716535433070866, 2.9375, 1.5789473684210527, 2.4285714285714284, 6.4, 1.263157894736842], "baseline_730": [1.84, 1.8, 1.0, 1.5, 1.4375, 2.6578947368421053, 4.95945945945946, 3.614864864864865, 4.401315789473684, 2.01980198019802, 3.9407894736842106, 1.9655172413793103, 3.3550724637681157, 2.2435897435897436, 3.6503496503496504, 2.9545454545454546, 2.9846153846153847, 3.100840336134454, 2.716535433070866, 2.9375, 1.5789473684210527, 2.4285714285714284, 6.4, 1.263157894736842], "today": [null, null, null, null, null, 1.0, 9.0, 5.0, 8.0, null, 4.0, null, 2.0, null, 2.0, 1.0, 2.0, 2.0, null, null, null, null, null, 1.0]}, "Gurun": {"baseline": [1.0, 1.25, 1.6666666666666667, 1.0, 2.0, 1.3764705882352941, 2.8260869565217392, 1.8559322033898304, 1.6625, 1.5961538461538463, 1.6825396825396826, 1.7166666666666666, 1.878787878787879, 1.9166666666666667, 3.2903225806451615, 2.5217391304347827, 2.2888888888888888, 2.1130434782608694, 1.809090909090909, 1.44, 1.3333333333333333, 1.6615384615384616, 1.5714285714285714, null], "baseline_730": [1.0, 1.25, 1.6666666666666667, 1.0, 2.0, 1.3764705882352941, 2.8260869565217392, 1.8559322033898304, 1.6625, 1.5961538461538463, 1.6825396825396826, 1.7166666666666666, 1.878787878787879, 1.9166666666666667, 3.2903225806451615, 2.5217391304347827, 2.2888888888888888, 2.1130434782608694, 1.809090909090909, 1.44, 1.3333333333333333, 1.6615384615384616, 1.5714285714285714, null], "today": [null, null, null, null, null, null, 4.0, 2.0, 3.0, null, null, null, null, null, null, 1.0, 5.0, 5.0, null, null, 1.0, null, null, null]},