{"service": "komuter_utara", "origin": "Kodiang", "latest_date": "2026-07-15", "destinations": {"Alor Setar": {"baseline": [2.125, 1.1666666666666667, 1.75, 1.0, 1.3333333333333333, 1.5714285714285714, 3.0710059171597632, 3.6988636363636362, 3.782857142857143, 2.520408163265306, 5.472049689440993, 2.9160839160839163, 4.4353741496598635, 2.5764705882352943, 4.048275862068966, 4.530612244897959, 3.390625, 2.8944099378881987, 1.6702127659574468, 1.9113924050632911, 1.5945945945945945, 1.3508771929824561, 1.9375, 1.0], "baseline_730": [2.125, 1.1666666666666667, 1.75, 1.0, 1.3333333333333333, 1.5714285714285714, 3.0710059171597632, 3.6988636363636362, 3.782857142857143, 2.520408163265306, 5.472049689440993, 2.9160839160839163, 4.4353741496598635, 2.5764705882352943, 4.048275862068966, 4.530612244897959, 3.390625, 2.8944099378881987, 1.6702127659574468, 1.9113924050632911, 1.5945945945945945, 1.3508771929824561, 1.9375, 1.0], "today": [null, null, null, null, null, null, 3.0, 1.0, 4.0, 1.0, 1.0, 2.0, null, null, 4.0, 2.0, null, null, null, 1.0, null, null, null, null]}, "Anak Bukit": {"baseline": [1.0, 1.3333333333333333, 1.0, 1.0, 1.0, 1.0909090909090908, 1.9930555555555556, 1.6666666666666667, 1.7520661157024793, 1.1538461538461537, 1.6274509803921569, 1.4393939393939394, 1.7058823529411764, 1.2692307692307692, 2.028169014084507, 1.6666666666666667, 1.3653846153846154, 1.578125, 1.5476190476190477, 1.9830508474576272, 1.0357142857142858, 1.5714285714285714, 1.4166666666666667, null], "baseline_730": [1.0, 1.3333333333333333, 1.0, 1.0, 1.0, 1.0909090909090908, 1.9930555555555556, 1.6666666666666667, 1.7520661157024793, 1.1538461538461537, 1.6274509803921569, 1.4393939393939394, 1.7058823529411764, 1.2692307692307692, 2.028169014084507, 1.6666666666666667, 1.3653846153846154, 1.578125, 1.5476190476190477, 1.9830508474576272, 1.0357142857142858, 1.5714285714285714, 1.4166666666666667, null], "today": [null, null, null, null, null, null, 2.0, null, 7.0, null, null, null, null, null, null, null, null, null, 1.0, 2.0, null, null, 1.0, null]}, "Arau": {"baseline": [1.0, null, null, null, null, 1.5, 1.375, 1.1153846153846154, 1.375, 1.3478260869565217, 1.125, 1.6226415094339623, 1.5714285714285714, 1.64, 1.1176470588235294, 1.56, 1.6181818181818182, 1.4230769230769231, 1.5769230769230769, 1.5909090909090908, 1.0666666666666667, 1.0, 1.0, 1.0], "baseline_730": [1.0, null, null, null, null, 1.5, 1.375, 1.1153846153846154, 1.375, 1.3478260869565217, 1.125, 1.6226415094339623, 1.5714285714285714, 1.64, 1.1176470588235294, 1.56, 1.6181818181818182, 1.4230769230769231, 1.5769230769230769, 1.5909090909090908, 1.0666666666666667, 1.0, 1.0, 1.0], "today": [null, null, null, null, null, null, null, null, null, null, null, null, null, null, null, 1.0, null, null, null, null, null, null, null, null]}, "Bagan Serai": {"baseline": [3.0, null, 1.0, 1.0, 1.0, 1.175, 1.1818181818181819, 1.4705882352941178, 1.5, 1.5, 1.24, 3.3333333333333335, 1.2380952380952381, 2.142857142857143, 1.7567567567567568, 1.1666666666666667, 1.1764705882352942, 1.0869565217391304, 1.0, 1.1428571428571428, 1.0, null, null, null], "baseline_730": [3.0, null, 1.0, 1.0, 1.0, 1.175, 1.1818181818181819, 1.4705882352941178, 1.5, 1.5, 1.24, 3.3333333333333335, 1.2380952380952381, 2.142857142857143, 1.7567567567567568, 1.1666666666666667, 1.1764705882352942, 1.0869565217391304, 1.0, 1.1428571428571428, 1.0, null, null, null], "today": [null, null, null, null, null, null, null, null, 1.0, null, null, null, null, null, null, null, null, 1.0, null, null, null, null, null, null]}, "Bukit Ketri": {"baseline": [null, null, 1.0, null, 1.0, null, 1.1666666666666667, 1.0, 1.0, 1.6666666666666667, 1.2, 1.4444444444444444, 1.0, 1.9090909090909092, 1.0, 1.2222222222222223, 1.7, 1.1, 1.1, 1.4, 1.0, null, null, 1.0], "baseline_730": [null, null, 1.0, null, 1.0, null, 1.1666666666666667, 1.0, 1.0, 1.6666666666666667, 1.2, 1.4444444444444444, 1.0, 1.9090909090909092, 1.0, 1.2222222222222223, 1.7, 1.1, 1.1, 1.4, 1.0, null, null, 1.0], "today": [null, null, null, null, null, null, null, null, null, null, null, null, null, 2.0, null, null, null, null, null, null, null, null, null, null]}, "Bukit Mertajam": {"baseline": [2.2222222222222223, 1.0714285714285714, 1.0, 1.3333333333333333, 1.2121212121212122, 2.569620253164557, 5.183333333333334, 3.6744186046511627, 3.532608695652174, 1.6666666666666667, 3.0304878048780486, 1.6785714285714286, 2.471830985915493, 1.9838709677419355, 2.912751677852349, 2.3797468354430378, 2.635135135135135, 2.517730496453901, 2.6165413533834587, 2.7872340425531914, 1.7837837837837838, 3.3548387096774195, 9.25, 1.509433962264151], "baseline_730": [2.2222222222222223, 1.0714285714285714, 1.0, 1.3333333333333333, 1.2121212121212122, 2.569620253164557, 5.183333333333334, 3.6744186046511627, 3.532608695652174, 1.6666666666666667, 3.0304878048780486, 1.6785714285714286, 2.471830985915493, 1.9838709677419355, 2.912751677852349, 2.3797468354430378, 2.635135135135135, 2.517730496453901, 2.6165413533834587, 2.7872340425531914, 1.7837837837837838, 3.3548387096774195, 9.25, 1.509433962264151], "today": [null, null, null, null, null, 1.0, 4.0, 3.0, 1.0, null, 5.0, null, 2.0, null, null, 2.0, 1.0, null, 1.0, null, 1.0, null, null, null]}, "Bukit Tengah": {"baseline": [1.7142857142857142, 1.0, 1.0, 1.0, 1.0434782608695652, 3.5276073619631902, 6.670212765957447, 3.8315217391304346, 2.4473684210526314, 1.3770491803278688, 2.8855421686746987, 2.0, 2.779874213836478, 1.6274509803921569, 2.6551724137931036, 2.764705882352941, 2.298611111111111, 2.824324324324324, 2.5405405405405403, 2.80794701986755, 1.7478991596638656, 4.568965517241379, 7.25, 1.4], "baseline_730": [1.7142857142857142, 1.0, 1.0, 1.0, 1.0434782608695652, 3.5276073619631902, 6.670212765957447, 3.8315217391304346, 2.4473684210526314, 1.3770491803278688, 2.8855421686746987, 2.0, 2.779874213836478, 1.6274509803921569, 2.6551724137931036, 2.764705882352941, 2.298611111111111, 2.824324324324324, 2.5405405405405403, 2.80794701986755, 1.7478991596638656, 4.568965517241379, 7.25, 1.4], "today": [null, null, null, null, null, 5.0, 13.0, 5.0, 2.0, 1.0, 2.0, 1.0, 1.0, null, 1.0, null, null, null, 1.0, null, 2.0, 1.0, null, null]}, "Butterworth": {"baseline": [1.8214285714285714, 1.5333333333333334, 1.0, 1.5, 1.368421052631579, 2.577777777777778, 4.885714285714286, 3.653179190751445, 4.269662921348314, 2.0338983050847457, 3.9887005649717513, 1.9777777777777779, 3.2363636363636363, 2.202247191011236, 3.6402439024390243, 2.8684210526315788, 3.0201342281879193, 3.0638297872340425, 2.7142857142857144, 2.816793893129771, 1.6703296703296704, 2.3846153846153846, 5.5, 1.2745098039215685], "baseline_730": [1.8214285714285714, 1.5333333333333334, 1.0, 1.5, 1.368421052631579, 2.577777777777778, 4.885714285714286, 3.653179190751445, 4.269662921348314, 2.0338983050847457, 3.9887005649717513, 1.9777777777777779, 3.2363636363636363, 2.202247191011236, 3.6402439024390243, 2.8684210526315788, 3.0201342281879193, 3.0638297872340425, 2.7142857142857144, 2.816793893129771, 1.6703296703296704, 2.3846153846153846, 5.5, 1.2745098039215685], "today": [null, 1.0, null, null, null, 1.0, 9.0, null, 3.0, null, 2.0, null, 1.0, null, null, null, 3.0, null, null, null, null, 1.0, null, null]}, "Gurun": {"baseline": [1.0, 1.1428571428571428, 1.5, 1.0, 1.5, 1.3269230769230769, 2.801242236024845, 1.9583333333333333, 1.6494845360824741, 1.5517241379310345, 1.7142857142857142, 1.7205882352941178, 1.9722222222222223, 1.9523809523809523, 3.493333333333333, 2.759493670886076, 2.3047619047619046, 2.142857142857143, 1.7894736842105263, 1.3728813559322033, 1.3333333333333333, 1.6521739130434783, 1.5714285714285714, null],