{"service": "komuter_utara", "origin": "Kodiang", "latest_date": "2026-06-29", "destinations": {"Alor Setar": {"baseline": [2.1538461538461537, 1.2, 1.75, 1.0, 1.0, 1.6666666666666667, 2.9586206896551723, 3.763157894736842, 3.7733333333333334, 2.5454545454545454, 5.6223776223776225, 3.0310077519379846, 4.56390977443609, 2.546666666666667, 4.1796875, 4.7, 3.4358974358974357, 3.0567375886524824, 1.6941176470588235, 2.0, 1.3870967741935485, 1.3673469387755102, 1.9375, null], "baseline_730": [2.1538461538461537, 1.2, 1.75, 1.0, 1.0, 1.6666666666666667, 2.9586206896551723, 3.763157894736842, 3.7733333333333334, 2.5454545454545454, 5.6223776223776225, 3.0310077519379846, 4.56390977443609, 2.546666666666667, 4.1796875, 4.7, 3.4358974358974357, 3.0567375886524824, 1.6941176470588235, 2.0, 1.3870967741935485, 1.3673469387755102, 1.9375, null], "today": [null, null, null, null, null, null, 6.0, 7.0, 5.0, null, 1.0, null, null, null, null, null, 1.0, 5.0, null, null, null, null, null, null]}, "Anak Bukit": {"baseline": [1.0, 1.3333333333333333, 1.0, 1.0, 1.0, 1.1666666666666667, 1.968, 1.6373626373626373, 1.6862745098039216, 1.162162162162162, 1.711111111111111, 1.4363636363636363, 1.7346938775510203, 1.2857142857142858, 2.1379310344827585, 1.7258064516129032, 1.3061224489795917, 1.5357142857142858, 1.5476190476190477, 1.829268292682927, 1.0434782608695652, 1.5, 1.5, null], "baseline_730": [1.0, 1.3333333333333333, 1.0, 1.0, 1.0, 1.1666666666666667, 1.968, 1.6373626373626373, 1.6862745098039216, 1.162162162162162, 1.711111111111111, 1.4363636363636363, 1.7346938775510203, 1.2857142857142858, 2.1379310344827585, 1.7258064516129032, 1.3061224489795917, 1.5357142857142858, 1.5476190476190477, 1.829268292682927, 1.0434782608695652, 1.5, 1.5, null], "today": [null, null, null, null, null, null, 2.0, 1.0, 1.0, null, null, null, null, null, 1.0, null, null, null, null, 3.0, null, null, null, null]}, "Arau": {"baseline": [1.0, null, null, null, null, 1.5, 1.263157894736842, 1.0909090909090908, 1.4, 1.368421052631579, 1.1428571428571428, 1.6274509803921569, 1.6153846153846154, 1.6956521739130435, 1.0, 1.565217391304348, 1.6458333333333333, 1.4583333333333333, 1.5714285714285714, 1.65, 1.0666666666666667, 1.0, 1.0, 1.0], "baseline_730": [1.0, null, null, null, null, 1.5, 1.263157894736842, 1.0909090909090908, 1.4, 1.368421052631579, 1.1428571428571428, 1.6274509803921569, 1.6153846153846154, 1.6956521739130435, 1.0, 1.565217391304348, 1.6458333333333333, 1.4583333333333333, 1.5714285714285714, 1.65, 1.0666666666666667, 1.0, 1.0, 1.0], "today": [null, null, null, null, null, null, 2.0, null, null, null, null, 2.0, 1.0, null, null, null, null, null, null, null, null, 1.0, null, null]}, "Bagan Serai": {"baseline": [3.0, null, 1.0, 1.0, 1.0, 1.131578947368421, 1.15, 1.4705882352941178, 1.4, 1.5, 1.2727272727272727, 3.3333333333333335, 1.2941176470588236, 2.1666666666666665, 1.8235294117647058, 1.1875, 1.2, 1.1, 1.0, 1.0, 1.0, null, null, null], "baseline_730": [3.0, null, 1.0, 1.0, 1.0, 1.131578947368421, 1.15, 1.4705882352941178, 1.4, 1.5, 1.2727272727272727, 3.3333333333333335, 1.2941176470588236, 2.1666666666666665, 1.8235294117647058, 1.1875, 1.2, 1.1, 1.0, 1.0, 1.0, null, null, null], "today": [null, null, null, null, null, null, null, null, null, null, 1.0, null, null, null, null, null, null, null, null, null, null, null, null, null]}, "Bukit Ketri": {"baseline": [null, null, 1.0, null, 1.0, null, 1.1666666666666667, 1.0, 1.0, 1.2, 1.2, 1.5714285714285714, 1.0, 1.7777777777777777, 1.0, 1.2222222222222223, 1.736842105263158, 1.1, 1.1111111111111112, 1.4, 1.0, null, null, 1.0], "baseline_730": [null, null, 1.0, null, 1.0, null, 1.1666666666666667, 1.0, 1.0, 1.2, 1.2, 1.5714285714285714, 1.0, 1.7777777777777777, 1.0, 1.2222222222222223, 1.736842105263158, 1.1, 1.1111111111111112, 1.4, 1.0, null, null, 1.0], "today": [null, null, null, null, null, null, null, null, null, null, null, null, null, null, null, null, null, null, null, null, null, null, null, null]}, "Bukit Mertajam": {"baseline": [2.8333333333333335, 1.0714285714285714, 1.0, 1.5, 1.2592592592592593, 2.5217391304347827, 5.032051282051282, 3.7583892617449663, 3.5527950310559007, 1.6363636363636365, 2.958041958041958, 1.6979166666666667, 2.5447154471544717, 1.830188679245283, 2.6769230769230767, 2.338129496402878, 2.5891472868217056, 2.556451612903226, 2.6379310344827585, 2.7107438016528924, 1.85, 3.525925925925926, 12.0, 1.5106382978723405], "baseline_730": [2.8333333333333335, 1.0714285714285714, 1.0, 1.5, 1.2592592592592593, 2.5217391304347827, 5.032051282051282, 3.7583892617449663, 3.5527950310559007, 1.6363636363636365, 2.958041958041958, 1.6979166666666667, 2.5447154471544717, 1.830188679245283, 2.6769230769230767, 2.338129496402878, 2.5891472868217056, 2.556451612903226, 2.6379310344827585, 2.7107438016528924, 1.85, 3.525925925925926, 12.0, 1.5106382978723405], "today": [null, null, null, null, null, 6.0, 10.0, 3.0, 4.0, null, 2.0, 2.0, null, null, 3.0, 4.0, 1.0, null, 1.0, 3.0, 1.0, 1.0, null, null]}, "Bukit Tengah": {"baseline": [1.9090909090909092, 1.0, 1.0, 1.0, 1.0454545454545454, 3.5531914893617023, 6.300613496932515, 3.8198757763975157, 2.4242424242424243, 1.4074074074074074, 2.971830985915493, 1.9844961240310077, 2.8214285714285716, 1.673913043478261, 2.5634920634920637, 2.8222222222222224, 2.2845528455284554, 2.854961832061069, 2.515625, 2.7751937984496124, 1.6893203883495145, 4.754966887417218, 7.25, 1.425], "baseline_730": [1.9090909090909092, 1.0, 1.0, 1.0, 1.0454545454545454, 3.5531914893617023, 6.300613496932515, 3.8198757763975157, 2.4242424242424243, 1.4074074074074074, 2.971830985915493, 1.9844961240310077, 2.8214285714285716, 1.673913043478261, 2.5634920634920637, 2.8222222222222224, 2.2845528455284554, 2.854961832061069, 2.515625, 2.7751937984496124, 1.6893203883495145, 4.754966887417218, 7.25, 1.425], "today": [null, null, null, null, null, 4.0, 17.0, 3.0, 1.0, null, 2.0, 3.0, 2.0, null, null, 3.0, 1.0, null, 2.0, 1.0, 3.0, 2.0, null, null]}, "Butterworth": {"baseline": [1.84, 1.7272727272727273, 1.0, 1.5, 1.4375, 2.6379310344827585, 4.96, 3.6688741721854305, 4.435064935064935, 2.0098039215686274, 3.9935483870967743, 1.9491525423728813, 3.347517730496454, 2.2658227848101267, 3.6506849315068495, 2.9407407407407407, 2.9849624060150375, 3.0991735537190084, 2.7209302325581395, 2.9035087719298245, 1.5769230769230769, 2.4296875, 6.4, 1.25], "baseline_730": [1.84, 1.7272727272727273, 1.0, 1.5, 1.4375, 2.6379310344827585, 4.96, 3.6688741721854305, 4.435064935064935, 2.0098039215686274, 3.9935483870967743, 1.9491525423728813, 3.347517730496454, 2.2658227848101267, 3.6506849315068495, 2.9407407407407407, 2.9849624060150375, 3.0991735537190084, 2.7209302325581395, 2.9035087719298245, 1.5769230769230769, 2.4296875, 6.4, 1.25], "today": [null, null, null, null, null, 2.0, 6.0, 3.0, 6.0, null, 3.0, null, 3.0, null, null, 4.0, null, null, 2.0, 4.0, 3.0, null, null, null]}, "Gurun": {"baseline": [1.0, 1.25, 1.5, 1.0, 1.6666666666666667, 1.3764705882352941, 2.835714285714286, 1.859504132231405, 1.6626506024096386, 1.5961538461538463, 1.671875, 1.7419354838709677, 1.878787878787879, 1.9166666666666667, 3.2698412698412698, 2.5, 2.3118279569892475, 2.1440677966101696, 1.8018018018018018, 1.4313725490196079, 1.35, 1.671641791044776, 1.5714285714285714, null], "baseline_730": [1.0, 1.25, 1.5, 1.0, 1.6666666666666667, 1.3764705882352941, 2.835714285714286, 1.859504132231405, 1.6626506024096386, 1.5961538461538463, 1.671875, 1.7419354838709677, 1.878787878787879, 1.9166666666666667, 3.2698412698412698, 2.5, 2.3118279569892475, 2.1440677966101696, 1.8018018018018018, 1.4313725490196079, 1.35, 1.671641791044776, 1.5714285714285714, null], "today": [null, null, null, null, null, 1.0, 2.0, 2.0, null, null, null, null, null, null, 1.0, null, null, 3.0, 2.0, null, null, null, null, null]},