{"service": "komuter_utara", "origin": "Kodiang", "latest_date": "2026-06-20", "destinations": {"Alor Setar": {"baseline": [2.1538461538461537, 1.2, 1.75, 1.0, 1.0, 1.7142857142857142, 2.951388888888889, 3.7666666666666666, 3.810810810810811, 2.546511627906977, 5.631205673758865, 3.0390625, 4.56390977443609, 2.546666666666667, 4.165354330708661, 4.7, 3.4482758620689653, 3.0719424460431655, 1.6746987951807228, 2.015151515151515, 1.3870967741935485, 1.3333333333333333, 1.9375, null], "baseline_730": [2.1538461538461537, 1.2, 1.75, 1.0, 1.0, 1.7142857142857142, 2.951388888888889, 3.7666666666666666, 3.810810810810811, 2.546511627906977, 5.631205673758865, 3.0390625, 4.56390977443609, 2.546666666666667, 4.165354330708661, 4.7, 3.4482758620689653, 3.0719424460431655, 1.6746987951807228, 2.015151515151515, 1.3870967741935485, 1.3333333333333333, 1.9375, null], "today": [null, null, null, null, null, 1.0, null, 4.0, 1.0, 2.0, 8.0, 2.0, null, null, 6.0, null, null, 3.0, 2.0, null, null, null, null, null]}, "Anak Bukit": {"baseline": [1.0, 1.3333333333333333, 1.0, 1.0, 1.0, 1.1666666666666667, 1.9596774193548387, 1.6444444444444444, 1.67, 1.162162162162162, 1.711111111111111, 1.4259259259259258, 1.7346938775510203, 1.2857142857142858, 2.1403508771929824, 1.7377049180327868, 1.3125, 1.5454545454545454, 1.5609756097560976, 1.794871794871795, 1.0454545454545454, 1.5, 1.5, null], "baseline_730": [1.0, 1.3333333333333333, 1.0, 1.0, 1.0, 1.1666666666666667, 1.9596774193548387, 1.6444444444444444, 1.67, 1.162162162162162, 1.711111111111111, 1.4259259259259258, 1.7346938775510203, 1.2857142857142858, 2.1403508771929824, 1.7377049180327868, 1.3125, 1.5454545454545454, 1.5609756097560976, 1.794871794871795, 1.0454545454545454, 1.5, 1.5, null], "today": [null, null, null, null, null, null, null, null, 1.0, null, null, 2.0, null, null, 2.0, null, 1.0, null, null, 3.0, 1.0, null, null, null]}, "Arau": {"baseline": [1.0, null, null, null, null, 1.5, 1.263157894736842, 1.0909090909090908, 1.4090909090909092, 1.368421052631579, 1.1428571428571428, 1.6274509803921569, 1.6153846153846154, 1.7619047619047619, 1.0, 1.4545454545454546, 1.5869565217391304, 1.4782608695652173, 1.5714285714285714, 1.65, 1.0689655172413792, 1.0, 1.0, 1.0], "baseline_730": [1.0, null, null, null, null, 1.5, 1.263157894736842, 1.0909090909090908, 1.4090909090909092, 1.368421052631579, 1.1428571428571428, 1.6274509803921569, 1.6153846153846154, 1.7619047619047619, 1.0, 1.4545454545454546, 1.5869565217391304, 1.4782608695652173, 1.5714285714285714, 1.65, 1.0689655172413792, 1.0, 1.0, 1.0], "today": [null, null, null, null, null, null, null, null, null, null, null, null, null, 1.0, null, null, 3.0, 1.0, null, null, 1.0, null, null, null]}, "Bagan Serai": {"baseline": [3.0, null, 1.0, 1.0, 1.0, 1.131578947368421, 1.15, 1.4705882352941178, 1.4, 1.5, 1.2727272727272727, 3.3333333333333335, 1.3125, 2.4, 1.7878787878787878, 1.1875, 1.206896551724138, 1.1, 1.0, 1.0, 1.0, null, null, null], "baseline_730": [3.0, null, 1.0, 1.0, 1.0, 1.131578947368421, 1.15, 1.4705882352941178, 1.4, 1.5, 1.2727272727272727, 3.3333333333333335, 1.3125, 2.4, 1.7878787878787878, 1.1875, 1.206896551724138, 1.1, 1.0, 1.0, 1.0, null, null, null], "today": [null, null, null, null, null, null, null, null, null, null, null, null, null, null, null, null, null, null, null, null, null, null, null, null]}, "Bukit Ketri": {"baseline": [null, null, 1.0, null, 1.0, null, 1.1666666666666667, 1.0, 1.0, 1.2, 1.2, 1.5714285714285714, 1.0, 1.7777777777777777, 1.0, 1.2222222222222223, 1.736842105263158, 1.1, 1.1111111111111112, 1.4, 1.0, null, null, 1.0], "baseline_730": [null, null, 1.0, null, 1.0, null, 1.1666666666666667, 1.0, 1.0, 1.2, 1.2, 1.5714285714285714, 1.0, 1.7777777777777777, 1.0, 1.2222222222222223, 1.736842105263158, 1.1, 1.1111111111111112, 1.4, 1.0, null, null, 1.0], "today": [null, null, null, null, null, null, null, null, null, null, null, null, null, null, null, null, null, null, null, null, null, null, null, null]}, "Bukit Mertajam": {"baseline": [2.8333333333333335, 1.0714285714285714, 1.0, 1.5, 1.2592592592592593, 2.5182481751824817, 5.071428571428571, 3.7551020408163267, 3.5786163522012577, 1.6436781609195403, 2.964788732394366, 1.702127659574468, 2.56198347107438, 1.830188679245283, 2.6666666666666665, 2.3284671532846715, 2.6015625, 2.569105691056911, 2.6228070175438596, 2.6470588235294117, 1.85, 3.518796992481203, 12.0, 1.5106382978723405], "baseline_730": [2.8333333333333335, 1.0714285714285714, 1.0, 1.5, 1.2592592592592593, 2.5182481751824817, 5.071428571428571, 3.7551020408163267, 3.5786163522012577, 1.6436781609195403, 2.964788732394366, 1.702127659574468, 2.56198347107438, 1.830188679245283, 2.6666666666666665, 2.3284671532846715, 2.6015625, 2.569105691056911, 2.6228070175438596, 2.6470588235294117, 1.85, 3.518796992481203, 12.0, 1.5106382978723405], "today": [null, null, null, null, null, 3.0, 1.0, 7.0, 1.0, 1.0, 2.0, 2.0, 2.0, null, null, 1.0, null, null, 5.0, 2.0, null, 1.0, null, null]}, "Bukit Tengah": {"baseline": [1.9090909090909092, 1.0, 1.0, 1.0, 1.0454545454545454, 3.5714285714285716, 6.3478260869565215, 3.849056603773585, 2.427480916030534, 1.4074074074074074, 2.9785714285714286, 1.9921875, 2.789855072463768, 1.673913043478261, 2.5725806451612905, 2.81203007518797, 2.2892561983471076, 2.852713178294574, 2.5, 2.7559055118110236, 1.6732673267326732, 4.691275167785235, 7.25, 1.4303797468354431], "baseline_730": [1.9090909090909092, 1.0, 1.0, 1.0, 1.0454545454545454, 3.5714285714285716, 6.3478260869565215, 3.849056603773585, 2.427480916030534, 1.4074074074074074, 2.9785714285714286, 1.9921875, 2.789855072463768, 1.673913043478261, 2.5725806451612905, 2.81203007518797, 2.2892561983471076, 2.852713178294574, 2.5, 2.7559055118110236, 1.6732673267326732, 4.691275167785235, 7.25, 1.4303797468354431], "today": [null, null, null, null, null, 1.0, 1.0, 2.0, null, null, 2.0, null, 7.0, null, 1.0, 2.0, 2.0, 1.0, 1.0, 1.0, 1.0, 2.0, null, null]}, "Butterworth": {"baseline": [1.84, 1.8, 1.0, 1.5, 1.4375, 2.643478260869565, 4.9865771812080535, 3.6241610738255035, 4.42483660130719, 2.01980198019802, 3.9411764705882355, 1.9655172413793103, 3.3453237410071943, 2.2435897435897436, 3.638888888888889, 2.9398496240601504, 2.9770992366412212, 3.091666666666667, 2.716535433070866, 2.9375, 1.5789473684210527, 2.4285714285714284, 6.4, 1.2564102564102564], "baseline_730": [1.84, 1.8, 1.0, 1.5, 1.4375, 2.643478260869565, 4.9865771812080535, 3.6241610738255035, 4.42483660130719, 2.01980198019802, 3.9411764705882355, 1.9655172413793103, 3.3453237410071943, 2.2435897435897436, 3.638888888888889, 2.9398496240601504, 2.9770992366412212, 3.091666666666667, 2.716535433070866, 2.9375, 1.5789473684210527, 2.4285714285714284, 6.4, 1.2564102564102564], "today": [null, 1.0, null, null, null, 2.0, null, 12.0, null, 1.0, 10.0, 1.0, 6.0, null, 5.0, 5.0, 1.0, null, 3.0, 1.0, 1.0, 1.0, null, null]}, "Gurun": {"baseline": [1.0, 1.25, 1.6666666666666667, 1.0, 2.0, 1.3764705882352941, 2.8345323741007196, 1.8571428571428572, 1.6790123456790123, 1.5961538461538463, 1.6825396825396826, 1.7166666666666666, 1.878787878787879, 1.9166666666666667, 3.2903225806451615, 2.5, 2.318681318681319, 2.1379310344827585, 1.809090909090909, 1.44, 1.3157894736842106, 1.6615384615384616, 1.5714285714285714, null], "baseline_730": [1.0, 1.25, 1.6666666666666667, 1.0, 2.0, 1.3764705882352941, 2.8345323741007196, 1.8571428571428572, 1.6790123456790123, 1.5961538461538463, 1.6825396825396826, 1.7166666666666666, 1.878787878787879, 1.9166666666666667, 3.2903225806451615, 2.5, 2.318681318681319, 2.1379310344827585, 1.809090909090909, 1.44, 1.3157894736842106, 1.6615384615384616, 1.5714285714285714, null], "today": [null, null, 1.0, null, 1.0, null, null, 3.0, 1.0, null, null, 4.0, null, null, 2.0, null, 2.0, 2.0, 1.0, 1.0, 2.0, 1.0, null, null]},