{"service": "komuter_utara", "origin": "Kodiang", "latest_date": "2026-07-08", "destinations": {"Alor Setar": {"baseline": [2.125, 1.1666666666666667, 1.75, 1.0, 1.3333333333333333, 1.6, 3.0306748466257667, 3.739644970414201, 3.738095238095238, 2.5161290322580645, 5.547770700636943, 2.935251798561151, 4.433566433566433, 2.566265060240964, 4.078014184397163, 4.617021276595745, 3.448, 2.9363057324840764, 1.6888888888888889, 1.92, 1.5945945945945945, 1.3392857142857142, 1.9375, null], "baseline_730": [2.125, 1.1666666666666667, 1.75, 1.0, 1.3333333333333333, 1.6, 3.0306748466257667, 3.739644970414201, 3.738095238095238, 2.5161290322580645, 5.547770700636943, 2.935251798561151, 4.433566433566433, 2.566265060240964, 4.078014184397163, 4.617021276595745, 3.448, 2.9363057324840764, 1.6888888888888889, 1.92, 1.5945945945945945, 1.3392857142857142, 1.9375, null], "today": [null, null, null, null, null, 1.0, 3.0, 3.0, 3.0, 1.0, null, 2.0, null, null, null, 1.0, 1.0, null, null, null, null, null, null, null]}, "Anak Bukit": {"baseline": [1.0, 1.3333333333333333, 1.0, 1.0, 1.0, 1.1, 1.9708029197080292, 1.65, 1.736842105263158, 1.1578947368421053, 1.64, 1.4285714285714286, 1.72, 1.25, 2.074626865671642, 1.7076923076923076, 1.3529411764705883, 1.5873015873015872, 1.5476190476190477, 1.9814814814814814, 1.037037037037037, 1.5714285714285714, 1.4545454545454546, null], "baseline_730": [1.0, 1.3333333333333333, 1.0, 1.0, 1.0, 1.1, 1.9708029197080292, 1.65, 1.736842105263158, 1.1578947368421053, 1.64, 1.4285714285714286, 1.72, 1.25, 2.074626865671642, 1.7076923076923076, 1.3529411764705883, 1.5873015873015872, 1.5476190476190477, 1.9814814814814814, 1.037037037037037, 1.5714285714285714, 1.4545454545454546, null], "today": [null, null, null, null, null, null, 3.0, 4.0, 3.0, null, null, null, null, null, null, 1.0, null, null, null, 3.0, null, null, null, null]}, "Arau": {"baseline": [1.0, null, null, null, null, 1.5, 1.391304347826087, 1.1153846153846154, 1.3829787234042554, 1.3636363636363635, 1.1333333333333333, 1.6226415094339623, 1.5714285714285714, 1.64, 1.125, 1.565217391304348, 1.6538461538461537, 1.44, 1.5, 1.619047619047619, 1.0666666666666667, 1.0, 1.0, 1.0], "baseline_730": [1.0, null, null, null, null, 1.5, 1.391304347826087, 1.1153846153846154, 1.3829787234042554, 1.3636363636363635, 1.1333333333333333, 1.6226415094339623, 1.5714285714285714, 1.64, 1.125, 1.565217391304348, 1.6538461538461537, 1.44, 1.5, 1.619047619047619, 1.0666666666666667, 1.0, 1.0, 1.0], "today": [null, null, null, null, null, null, null, null, null, null, null, null, null, null, null, null, null, null, null, null, null, null, null, null]}, "Bagan Serai": {"baseline": [3.0, null, 1.0, 1.0, 1.0, 1.175, 1.1904761904761905, 1.4705882352941178, 1.5, 1.5, 1.25, 3.3333333333333335, 1.25, 2.142857142857143, 1.8, 1.1666666666666667, 1.1818181818181819, 1.0909090909090908, 1.0, 1.0, 1.0, null, null, null], "baseline_730": [3.0, null, 1.0, 1.0, 1.0, 1.175, 1.1904761904761905, 1.4705882352941178, 1.5, 1.5, 1.25, 3.3333333333333335, 1.25, 2.142857142857143, 1.8, 1.1666666666666667, 1.1818181818181819, 1.0909090909090908, 1.0, 1.0, 1.0, null, null, null], "today": [null, null, null, null, null, null, 1.0, null, null, null, null, null, null, null, null, null, null, null, null, null, null, null, null, null]}, "Bukit Ketri": {"baseline": [null, null, 1.0, null, 1.0, null, 1.1666666666666667, 1.0, 1.0, 1.2, 1.2, 1.5, 1.0, 1.9090909090909092, 1.0, 1.2222222222222223, 1.736842105263158, 1.1, 1.1, 1.4, 1.0, null, null, 1.0], "baseline_730": [null, null, 1.0, null, 1.0, null, 1.1666666666666667, 1.0, 1.0, 1.2, 1.2, 1.5, 1.0, 1.9090909090909092, 1.0, 1.2222222222222223, 1.736842105263158, 1.1, 1.1, 1.4, 1.0, null, null, 1.0], "today": [null, null, null, null, null, null, null, null, null, null, null, null, null, null, null, null, null, null, null, null, null, null, null, null]}, "Bukit Mertajam": {"baseline": [2.2222222222222223, 1.0714285714285714, 1.0, 1.3333333333333333, 1.2333333333333334, 2.5714285714285716, 5.138728323699422, 3.696969696969697, 3.5168539325842696, 1.6868686868686869, 3.0253164556962027, 1.6851851851851851, 2.485294117647059, 1.9491525423728813, 2.7847222222222223, 2.388157894736842, 2.6382978723404253, 2.525925925925926, 2.6171875, 2.8088235294117645, 1.7571428571428571, 3.3758389261744965, 9.25, 1.54], "baseline_730": [2.2222222222222223, 1.0714285714285714, 1.0, 1.3333333333333333, 1.2333333333333334, 2.5714285714285716, 5.138728323699422, 3.696969696969697, 3.5168539325842696, 1.6868686868686869, 3.0253164556962027, 1.6851851851851851, 2.485294117647059, 1.9491525423728813, 2.7847222222222223, 2.388157894736842, 2.6382978723404253, 2.525925925925926, 2.6171875, 2.8088235294117645, 1.7571428571428571, 3.3758389261744965, 9.25, 1.54], "today": [null, null, null, null, null, 3.0, 5.0, 2.0, 5.0, 1.0, null, 1.0, 1.0, null, null, null, 2.0, 1.0, null, null, null, null, null, 1.0]}, "Bukit Tengah": {"baseline": [1.7692307692307692, 1.0, 1.0, 1.0, 1.0434782608695652, 3.5286624203821657, 6.541436464088398, 3.848314606741573, 2.4761904761904763, 1.376068376068376, 2.9371069182389937, 1.993103448275862, 2.779220779220779, 1.6458333333333333, 2.6043165467625897, 2.7945205479452055, 2.2928571428571427, 2.825174825174825, 2.528169014084507, 2.8137931034482757, 1.7280701754385965, 4.601190476190476, 7.25, 1.4166666666666667], "baseline_730": [1.7692307692307692, 1.0, 1.0, 1.0, 1.0434782608695652, 3.5286624203821657, 6.541436464088398, 3.848314606741573, 2.4761904761904763, 1.376068376068376, 2.9371069182389937, 1.993103448275862, 2.779220779220779, 1.6458333333333333, 2.6043165467625897, 2.7945205479452055, 2.2928571428571427, 2.825174825174825, 2.528169014084507, 2.8137931034482757, 1.7280701754385965, 4.601190476190476, 7.25, 1.4166666666666667], "today": [null, null, null, 1.0, null, 4.0, 11.0, 2.0, 1.0, 2.0, 1.0, 2.0, null, null, 4.0, 1.0, 1.0, 1.0, 2.0, 1.0, 2.0, 2.0, null, 2.0]}, "Butterworth": {"baseline": [1.8214285714285714, 1.5714285714285714, 1.0, 1.5, 1.3888888888888888, 2.5615384615384613, 4.898809523809524, 3.7005988023952097, 4.309941520467836, 2.0526315789473686, 3.9883040935672516, 1.9692307692307693, 3.240506329113924, 2.235294117647059, 3.611464968152866, 2.9047619047619047, 3.0416666666666665, 3.0592592592592593, 2.7092198581560285, 2.8492063492063493, 1.6477272727272727, 2.4347826086956523, 5.5, 1.297872340425532], "baseline_730": [1.8214285714285714, 1.5714285714285714, 1.0, 1.5, 1.3888888888888888, 2.5615384615384613, 4.898809523809524, 3.7005988023952097, 4.309941520467836, 2.0526315789473686, 3.9883040935672516, 1.9692307692307693, 3.240506329113924, 2.235294117647059, 3.611464968152866, 2.9047619047619047, 3.0416666666666665, 3.0592592592592593, 2.7092198581560285, 2.8492063492063493, 1.6477272727272727, 2.4347826086956523, 5.5, 1.297872340425532], "today": [null, null, null, null, null, 4.0, 3.0, 4.0, 6.0, 2.0, 1.0, null, 2.0, null, 2.0, null, null, 2.0, 3.0, 1.0, null, null, null, 1.0]}, "Gurun": {"baseline": [1.0, 1.1666666666666667, 1.5, 1.0, 1.5, 1.336734693877551, 2.8516129032258064, 1.897810218978102, 1.6595744680851063, 1.5614035087719298, 1.662162162162162, 1.7164179104477613, 1.9722222222222223, 2.0, 3.3472222222222223, 2.763157894736842, 2.3168316831683167, 2.1654135338345863, 1.7890625, 1.3793103448275863, 1.3478260869565217, 1.661764705882353, 1.5714285714285714, null], "baseline_730": [1.0, 1.1666666666666667, 1.5, 1.0, 1.5, 1.336734693877551, 2.8516129032258064, 1.897810218978102, 1.6595744680851063, 1.5614035087719298, 1.662162162162162, 1.7164179104477613, 1.9722222222222223, 2.0, 3.3472222222222223, 2.763157894736842, 2.3168316831683167, 2.1654135338345863, 1.7890625, 1.3793103448275863, 1.3478260869565217, 1.661764705882353, 1.5714285714285714, null], "today": [null, null, null, null, null, 1.0, 1.0, 3.0, null, null, null, null, null, null, 4.0, null, 1.0, 2.0, 1.0, null, null, null, null, null]},