{"service": "komuter_utara", "origin": "Kodiang", "latest_date": "2026-07-02", "destinations": {"Alor Setar": {"baseline": [2.1538461538461537, 1.2, 1.75, 1.0, 1.0, 1.625, 3.0, 3.7870967741935484, 3.758169934640523, 2.5454545454545454, 5.5479452054794525, 3.0310077519379846, 4.537313432835821, 2.546666666666667, 4.155038759689923, 4.7, 3.403361344537815, 3.048611111111111, 1.7093023255813953, 1.9855072463768115, 1.375, 1.36, 1.9375, null], "baseline_730": [2.1538461538461537, 1.2, 1.75, 1.0, 1.0, 1.625, 3.0, 3.7870967741935484, 3.758169934640523, 2.5454545454545454, 5.5479452054794525, 3.0310077519379846, 4.537313432835821, 2.546666666666667, 4.155038759689923, 4.7, 3.403361344537815, 3.048611111111111, 1.7093023255813953, 1.9855072463768115, 1.375, 1.36, 1.9375, null], "today": [1.0, 1.0, null, null, 2.0, null, 8.0, 5.0, 5.0, 3.0, 1.0, 4.0, 1.0, 5.0, 4.0, 13.0, 17.0, 2.0, 1.0, 1.0, 1.0, null, null, null]}, "Anak Bukit": {"baseline": [1.0, 1.3333333333333333, 1.0, 1.0, 1.0, 1.1428571428571428, 1.96875, 1.6382978723404256, 1.6857142857142857, 1.162162162162162, 1.711111111111111, 1.4285714285714286, 1.7346938775510203, 1.2727272727272727, 2.1186440677966103, 1.7258064516129032, 1.3061224489795917, 1.5263157894736843, 1.5476190476190477, 1.8837209302325582, 1.0434782608695652, 1.5, 1.5, null], "baseline_730": [1.0, 1.3333333333333333, 1.0, 1.0, 1.0, 1.1428571428571428, 1.96875, 1.6382978723404256, 1.6857142857142857, 1.162162162162162, 1.711111111111111, 1.4285714285714286, 1.7346938775510203, 1.2727272727272727, 2.1186440677966103, 1.7258064516129032, 1.3061224489795917, 1.5263157894736843, 1.5476190476190477, 1.8837209302325582, 1.0434782608695652, 1.5, 1.5, null], "today": [null, null, null, null, null, 1.0, 3.0, 1.0, 2.0, null, null, 2.0, null, 1.0, 4.0, null, 4.0, null, null, 3.0, 1.0, null, null, null]}, "Arau": {"baseline": [1.0, null, null, null, null, 1.5, 1.3, 1.0909090909090908, 1.391304347826087, 1.368421052631579, 1.1428571428571428, 1.6346153846153846, 1.5714285714285714, 1.6956521739130435, 1.0, 1.565217391304348, 1.6458333333333333, 1.4583333333333333, 1.5714285714285714, 1.65, 1.0666666666666667, 1.0, 1.0, 1.0], "baseline_730": [1.0, null, null, null, null, 1.5, 1.3, 1.0909090909090908, 1.391304347826087, 1.368421052631579, 1.1428571428571428, 1.6346153846153846, 1.5714285714285714, 1.6956521739130435, 1.0, 1.565217391304348, 1.6458333333333333, 1.4583333333333333, 1.5714285714285714, 1.65, 1.0666666666666667, 1.0, 1.0, 1.0], "today": [null, null, null, null, null, null, null, null, null, null, null, null, null, null, null, null, null, null, null, null, null, null, null, null]}, "Bagan Serai": {"baseline": [3.0, null, 1.0, 1.0, 1.0, 1.131578947368421, 1.15, 1.4705882352941178, 1.4, 1.5, 1.2608695652173914, 3.3333333333333335, 1.2941176470588236, 2.1666666666666665, 1.8, 1.1875, 1.2, 1.1, 1.0, 1.0, 1.0, null, null, null], "baseline_730": [3.0, null, 1.0, 1.0, 1.0, 1.131578947368421, 1.15, 1.4705882352941178, 1.4, 1.5, 1.2608695652173914, 3.3333333333333335, 1.2941176470588236, 2.1666666666666665, 1.8, 1.1875, 1.2, 1.1, 1.0, 1.0, 1.0, null, null, null], "today": [null, null, null, null, null, null, null, null, null, null, null, null, null, null, null, null, 1.0, null, null, null, null, null, null, null]}, "Bukit Ketri": {"baseline": [null, null, 1.0, null, 1.0, null, 1.1666666666666667, 1.0, 1.0, 1.2, 1.2, 1.5714285714285714, 1.0, 1.7777777777777777, 1.0, 1.2222222222222223, 1.736842105263158, 1.1, 1.1111111111111112, 1.4, 1.0, null, null, 1.0], "baseline_730": [null, null, 1.0, null, 1.0, null, 1.1666666666666667, 1.0, 1.0, 1.2, 1.2, 1.5714285714285714, 1.0, 1.7777777777777777, 1.0, 1.2222222222222223, 1.736842105263158, 1.1, 1.1111111111111112, 1.4, 1.0, null, null, 1.0], "today": [null, null, null, null, null, null, null, null, null, null, null, null, null, 4.0, null, null, null, null, null, null, null, null, null, null]}, "Bukit Mertajam": {"baseline": [2.8333333333333335, 1.0714285714285714, 1.0, 1.5, 1.2592592592592593, 2.5460992907801416, 5.050314465408805, 3.7302631578947367, 3.5548780487804876, 1.6555555555555554, 2.9315068493150687, 1.7142857142857142, 2.564516129032258, 1.830188679245283, 2.6742424242424243, 2.3450704225352115, 2.564885496183206, 2.544, 2.6050420168067228, 2.707317073170732, 1.8095238095238095, 3.4855072463768115, 9.25, 1.5106382978723405], "baseline_730": [2.8333333333333335, 1.0714285714285714, 1.0, 1.5, 1.2592592592592593, 2.5460992907801416, 5.050314465408805, 3.7302631578947367, 3.5548780487804876, 1.6555555555555554, 2.9315068493150687, 1.7142857142857142, 2.564516129032258, 1.830188679245283, 2.6742424242424243, 2.3450704225352115, 2.564885496183206, 2.544, 2.6050420168067228, 2.707317073170732, 1.8095238095238095, 3.4855072463768115, 9.25, 1.5106382978723405], "today": [null, null, null, null, 1.0, 4.0, 3.0, 6.0, 6.0, 5.0, 11.0, 1.0, 1.0, 11.0, 9.0, 6.0, 8.0, 2.0, 6.0, 5.0, 1.0, 1.0, null, null]}, "Bukit Tengah": {"baseline": [1.9090909090909092, 1.0, 1.0, 1.0, 1.0454545454545454, 3.5625, 6.421686746987952, 3.823170731707317, 2.4029850746268657, 1.4036697247706422, 2.9583333333333335, 2.007575757575758, 2.8028169014084505, 1.673913043478261, 2.559055118110236, 2.8175182481751824, 2.2777777777777777, 2.856060606060606, 2.4885496183206106, 2.734848484848485, 1.7047619047619047, 4.753246753246753, 7.25, 1.425], "baseline_730": [1.9090909090909092, 1.0, 1.0, 1.0, 1.0454545454545454, 3.5625, 6.421686746987952, 3.823170731707317, 2.4029850746268657, 1.4036697247706422, 2.9583333333333335, 2.007575757575758, 2.8028169014084505, 1.673913043478261, 2.559055118110236, 2.8175182481751824, 2.2777777777777777, 2.856060606060606, 2.4885496183206106, 2.734848484848485, 1.7047619047619047, 4.753246753246753, 7.25, 1.425], "today": [1.0, null, null, null, null, 5.0, 11.0, 7.0, 4.0, null, 2.0, 4.0, 1.0, null, 1.0, 1.0, 1.0, 1.0, null, 2.0, null, 4.0, null, null]}, "Butterworth": {"baseline": [1.84, 1.7272727272727273, 1.0, 1.5, 1.4375, 2.6134453781512605, 4.928104575163399, 3.6666666666666665, 4.43312101910828, 2.0098039215686274, 3.9873417721518987, 1.95, 3.3286713286713288, 2.2658227848101267, 3.6462585034013606, 2.9420289855072466, 2.970149253731343, 3.081967213114754, 2.696969696969697, 2.9051724137931036, 1.5875, 2.4296875, 6.4, 1.25], "baseline_730": [1.84, 1.7272727272727273, 1.0, 1.5, 1.4375, 2.6134453781512605, 4.928104575163399, 3.6666666666666665, 4.43312101910828, 2.0098039215686274, 3.9873417721518987, 1.95, 3.3286713286713288, 2.2658227848101267, 3.6462585034013606, 2.9420289855072466, 2.970149253731343, 3.081967213114754, 2.696969696969697, 2.9051724137931036, 1.5875, 2.4296875, 6.4, 1.25], "today": [1.0, null, null, null, null, 2.0, 1.0, 5.0, 2.0, null, 3.0, null, 4.0, 3.0, 6.0, 6.0, 3.0, 5.0, 5.0, 3.0, 2.0, null, null, 2.0]}, "Gurun": {"baseline": [1.0, 1.25, 1.5, 1.0, 1.6666666666666667, 1.367816091954023, 2.8111888111888113, 1.8790322580645162, 1.6666666666666667, 1.6037735849056605, 1.676923076923077, 1.746031746031746, 1.8805970149253732, 1.9166666666666667, 3.2, 2.5, 2.3118279569892475, 2.1487603305785123, 1.7982456140350878, 1.4313725490196079, 1.35, 1.671641791044776, 1.5714285714285714, null], "baseline_730": [1.0, 1.25, 1.5, 1.0, 1.6666666666666667, 1.367816091954023, 2.8111888111888113, 1.8790322580645162, 1.6666666666666667, 1.6037735849056605, 1.676923076923077, 1.746031746031746, 1.8805970149253732, 1.9166666666666667, 3.2, 2.5, 2.3118279569892475, 2.1487603305785123, 1.7982456140350878, 1.4313725490196079, 1.35, 1.671641791044776, 1.5714285714285714, null], "today": [1.0, 1.0, null, null, null, 1.0, 6.0, 6.0, 3.0, 1.0, 2.0, 1.0, 7.0, 7.0, 13.0, 20.0, 8.0, 5.0, 1.0, null, 1.0, null, null, null]},