{"service": "komuter_utara", "origin": "Kodiang", "latest_date": "2026-07-11", "destinations": {"Alor Setar": {"baseline": [2.125, 1.1666666666666667, 1.75, 1.0, 1.3333333333333333, 1.5714285714285714, 3.0602409638554215, 3.738372093023256, 3.7777777777777777, 2.5473684210526315, 5.50314465408805, 2.9361702127659575, 4.441379310344828, 2.5833333333333335, 4.083916083916084, 4.604166666666667, 3.4285714285714284, 2.9182389937106916, 1.684782608695652, 1.92, 1.5945945945945945, 1.3392857142857142, 1.9375, null], "baseline_730": [2.125, 1.1666666666666667, 1.75, 1.0, 1.3333333333333333, 1.5714285714285714, 3.0602409638554215, 3.738372093023256, 3.7777777777777777, 2.5473684210526315, 5.50314465408805, 2.9361702127659575, 4.441379310344828, 2.5833333333333335, 4.083916083916084, 4.604166666666667, 3.4285714285714284, 2.9182389937106916, 1.684782608695652, 1.92, 1.5945945945945945, 1.3392857142857142, 1.9375, null], "today": [null, null, null, null, null, null, null, 2.0, 9.0, 2.0, 5.0, 1.0, 6.0, null, 2.0, 1.0, 1.0, null, null, 2.0, null, null, null, null]}, "Anak Bukit": {"baseline": [1.0, 1.3333333333333333, 1.0, 1.0, 1.0, 1.1, 1.9785714285714286, 1.6732673267326732, 1.7435897435897436, 1.1538461538461537, 1.64, 1.4307692307692308, 1.72, 1.2692307692307692, 2.0434782608695654, 1.6865671641791045, 1.3529411764705883, 1.578125, 1.5476190476190477, 2.017857142857143, 1.0357142857142858, 1.5714285714285714, 1.4166666666666667, null], "baseline_730": [1.0, 1.3333333333333333, 1.0, 1.0, 1.0, 1.1, 1.9785714285714286, 1.6732673267326732, 1.7435897435897436, 1.1538461538461537, 1.64, 1.4307692307692308, 1.72, 1.2692307692307692, 2.0434782608695654, 1.6865671641791045, 1.3529411764705883, 1.578125, 1.5476190476190477, 2.017857142857143, 1.0357142857142858, 1.5714285714285714, 1.4166666666666667, null], "today": [null, null, null, null, null, null, 2.0, null, 1.0, null, 1.0, null, null, null, null, null, null, null, null, null, null, null, null, null]}, "Arau": {"baseline": [1.0, null, null, null, null, 1.5, 1.375, 1.1153846153846154, 1.3829787234042554, 1.3636363636363635, 1.1333333333333333, 1.6226415094339623, 1.5714285714285714, 1.64, 1.125, 1.565217391304348, 1.6415094339622642, 1.44, 1.6, 1.5909090909090908, 1.0666666666666667, 1.0, 1.0, 1.0], "baseline_730": [1.0, null, null, null, null, 1.5, 1.375, 1.1153846153846154, 1.3829787234042554, 1.3636363636363635, 1.1333333333333333, 1.6226415094339623, 1.5714285714285714, 1.64, 1.125, 1.565217391304348, 1.6415094339622642, 1.44, 1.6, 1.5909090909090908, 1.0666666666666667, 1.0, 1.0, 1.0], "today": [null, null, null, null, null, null, null, null, 1.0, 1.0, 1.0, null, null, null, 1.0, null, null, null, null, null, null, null, null, null]}, "Bagan Serai": {"baseline": [3.0, null, 1.0, 1.0, 1.0, 1.175, 1.1818181818181819, 1.4705882352941178, 1.5, 1.5, 1.24, 3.3333333333333335, 1.25, 2.142857142857143, 1.7777777777777777, 1.1666666666666667, 1.1818181818181819, 1.0909090909090908, 1.0, 1.1428571428571428, 1.0, null, null, null], "baseline_730": [3.0, null, 1.0, 1.0, 1.0, 1.175, 1.1818181818181819, 1.4705882352941178, 1.5, 1.5, 1.24, 3.3333333333333335, 1.25, 2.142857142857143, 1.7777777777777777, 1.1666666666666667, 1.1818181818181819, 1.0909090909090908, 1.0, 1.1428571428571428, 1.0, null, null, null], "today": [null, null, null, null, null, null, null, null, null, null, null, null, null, null, null, null, null, 1.0, null, null, null, null, null, null]}, "Bukit Ketri": {"baseline": [null, null, 1.0, null, 1.0, null, 1.1666666666666667, 1.0, 1.0, 1.6666666666666667, 1.2, 1.4444444444444444, 1.0, 1.9090909090909092, 1.0, 1.2222222222222223, 1.736842105263158, 1.1, 1.1, 1.4, 1.0, null, null, 1.0], "baseline_730": [null, null, 1.0, null, 1.0, null, 1.1666666666666667, 1.0, 1.0, 1.6666666666666667, 1.2, 1.4444444444444444, 1.0, 1.9090909090909092, 1.0, 1.2222222222222223, 1.736842105263158, 1.1, 1.1, 1.4, 1.0, null, null, 1.0], "today": [null, null, null, null, null, null, null, null, null, null, null, null, null, null, null, null, 1.0, null, null, null, null, null, null, null]}, "Bukit Mertajam": {"baseline": [2.2222222222222223, 1.0714285714285714, 1.0, 1.3333333333333333, 1.21875, 2.5641025641025643, 5.159090909090909, 3.6964285714285716, 3.541436464088398, 1.6764705882352942, 3.0375, 1.6818181818181819, 2.4676258992805757, 2.0, 2.8972602739726026, 2.396103896103896, 2.638888888888889, 2.4927536231884058, 2.6153846153846154, 2.795620437956204, 1.7638888888888888, 3.357615894039735, 9.25, 1.5192307692307692], "baseline_730": [2.2222222222222223, 1.0714285714285714, 1.0, 1.3333333333333333, 1.21875, 2.5641025641025643, 5.159090909090909, 3.6964285714285716, 3.541436464088398, 1.6764705882352942, 3.0375, 1.6818181818181819, 2.4676258992805757, 2.0, 2.8972602739726026, 2.396103896103896, 2.638888888888889, 2.4927536231884058, 2.6153846153846154, 2.795620437956204, 1.7638888888888888, 3.357615894039735, 9.25, 1.5192307692307692], "today": [null, null, null, null, null, null, 3.0, 2.0, null, 1.0, 3.0, 1.0, 2.0, null, null, 2.0, 4.0, null, null, 2.0, null, 4.0, null, null]}, "Bukit Tengah": {"baseline": [1.7142857142857142, 1.0, 1.0, 1.0, 1.0434782608695652, 3.54375, 6.586956521739131, 3.839779005524862, 2.4466666666666668, 1.375, 2.9135802469135803, 2.0, 2.767741935483871, 1.6326530612244898, 2.624113475177305, 2.771812080536913, 2.2836879432624113, 2.8125, 2.5310344827586206, 2.802721088435374, 1.7241379310344827, 4.549707602339181, 7.25, 1.4137931034482758], "baseline_730": [1.7142857142857142, 1.0, 1.0, 1.0, 1.0434782608695652, 3.54375, 6.586956521739131, 3.839779005524862, 2.4466666666666668, 1.375, 2.9135802469135803, 2.0, 2.767741935483871, 1.6326530612244898, 2.624113475177305, 2.771812080536913, 2.2836879432624113, 2.8125, 2.5310344827586206, 2.802721088435374, 1.7241379310344827, 4.549707602339181, 7.25, 1.4137931034482758], "today": [null, null, null, null, null, 1.0, 8.0, null, null, null, 2.0, 2.0, 3.0, null, 1.0, 2.0, null, 2.0, null, 2.0, 4.0, null, null, null]}, "Butterworth": {"baseline": [1.8214285714285714, 1.5714285714285714, 1.0, 1.5, 1.3888888888888888, 2.5488721804511276, 4.871345029239766, 3.6882352941176473, 4.316091954022989, 2.0517241379310347, 3.9597701149425286, 1.9694656488549618, 3.248447204968944, 2.218390804597701, 3.63125, 2.9054054054054053, 3.0342465753424657, 3.050724637681159, 2.7291666666666665, 2.84375, 1.6666666666666667, 2.414285714285714, 5.5, 1.2857142857142858], "baseline_730": [1.8214285714285714, 1.5714285714285714, 1.0, 1.5, 1.3888888888888888, 2.5488721804511276, 4.871345029239766, 3.6882352941176473, 4.316091954022989, 2.0517241379310347, 3.9597701149425286, 1.9694656488549618, 3.248447204968944, 2.218390804597701, 3.63125, 2.9054054054054053, 3.0342465753424657, 3.050724637681159, 2.7291666666666665, 2.84375, 1.6666666666666667, 2.414285714285714, 5.5, 1.2857142857142858], "today": [null, 1.0, null, null, null, null, 3.0, 2.0, 1.0, 1.0, 7.0, 2.0, 1.0, null, 3.0, 1.0, 4.0, null, 1.0, null, null, 1.0, null, 1.0]}, "Gurun": {"baseline": [1.0, 1.1666666666666667, 1.5, 1.0, 1.5, 1.3267326732673268, 2.8343949044585988, 1.9428571428571428, 1.6526315789473685, 1.5614035087719298, 1.6666666666666667, 1.7164179104477613, 1.9722222222222223, 1.975609756097561, 3.5135135135135136, 2.782051282051282, 2.3300970873786406, 2.1544117647058822, 1.8015267175572518, 1.3793103448275863, 1.3333333333333333, 1.6521739130434783, 1.5714285714285714, null], "baseline_730": [1.0, 1.1666666666666667, 1.5, 1.0, 1.5, 1.3267326732673268, 2.8343949044585988, 1.9428571428571428, 1.6526315789473685, 1.5614035087719298, 1.6666666666666667, 1.7164179104477613, 1.9722222222222223, 1.975609756097561, 3.5135135135135136, 2.782051282051282, 2.3300970873786406, 2.1544117647058822, 1.8015267175572518, 1.3793103448275863, 1.3333333333333333, 1.6521739130434783, 1.5714285714285714, null],