{"service": "komuter_utara", "origin": "Kodiang", "latest_date": "2026-07-12", "destinations": {"Alor Setar": {"baseline": [2.125, 1.1666666666666667, 1.75, 1.0, 1.3333333333333333, 1.5714285714285714, 3.0602409638554215, 3.7283236994219653, 3.808139534883721, 2.5416666666666665, 5.5, 2.9225352112676055, 4.4520547945205475, 2.5833333333333335, 4.069444444444445, 4.5793103448275865, 3.409448818897638, 2.9182389937106916, 1.684782608695652, 1.9210526315789473, 1.5945945945945945, 1.3392857142857142, 1.9375, null], "baseline_730": [2.125, 1.1666666666666667, 1.75, 1.0, 1.3333333333333333, 1.5714285714285714, 3.0602409638554215, 3.7283236994219653, 3.808139534883721, 2.5416666666666665, 5.5, 2.9225352112676055, 4.4520547945205475, 2.5833333333333335, 4.069444444444445, 4.5793103448275865, 3.409448818897638, 2.9182389937106916, 1.684782608695652, 1.9210526315789473, 1.5945945945945945, 1.3392857142857142, 1.9375, null], "today": [null, null, null, null, null, null, 3.0, 2.0, 4.0, 1.0, null, null, null, 2.0, null, null, null, 1.0, 1.0, 1.0, null, 2.0, null, null]}, "Anak Bukit": {"baseline": [1.0, 1.3333333333333333, 1.0, 1.0, 1.0, 1.1, 1.9787234042553192, 1.6732673267326732, 1.7372881355932204, 1.1538461538461537, 1.6274509803921569, 1.4307692307692308, 1.72, 1.2692307692307692, 2.0434782608695654, 1.6865671641791045, 1.3529411764705883, 1.578125, 1.5476190476190477, 2.017857142857143, 1.0357142857142858, 1.5714285714285714, 1.4166666666666667, null], "baseline_730": [1.0, 1.3333333333333333, 1.0, 1.0, 1.0, 1.1, 1.9787234042553192, 1.6732673267326732, 1.7372881355932204, 1.1538461538461537, 1.6274509803921569, 1.4307692307692308, 1.72, 1.2692307692307692, 2.0434782608695654, 1.6865671641791045, 1.3529411764705883, 1.578125, 1.5476190476190477, 2.017857142857143, 1.0357142857142858, 1.5714285714285714, 1.4166666666666667, null], "today": [null, null, null, null, null, null, 1.0, null, 3.0, null, null, null, 1.0, null, null, null, null, null, null, 1.0, null, null, null, null]}, "Arau": {"baseline": [1.0, null, null, null, null, 1.5, 1.375, 1.1153846153846154, 1.375, 1.3478260869565217, 1.125, 1.6226415094339623, 1.5714285714285714, 1.64, 1.1176470588235294, 1.565217391304348, 1.6415094339622642, 1.44, 1.6, 1.5909090909090908, 1.0666666666666667, 1.0, 1.0, 1.0], "baseline_730": [1.0, null, null, null, null, 1.5, 1.375, 1.1153846153846154, 1.375, 1.3478260869565217, 1.125, 1.6226415094339623, 1.5714285714285714, 1.64, 1.1176470588235294, 1.565217391304348, 1.6415094339622642, 1.44, 1.6, 1.5909090909090908, 1.0666666666666667, 1.0, 1.0, 1.0], "today": [null, null, null, null, null, null, null, null, null, null, null, null, null, null, null, 2.0, 1.0, 1.0, 1.0, null, null, null, null, null]}, "Bagan Serai": {"baseline": [3.0, null, 1.0, 1.0, 1.0, 1.175, 1.1818181818181819, 1.4705882352941178, 1.5, 1.5, 1.24, 3.3333333333333335, 1.25, 2.142857142857143, 1.7777777777777777, 1.1666666666666667, 1.1818181818181819, 1.0869565217391304, 1.0, 1.1428571428571428, 1.0, null, null, null], "baseline_730": [3.0, null, 1.0, 1.0, 1.0, 1.175, 1.1818181818181819, 1.4705882352941178, 1.5, 1.5, 1.24, 3.3333333333333335, 1.25, 2.142857142857143, 1.7777777777777777, 1.1666666666666667, 1.1818181818181819, 1.0869565217391304, 1.0, 1.1428571428571428, 1.0, null, null, null], "today": [null, null, null, null, null, null, null, null, null, null, null, null, null, null, null, null, null, null, null, null, null, null, null, null]}, "Bukit Ketri": {"baseline": [null, null, 1.0, null, 1.0, null, 1.1666666666666667, 1.0, 1.0, 1.6666666666666667, 1.2, 1.4444444444444444, 1.0, 1.9090909090909092, 1.0, 1.2222222222222223, 1.7, 1.1, 1.1, 1.4, 1.0, null, null, 1.0], "baseline_730": [null, null, 1.0, null, 1.0, null, 1.1666666666666667, 1.0, 1.0, 1.6666666666666667, 1.2, 1.4444444444444444, 1.0, 1.9090909090909092, 1.0, 1.2222222222222223, 1.7, 1.1, 1.1, 1.4, 1.0, null, null, 1.0], "today": [null, null, null, null, null, null, null, 1.0, null, null, null, null, null, null, null, null, null, null, null, null, null, null, null, null]}, "Bukit Mertajam": {"baseline": [2.2222222222222223, 1.0714285714285714, 1.0, 1.3333333333333333, 1.21875, 2.5641025641025643, 5.146892655367232, 3.6863905325443787, 3.541436464088398, 1.6699029126213591, 3.0372670807453415, 1.6756756756756757, 2.4642857142857144, 2.0, 2.8972602739726026, 2.393548387096774, 2.6482758620689655, 2.4927536231884058, 2.6153846153846154, 2.789855072463768, 1.7638888888888888, 3.361842105263158, 9.25, 1.5192307692307692], "baseline_730": [2.2222222222222223, 1.0714285714285714, 1.0, 1.3333333333333333, 1.21875, 2.5641025641025643, 5.146892655367232, 3.6863905325443787, 3.541436464088398, 1.6699029126213591, 3.0372670807453415, 1.6756756756756757, 2.4642857142857144, 2.0, 2.8972602739726026, 2.393548387096774, 2.6482758620689655, 2.4927536231884058, 2.6153846153846154, 2.789855072463768, 1.7638888888888888, 3.361842105263158, 9.25, 1.5192307692307692], "today": [null, null, null, null, null, null, 6.0, 4.0, 1.0, 1.0, 1.0, 2.0, 5.0, 1.0, 7.0, 2.0, 1.0, 9.0, 4.0, 6.0, 4.0, 5.0, null, 1.0]}, "Bukit Tengah": {"baseline": [1.7142857142857142, 1.0, 1.0, 1.0, 1.0434782608695652, 3.527950310559006, 6.594594594594595, 3.839779005524862, 2.4466666666666668, 1.375, 2.9079754601226995, 2.0, 2.769230769230769, 1.6326530612244898, 2.612676056338028, 2.7666666666666666, 2.2836879432624113, 2.806896551724138, 2.5310344827586206, 2.7972972972972974, 1.7435897435897436, 4.549707602339181, 7.25, 1.4137931034482758], "baseline_730": [1.7142857142857142, 1.0, 1.0, 1.0, 1.0434782608695652, 3.527950310559006, 6.594594594594595, 3.839779005524862, 2.4466666666666668, 1.375, 2.9079754601226995, 2.0, 2.769230769230769, 1.6326530612244898, 2.612676056338028, 2.7666666666666666, 2.2836879432624113, 2.806896551724138, 2.5310344827586206, 2.7972972972972974, 1.7435897435897436, 4.549707602339181, 7.25, 1.4137931034482758], "today": [null, null, null, null, null, null, 7.0, 3.0, null, null, 2.0, null, 5.0, 2.0, 9.0, 3.0, 4.0, 6.0, 3.0, 6.0, 2.0, 13.0, null, 1.0]}, "Butterworth": {"baseline": [1.8214285714285714, 1.5333333333333334, 1.0, 1.5, 1.3888888888888888, 2.5488721804511276, 4.8604651162790695, 3.6783625730994154, 4.297142857142857, 2.0427350427350426, 3.9771428571428573, 1.9696969696969697, 3.234567901234568, 2.218390804597701, 3.627329192546584, 2.8926174496644297, 3.0408163265306123, 3.050724637681159, 2.717241379310345, 2.84375, 1.6666666666666667, 2.404255319148936, 5.5, 1.28], "baseline_730": [1.8214285714285714, 1.5333333333333334, 1.0, 1.5, 1.3888888888888888, 2.5488721804511276, 4.8604651162790695, 3.6783625730994154, 4.297142857142857, 2.0427350427350426, 3.9771428571428573, 1.9696969696969697, 3.234567901234568, 2.218390804597701, 3.627329192546584, 2.8926174496644297, 3.0408163265306123, 3.050724637681159, 2.717241379310345, 2.84375, 1.6666666666666667, 2.404255319148936, 5.5, 1.28], "today": [null, null, null, null, null, null, 1.0, 1.0, 3.0, null, 7.0, 4.0, 1.0, null, 5.0, 1.0, 1.0, 6.0, 4.0, 2.0, null, 1.0, null, 1.0]}, "Gurun": {"baseline": [1.0, 1.1666666666666667, 1.5, 1.0, 1.5, 1.3333333333333333, 2.8227848101265822, 1.9432624113475176, 1.65625, 1.5614035087719298, 1.7105263157894737, 1.7164179104477613, 1.9722222222222223, 1.975609756097561, 3.5135135135135136, 2.782051282051282, 2.3173076923076925, 2.1605839416058394, 1.7954545454545454, 1.3793103448275863, 1.3333333333333333, 1.6521739130434783, 1.5714285714285714, null], "baseline_730": [1.0, 1.1666666666666667, 1.5, 1.0, 1.5, 1.3333333333333333, 2.8227848101265822, 1.9432624113475176, 1.65625, 1.5614035087719298, 1.7105263157894737, 1.7164179104477613, 1.9722222222222223, 1.975609756097561, 3.5135135135135136, 2.782051282051282, 2.3173076923076925, 2.1605839416058394, 1.7954545454545454, 1.3793103448275863, 1.3333333333333333, 1.6521739130434783, 1.5714285714285714, null],