{"service": "komuter_utara", "origin": "Kodiang", "latest_date": "2026-06-30", "destinations": {"Alor Setar": {"baseline": [2.1538461538461537, 1.2, 1.75, 1.0, 1.0, 1.6666666666666667, 2.9794520547945207, 3.784313725490196, 3.781456953642384, 2.5454545454545454, 5.590277777777778, 3.0310077519379846, 4.56390977443609, 2.546666666666667, 4.1796875, 4.7, 3.4152542372881354, 3.0704225352112675, 1.6941176470588235, 2.0, 1.3870967741935485, 1.3673469387755102, 1.9375, null], "baseline_730": [2.1538461538461537, 1.2, 1.75, 1.0, 1.0, 1.6666666666666667, 2.9794520547945207, 3.784313725490196, 3.781456953642384, 2.5454545454545454, 5.590277777777778, 3.0310077519379846, 4.56390977443609, 2.546666666666667, 4.1796875, 4.7, 3.4152542372881354, 3.0704225352112675, 1.6941176470588235, 2.0, 1.3870967741935485, 1.3673469387755102, 1.9375, null], "today": [null, null, null, null, null, 1.0, 6.0, 6.0, 3.0, null, 1.0, null, null, null, 1.0, null, null, 1.0, 3.0, 1.0, 1.0, null, null, null]}, "Anak Bukit": {"baseline": [1.0, 1.3333333333333333, 1.0, 1.0, 1.0, 1.1666666666666667, 1.9682539682539681, 1.6304347826086956, 1.6796116504854368, 1.162162162162162, 1.711111111111111, 1.4363636363636363, 1.7346938775510203, 1.2857142857142858, 2.1186440677966103, 1.7258064516129032, 1.3061224489795917, 1.5357142857142858, 1.5476190476190477, 1.8571428571428572, 1.0434782608695652, 1.5, 1.5, null], "baseline_730": [1.0, 1.3333333333333333, 1.0, 1.0, 1.0, 1.1666666666666667, 1.9682539682539681, 1.6304347826086956, 1.6796116504854368, 1.162162162162162, 1.711111111111111, 1.4363636363636363, 1.7346938775510203, 1.2857142857142858, 2.1186440677966103, 1.7258064516129032, 1.3061224489795917, 1.5357142857142858, 1.5476190476190477, 1.8571428571428572, 1.0434782608695652, 1.5, 1.5, null], "today": [null, null, null, null, null, null, 2.0, 3.0, 2.0, null, null, null, null, 1.0, null, null, null, 1.0, null, 3.0, null, null, null, null]}, "Arau": {"baseline": [1.0, null, null, null, null, 1.5, 1.3, 1.0909090909090908, 1.4, 1.368421052631579, 1.1428571428571428, 1.6346153846153846, 1.5714285714285714, 1.6956521739130435, 1.0, 1.565217391304348, 1.6458333333333333, 1.4583333333333333, 1.5714285714285714, 1.65, 1.0666666666666667, 1.0, 1.0, 1.0], "baseline_730": [1.0, null, null, null, null, 1.5, 1.3, 1.0909090909090908, 1.4, 1.368421052631579, 1.1428571428571428, 1.6346153846153846, 1.5714285714285714, 1.6956521739130435, 1.0, 1.565217391304348, 1.6458333333333333, 1.4583333333333333, 1.5714285714285714, 1.65, 1.0666666666666667, 1.0, 1.0, 1.0], "today": [null, null, null, null, null, null, null, null, null, null, null, null, null, null, null, null, null, null, null, null, null, null, null, null]}, "Bagan Serai": {"baseline": [3.0, null, 1.0, 1.0, 1.0, 1.131578947368421, 1.15, 1.4705882352941178, 1.4, 1.5, 1.2608695652173914, 3.3333333333333335, 1.2941176470588236, 2.1666666666666665, 1.8235294117647058, 1.1875, 1.2, 1.1, 1.0, 1.0, 1.0, null, null, null], "baseline_730": [3.0, null, 1.0, 1.0, 1.0, 1.131578947368421, 1.15, 1.4705882352941178, 1.4, 1.5, 1.2608695652173914, 3.3333333333333335, 1.2941176470588236, 2.1666666666666665, 1.8235294117647058, 1.1875, 1.2, 1.1, 1.0, 1.0, 1.0, null, null, null], "today": [null, null, null, null, null, null, null, null, null, null, null, null, null, null, null, null, null, null, null, null, null, null, null, null]}, "Bukit Ketri": {"baseline": [null, null, 1.0, null, 1.0, null, 1.1666666666666667, 1.0, 1.0, 1.2, 1.2, 1.5714285714285714, 1.0, 1.7777777777777777, 1.0, 1.2222222222222223, 1.736842105263158, 1.1, 1.1111111111111112, 1.4, 1.0, null, null, 1.0], "baseline_730": [null, null, 1.0, null, 1.0, null, 1.1666666666666667, 1.0, 1.0, 1.2, 1.2, 1.5714285714285714, 1.0, 1.7777777777777777, 1.0, 1.2222222222222223, 1.736842105263158, 1.1, 1.1111111111111112, 1.4, 1.0, null, null, 1.0], "today": [null, null, null, null, null, null, null, null, null, null, null, null, 1.0, null, null, null, null, null, null, null, null, null, null, null]}, "Bukit Mertajam": {"baseline": [2.8333333333333335, 1.0714285714285714, 1.0, 1.5, 1.2592592592592593, 2.5467625899280577, 5.063694267515924, 3.7533333333333334, 3.5555555555555554, 1.6363636363636365, 2.951388888888889, 1.7010309278350515, 2.5447154471544717, 1.830188679245283, 2.6793893129770994, 2.35, 2.576923076923077, 2.556451612903226, 2.623931623931624, 2.7131147540983607, 1.8360655737704918, 3.5073529411764706, 12.0, 1.5106382978723405], "baseline_730": [2.8333333333333335, 1.0714285714285714, 1.0, 1.5, 1.2592592592592593, 2.5467625899280577, 5.063694267515924, 3.7533333333333334, 3.5555555555555554, 1.6363636363636365, 2.951388888888889, 1.7010309278350515, 2.5447154471544717, 1.830188679245283, 2.6793893129770994, 2.35, 2.576923076923077, 2.556451612903226, 2.623931623931624, 2.7131147540983607, 1.8360655737704918, 3.5073529411764706, 12.0, 1.5106382978723405], "today": [null, null, null, null, null, 3.0, 5.0, 2.0, 5.0, 2.0, 2.0, null, null, null, 2.0, 1.0, 1.0, null, 1.0, 2.0, 1.0, 3.0, 1.0, null]}, "Bukit Tengah": {"baseline": [1.9090909090909092, 1.0, 1.0, 1.0, 1.0454545454545454, 3.556338028169014, 6.365853658536586, 3.814814814814815, 2.4135338345864663, 1.4074074074074074, 2.965034965034965, 1.9923076923076923, 2.8156028368794326, 1.673913043478261, 2.5634920634920637, 2.823529411764706, 2.274193548387097, 2.854961832061069, 2.511627906976744, 2.7615384615384615, 1.7019230769230769, 4.7368421052631575, 7.25, 1.425], "baseline_730": [1.9090909090909092, 1.0, 1.0, 1.0, 1.0454545454545454, 3.556338028169014, 6.365853658536586, 3.814814814814815, 2.4135338345864663, 1.4074074074074074, 2.965034965034965, 1.9923076923076923, 2.8156028368794326, 1.673913043478261, 2.5634920634920637, 2.823529411764706, 2.274193548387097, 2.854961832061069, 2.511627906976744, 2.7615384615384615, 1.7019230769230769, 4.7368421052631575, 7.25, 1.425], "today": [null, null, null, null, null, 3.0, 9.0, 6.0, null, 1.0, 2.0, 4.0, 1.0, null, 2.0, null, 3.0, null, 1.0, 1.0, 2.0, 5.0, null, null]}, "Butterworth": {"baseline": [1.84, 1.7272727272727273, 1.0, 1.5, 1.4375, 2.6324786324786325, 4.966887417218543, 3.664473684210526, 4.445161290322581, 2.0098039215686274, 3.9871794871794872, 1.9491525423728813, 3.3450704225352115, 2.2658227848101267, 3.6506849315068495, 2.948529411764706, 2.9849624060150375, 3.0991735537190084, 2.7153846153846155, 2.9130434782608696, 1.5949367088607596, 2.4296875, 6.4, 1.25], "baseline_730": [1.84, 1.7272727272727273, 1.0, 1.5, 1.4375, 2.6324786324786325, 4.966887417218543, 3.664473684210526, 4.445161290322581, 2.0098039215686274, 3.9871794871794872, 1.9491525423728813, 3.3450704225352115, 2.2658227848101267, 3.6506849315068495, 2.948529411764706, 2.9849624060150375, 3.0991735537190084, 2.7153846153846155, 2.9130434782608696, 1.5949367088607596, 2.4296875, 6.4, 1.25], "today": [null, null, null, null, null, 2.0, 1.0, null, 2.0, null, 3.0, 3.0, 1.0, null, 3.0, 1.0, 1.0, 1.0, 2.0, 2.0, 1.0, null, null, null]}, "Gurun": {"baseline": [1.0, 1.25, 1.5, 1.0, 1.6666666666666667, 1.372093023255814, 2.8297872340425534, 1.860655737704918, 1.6626506024096386, 1.5961538461538463, 1.671875, 1.7419354838709677, 1.878787878787879, 1.9166666666666667, 3.234375, 2.5, 2.3118279569892475, 2.1512605042016806, 1.8035714285714286, 1.4313725490196079, 1.35, 1.671641791044776, 1.5714285714285714, null], "baseline_730": [1.0, 1.25, 1.5, 1.0, 1.6666666666666667, 1.372093023255814, 2.8297872340425534, 1.860655737704918, 1.6626506024096386, 1.5961538461538463, 1.671875, 1.7419354838709677, 1.878787878787879, 1.9166666666666667, 3.234375, 2.5, 2.3118279569892475, 2.1512605042016806, 1.8035714285714286, 1.4313725490196079, 1.35, 1.671641791044776, 1.5714285714285714, null], "today": [null, null, null, null, null, null, 2.0, 2.0, 2.0, 2.0, null, 2.0, 2.0, null, null, null, null, 1.0, 2.0, null, null, null, null, null]},