{"service": "komuter_utara", "origin": "Kodiang", "latest_date": "2026-07-04", "destinations": {"Alor Setar": {"baseline": [2.0714285714285716, 1.1666666666666667, 1.75, 1.0, 1.3333333333333333, 1.625, 3.06, 3.7770700636942673, 3.7548387096774194, 2.550561797752809, 5.527027027027027, 3.0229007633587788, 4.5, 2.5789473684210527, 4.153846153846154, 4.75, 3.4958677685950414, 3.0273972602739727, 1.6931818181818181, 1.9714285714285715, 1.3636363636363635, 1.3529411764705883, 1.9375, null], "baseline_730": [2.0714285714285716, 1.1666666666666667, 1.75, 1.0, 1.3333333333333333, 1.625, 3.06, 3.7770700636942673, 3.7548387096774194, 2.550561797752809, 5.527027027027027, 3.0229007633587788, 4.5, 2.5789473684210527, 4.153846153846154, 4.75, 3.4958677685950414, 3.0273972602739727, 1.6931818181818181, 1.9714285714285715, 1.3636363636363635, 1.3529411764705883, 1.9375, null], "today": [null, null, null, null, null, 1.0, 1.0, null, 3.0, null, 12.0, 1.0, 10.0, null, 2.0, 3.0, 2.0, 1.0, 2.0, 1.0, 3.0, 1.0, null, null]}, "Anak Bukit": {"baseline": [1.0, 1.3333333333333333, 1.0, 1.0, 1.0, 1.125, 1.9767441860465116, 1.6354166666666667, 1.6886792452830188, 1.162162162162162, 1.6956521739130435, 1.4385964912280702, 1.7346938775510203, 1.2608695652173914, 2.1311475409836067, 1.7258064516129032, 1.36, 1.5517241379310345, 1.5476190476190477, 1.9090909090909092, 1.0416666666666667, 1.5, 1.5, null], "baseline_730": [1.0, 1.3333333333333333, 1.0, 1.0, 1.0, 1.125, 1.9767441860465116, 1.6354166666666667, 1.6886792452830188, 1.162162162162162, 1.6956521739130435, 1.4385964912280702, 1.7346938775510203, 1.2608695652173914, 2.1311475409836067, 1.7258064516129032, 1.36, 1.5517241379310345, 1.5476190476190477, 1.9090909090909092, 1.0416666666666667, 1.5, 1.5, null], "today": [null, null, null, null, null, null, null, null, null, null, null, 1.0, null, null, 1.0, null, null, null, null, 3.0, null, null, null, null]}, "Arau": {"baseline": [1.0, null, null, null, null, 1.5, 1.3, 1.0909090909090908, 1.391304347826087, 1.368421052631579, 1.1428571428571428, 1.6346153846153846, 1.5714285714285714, 1.6956521739130435, 1.0, 1.565217391304348, 1.6458333333333333, 1.4583333333333333, 1.5714285714285714, 1.65, 1.0666666666666667, 1.0, 1.0, 1.0], "baseline_730": [1.0, null, null, null, null, 1.5, 1.3, 1.0909090909090908, 1.391304347826087, 1.368421052631579, 1.1428571428571428, 1.6346153846153846, 1.5714285714285714, 1.6956521739130435, 1.0, 1.565217391304348, 1.6458333333333333, 1.4583333333333333, 1.5714285714285714, 1.65, 1.0666666666666667, 1.0, 1.0, 1.0], "today": [null, null, null, null, null, null, null, null, null, 1.0, null, null, null, null, null, null, null, null, null, null, null, null, null, null]}, "Bagan Serai": {"baseline": [3.0, null, 1.0, 1.0, 1.0, 1.1538461538461537, 1.15, 1.4705882352941178, 1.4, 1.5, 1.2608695652173914, 3.3333333333333335, 1.2941176470588236, 2.1666666666666665, 1.8, 1.1764705882352942, 1.1935483870967742, 1.1, 1.0, 1.0, 1.0, null, null, null], "baseline_730": [3.0, null, 1.0, 1.0, 1.0, 1.1538461538461537, 1.15, 1.4705882352941178, 1.4, 1.5, 1.2608695652173914, 3.3333333333333335, 1.2941176470588236, 2.1666666666666665, 1.8, 1.1764705882352942, 1.1935483870967742, 1.1, 1.0, 1.0, 1.0, null, null, null], "today": [null, null, null, null, null, null, null, null, null, null, null, null, null, null, null, null, null, null, null, null, null, null, null, null]}, "Bukit Ketri": {"baseline": [null, null, 1.0, null, 1.0, null, 1.1666666666666667, 1.0, 1.0, 1.2, 1.2, 1.5, 1.0, 2.0, 1.0, 1.2222222222222223, 1.736842105263158, 1.1, 1.1111111111111112, 1.4, 1.0, null, null, 1.0], "baseline_730": [null, null, 1.0, null, 1.0, null, 1.1666666666666667, 1.0, 1.0, 1.2, 1.2, 1.5, 1.0, 2.0, 1.0, 1.2222222222222223, 1.736842105263158, 1.1, 1.1111111111111112, 1.4, 1.0, null, null, 1.0], "today": [null, null, null, null, null, null, null, null, null, null, null, null, null, null, null, null, null, null, null, null, 1.0, null, null, null]}, "Bukit Mertajam": {"baseline": [2.8333333333333335, 1.0714285714285714, 1.0, 1.5, 1.2413793103448276, 2.5664335664335662, 5.062111801242236, 3.7532467532467533, 3.5602409638554215, 1.684782608695652, 2.9863945578231292, 1.7, 2.5396825396825395, 1.981818181818182, 2.716417910447761, 2.370629370629371, 2.6090225563909772, 2.5354330708661417, 2.6198347107438016, 2.725806451612903, 1.796875, 3.4676258992805757, 9.25, 1.5106382978723405], "baseline_730": [2.8333333333333335, 1.0714285714285714, 1.0, 1.5, 1.2413793103448276, 2.5664335664335662, 5.062111801242236, 3.7532467532467533, 3.5602409638554215, 1.684782608695652, 2.9863945578231292, 1.7, 2.5396825396825395, 1.981818181818182, 2.716417910447761, 2.370629370629371, 2.6090225563909772, 2.5354330708661417, 2.6198347107438016, 2.725806451612903, 1.796875, 3.4676258992805757, 9.25, 1.5106382978723405], "today": [null, null, null, null, null, null, 1.0, 7.0, 3.0, 1.0, 2.0, null, 2.0, 3.0, 4.0, 1.0, 4.0, 1.0, null, 7.0, null, 1.0, null, null]}, "Bukit Tengah": {"baseline": [1.8333333333333333, 1.0, 1.0, 1.0, 1.0454545454545454, 3.5753424657534247, 6.470238095238095, 3.8493975903614457, 2.414814814814815, 1.4036697247706422, 2.958904109589041, 2.014925373134328, 2.7902097902097904, 1.673913043478261, 2.550387596899225, 2.805755395683453, 2.265625, 2.8421052631578947, 2.492424242424242, 2.7238805970149254, 1.7047619047619047, 4.7243589743589745, 7.25, 1.425], "baseline_730": [1.8333333333333333, 1.0, 1.0, 1.0, 1.0454545454545454, 3.5753424657534247, 6.470238095238095, 3.8493975903614457, 2.414814814814815, 1.4036697247706422, 2.958904109589041, 2.014925373134328, 2.7902097902097904, 1.673913043478261, 2.550387596899225, 2.805755395683453, 2.265625, 2.8421052631578947, 2.492424242424242, 2.7238805970149254, 1.7047619047619047, 4.7243589743589745, 7.25, 1.425], "today": [null, null, null, null, null, 1.0, 2.0, 9.0, 7.0, 1.0, 2.0, 1.0, 4.0, null, 4.0, null, 1.0, null, null, 2.0, 3.0, 3.0, null, null]}, "Butterworth": {"baseline": [1.8076923076923077, 1.7272727272727273, 1.0, 1.5, 1.4375, 2.6083333333333334, 4.916129032258064, 3.664516129032258, 4.440251572327044, 2.029126213592233, 3.9875, 1.9586776859504131, 3.317241379310345, 2.259259259259259, 3.6621621621621623, 2.95, 2.9703703703703703, 3.0806451612903225, 2.7142857142857144, 2.8983050847457625, 1.6097560975609757, 2.4296875, 6.4, 1.2619047619047619], "baseline_730": [1.8076923076923077, 1.7272727272727273, 1.0, 1.5, 1.4375, 2.6083333333333334, 4.916129032258064, 3.664516129032258, 4.440251572327044, 2.029126213592233, 3.9875, 1.9586776859504131, 3.317241379310345, 2.259259259259259, 3.6621621621621623, 2.95, 2.9703703703703703, 3.0806451612903225, 2.7142857142857144, 2.8983050847457625, 1.6097560975609757, 2.4296875, 6.4, 1.2619047619047619], "today": [null, null, null, null, 1.0, 3.0, 5.0, 7.0, 7.0, null, 4.0, 2.0, 1.0, null, 3.0, null, null, null, null, null, 3.0, 2.0, null, null]}, "Gurun": {"baseline": [1.0, 1.2, 1.5, 1.0, 1.6666666666666667, 1.3595505617977528, 2.8551724137931034, 1.9047619047619047, 1.697674418604651, 1.5818181818181818, 1.671641791044776, 1.734375, 1.9420289855072463, 2.054054054054054, 3.3484848484848486, 2.8194444444444446, 2.372340425531915, 2.16260162601626, 1.791304347826087, 1.4230769230769231, 1.3333333333333333, 1.671641791044776, 1.5714285714285714, null], "baseline_730": [1.0, 1.2, 1.5, 1.0, 1.6666666666666667, 1.3595505617977528, 2.8551724137931034, 1.9047619047619047, 1.697674418604651, 1.5818181818181818, 1.671641791044776, 1.734375, 1.9420289855072463, 2.054054054054054, 3.3484848484848486, 2.8194444444444446, 2.372340425531915, 2.16260162601626, 1.791304347826087, 1.4230769230769231, 1.3333333333333333, 1.671641791044776, 1.5714285714285714, null], "today": [null, null, null, null, null, 1.0, null, null, 1.0, null, 2.0, null, null, null, null, null, null, 1.0, 3.0, null, null, null, null, null]},