{"service": "komuter_utara", "origin": "Kodiang", "latest_date": "2026-07-13", "destinations": {"Alor Setar": {"baseline": [2.125, 1.1666666666666667, 1.75, 1.0, 1.3333333333333333, 1.5714285714285714, 3.059880239520958, 3.718390804597701, 3.8092485549132946, 2.5257731958762886, 5.5, 2.9225352112676055, 4.4520547945205475, 2.5764705882352943, 4.069444444444445, 4.5793103448275865, 3.409448818897638, 2.90625, 1.6774193548387097, 1.9090909090909092, 1.5945945945945945, 1.3508771929824561, 1.9375, null], "baseline_730": [2.125, 1.1666666666666667, 1.75, 1.0, 1.3333333333333333, 1.5714285714285714, 3.059880239520958, 3.718390804597701, 3.8092485549132946, 2.5257731958762886, 5.5, 2.9225352112676055, 4.4520547945205475, 2.5764705882352943, 4.069444444444445, 4.5793103448275865, 3.409448818897638, 2.90625, 1.6774193548387097, 1.9090909090909092, 1.5945945945945945, 1.3508771929824561, 1.9375, null], "today": [null, null, null, null, null, null, 4.0, 3.0, 1.0, 2.0, 1.0, null, null, null, null, 1.0, 1.0, null, null, 1.0, null, null, null, null]}, "Anak Bukit": {"baseline": [1.0, 1.3333333333333333, 1.0, 1.0, 1.0, 1.1, 1.971830985915493, 1.6732673267326732, 1.7478991596638656, 1.1538461538461537, 1.6274509803921569, 1.4307692307692308, 1.7058823529411764, 1.2692307692307692, 2.0434782608695654, 1.6865671641791045, 1.3529411764705883, 1.578125, 1.5476190476190477, 2.0, 1.0357142857142858, 1.5714285714285714, 1.4166666666666667, null], "baseline_730": [1.0, 1.3333333333333333, 1.0, 1.0, 1.0, 1.1, 1.971830985915493, 1.6732673267326732, 1.7478991596638656, 1.1538461538461537, 1.6274509803921569, 1.4307692307692308, 1.7058823529411764, 1.2692307692307692, 2.0434782608695654, 1.6865671641791045, 1.3529411764705883, 1.578125, 1.5476190476190477, 2.0, 1.0357142857142858, 1.5714285714285714, 1.4166666666666667, null], "today": [null, null, null, null, null, 1.0, 2.0, 1.0, 2.0, null, null, 2.0, null, null, 1.0, 1.0, null, null, null, 2.0, null, null, null, null]}, "Arau": {"baseline": [1.0, null, null, null, null, 1.5, 1.375, 1.1153846153846154, 1.375, 1.3478260869565217, 1.125, 1.6226415094339623, 1.5714285714285714, 1.64, 1.1176470588235294, 1.5833333333333333, 1.6296296296296295, 1.4230769230769231, 1.5769230769230769, 1.5909090909090908, 1.0666666666666667, 1.0, 1.0, 1.0], "baseline_730": [1.0, null, null, null, null, 1.5, 1.375, 1.1153846153846154, 1.375, 1.3478260869565217, 1.125, 1.6226415094339623, 1.5714285714285714, 1.64, 1.1176470588235294, 1.5833333333333333, 1.6296296296296295, 1.4230769230769231, 1.5769230769230769, 1.5909090909090908, 1.0666666666666667, 1.0, 1.0, 1.0], "today": [null, null, null, null, null, null, null, null, null, null, null, null, null, null, null, null, 1.0, null, null, null, null, null, null, null]}, "Bagan Serai": {"baseline": [3.0, null, 1.0, 1.0, 1.0, 1.175, 1.1818181818181819, 1.4705882352941178, 1.5, 1.5, 1.24, 3.3333333333333335, 1.25, 2.142857142857143, 1.7777777777777777, 1.1666666666666667, 1.1818181818181819, 1.0869565217391304, 1.0, 1.1428571428571428, 1.0, null, null, null], "baseline_730": [3.0, null, 1.0, 1.0, 1.0, 1.175, 1.1818181818181819, 1.4705882352941178, 1.5, 1.5, 1.24, 3.3333333333333335, 1.25, 2.142857142857143, 1.7777777777777777, 1.1666666666666667, 1.1818181818181819, 1.0869565217391304, 1.0, 1.1428571428571428, 1.0, null, null, null], "today": [null, null, null, null, null, null, null, null, null, null, null, null, null, null, null, null, 1.0, null, null, null, null, null, null, null]}, "Bukit Ketri": {"baseline": [null, null, 1.0, null, 1.0, null, 1.1666666666666667, 1.0, 1.0, 1.6666666666666667, 1.2, 1.4444444444444444, 1.0, 1.9090909090909092, 1.0, 1.2222222222222223, 1.7, 1.1, 1.1, 1.4, 1.0, null, null, 1.0], "baseline_730": [null, null, 1.0, null, 1.0, null, 1.1666666666666667, 1.0, 1.0, 1.6666666666666667, 1.2, 1.4444444444444444, 1.0, 1.9090909090909092, 1.0, 1.2222222222222223, 1.7, 1.1, 1.1, 1.4, 1.0, null, null, 1.0], "today": [null, null, null, null, null, null, null, null, null, null, null, null, null, null, null, null, null, null, null, null, null, null, null, null]}, "Bukit Mertajam": {"baseline": [2.2222222222222223, 1.0714285714285714, 1.0, 1.3333333333333333, 1.21875, 2.5641025641025643, 5.151685393258427, 3.6882352941176473, 3.5274725274725274, 1.6634615384615385, 3.0246913580246915, 1.6785714285714286, 2.482269503546099, 1.9838709677419355, 2.925170068027211, 2.391025641025641, 2.636986301369863, 2.539568345323741, 2.6259541984732824, 2.8129496402877696, 1.7945205479452055, 3.372549019607843, 9.25, 1.509433962264151], "baseline_730": [2.2222222222222223, 1.0714285714285714, 1.0, 1.3333333333333333, 1.21875, 2.5641025641025643, 5.151685393258427, 3.6882352941176473, 3.5274725274725274, 1.6634615384615385, 3.0246913580246915, 1.6785714285714286, 2.482269503546099, 1.9838709677419355, 2.925170068027211, 2.391025641025641, 2.636986301369863, 2.539568345323741, 2.6259541984732824, 2.8129496402877696, 1.7945205479452055, 3.372549019607843, 9.25, 1.509433962264151], "today": [null, null, null, null, 1.0, 2.0, 7.0, 3.0, 3.0, 2.0, 5.0, null, null, null, 3.0, 2.0, 4.0, 1.0, 3.0, 1.0, 1.0, 3.0, null, null]}, "Bukit Tengah": {"baseline": [1.7142857142857142, 1.0, 1.0, 1.0, 1.0434782608695652, 3.527950310559006, 6.596774193548387, 3.8351648351648353, 2.4466666666666668, 1.375, 2.902439024390244, 2.0, 2.78343949044586, 1.64, 2.6573426573426575, 2.7682119205298013, 2.295774647887324, 2.828767123287671, 2.5342465753424657, 2.8187919463087248, 1.7457627118644068, 4.598837209302325, 7.25, 1.4090909090909092], "baseline_730": [1.7142857142857142, 1.0, 1.0, 1.0, 1.0434782608695652, 3.527950310559006, 6.596774193548387, 3.8351648351648353, 2.4466666666666668, 1.375, 2.902439024390244, 2.0, 2.78343949044586, 1.64, 2.6573426573426575, 2.7682119205298013, 2.295774647887324, 2.828767123287671, 2.5342465753424657, 2.8187919463087248, 1.7457627118644068, 4.598837209302325, 7.25, 1.4090909090909092], "today": [null, null, null, null, null, 5.0, 16.0, 4.0, 3.0, 1.0, 2.0, 2.0, 3.0, null, 3.0, 2.0, 1.0, 4.0, 3.0, 3.0, 2.0, 3.0, null, 1.0]}, "Butterworth": {"baseline": [1.8214285714285714, 1.5333333333333334, 1.0, 1.5, 1.3888888888888888, 2.5488721804511276, 4.838150289017341, 3.6627906976744184, 4.2897727272727275, 2.0427350427350426, 3.9943181818181817, 1.9849624060150375, 3.2208588957055215, 2.218390804597701, 3.6358024691358026, 2.88, 3.027027027027027, 3.0719424460431655, 2.7260273972602738, 2.8372093023255816, 1.6666666666666667, 2.3943661971830985, 5.5, 1.2745098039215685], "baseline_730": [1.8214285714285714, 1.5333333333333334, 1.0, 1.5, 1.3888888888888888, 2.5488721804511276, 4.838150289017341, 3.6627906976744184, 4.2897727272727275, 2.0427350427350426, 3.9943181818181817, 1.9849624060150375, 3.2208588957055215, 2.218390804597701, 3.6358024691358026, 2.88, 3.027027027027027, 3.0719424460431655, 2.7260273972602738, 2.8372093023255816, 1.6666666666666667, 2.3943661971830985, 5.5, 1.2745098039215685], "today": [null, null, null, null, null, 8.0, 6.0, 2.0, 4.0, null, null, 2.0, 1.0, 2.0, 5.0, 2.0, null, 4.0, null, 2.0, 2.0, 1.0, null, null]}, "Gurun": {"baseline": [1.0, 1.1428571428571428, 1.5, 1.0, 1.5, 1.3300970873786409, 2.8176100628930816, 1.9366197183098592, 1.65625, 1.5614035087719298, 1.7142857142857142, 1.7164179104477613, 1.9722222222222223, 1.9523809523809523, 3.5135135135135136, 2.759493670886076, 2.3173076923076925, 2.152173913043478, 1.7954545454545454, 1.3728813559322033, 1.3333333333333333, 1.6521739130434783, 1.5714285714285714, null], "baseline_730": [1.0, 1.1428571428571428, 1.5, 1.0, 1.5, 1.3300970873786409, 2.8176100628930816, 1.9366197183098592, 1.65625, 1.5614035087719298, 1.7142857142857142, 1.7164179104477613, 1.9722222222222223, 1.9523809523809523, 3.5135135135135136, 2.759493670886076, 2.3173076923076925, 2.152173913043478, 1.7954545454545454, 1.3728813559322033, 1.3333333333333333, 1.6521739130434783, 1.5714285714285714, null],