{"service": "komuter_utara", "origin": "Kodiang", "latest_date": "2026-07-03", "destinations": {"Alor Setar": {"baseline": [2.0714285714285716, 1.1666666666666667, 1.75, 1.0, 1.3333333333333333, 1.625, 3.033557046979866, 3.7948717948717947, 3.7662337662337664, 2.550561797752809, 5.517006802721088, 3.0384615384615383, 4.511111111111111, 2.5789473684210527, 4.153846153846154, 4.763358778625954, 3.5166666666666666, 3.0413793103448277, 1.7011494252873562, 1.9714285714285715, 1.3636363636363635, 1.36, 1.9375, null], "baseline_730": [2.0714285714285716, 1.1666666666666667, 1.75, 1.0, 1.3333333333333333, 1.625, 3.033557046979866, 3.7948717948717947, 3.7662337662337664, 2.550561797752809, 5.517006802721088, 3.0384615384615383, 4.511111111111111, 2.5789473684210527, 4.153846153846154, 4.763358778625954, 3.5166666666666666, 3.0413793103448277, 1.7011494252873562, 1.9714285714285715, 1.3636363636363635, 1.36, 1.9375, null], "today": [null, null, null, null, null, null, 7.0, 1.0, 2.0, null, 7.0, 1.0, 3.0, null, null, 3.0, 1.0, 1.0, 1.0, null, null, 1.0, null, null]}, "Anak Bukit": {"baseline": [1.0, 1.3333333333333333, 1.0, 1.0, 1.0, 1.125, 1.9767441860465116, 1.631578947368421, 1.6886792452830188, 1.162162162162162, 1.711111111111111, 1.4385964912280702, 1.7346938775510203, 1.2608695652173914, 2.15, 1.7258064516129032, 1.36, 1.5263157894736843, 1.5476190476190477, 1.9090909090909092, 1.0416666666666667, 1.5, 1.5, null], "baseline_730": [1.0, 1.3333333333333333, 1.0, 1.0, 1.0, 1.125, 1.9767441860465116, 1.631578947368421, 1.6886792452830188, 1.162162162162162, 1.711111111111111, 1.4385964912280702, 1.7346938775510203, 1.2608695652173914, 2.15, 1.7258064516129032, 1.36, 1.5263157894736843, 1.5476190476190477, 1.9090909090909092, 1.0416666666666667, 1.5, 1.5, null], "today": [null, null, null, null, null, null, null, 2.0, null, null, 1.0, null, null, null, 1.0, null, null, 3.0, null, null, null, null, null, null]}, "Arau": {"baseline": [1.0, null, null, null, null, 1.5, 1.3, 1.0909090909090908, 1.391304347826087, 1.368421052631579, 1.1428571428571428, 1.6346153846153846, 1.5714285714285714, 1.6956521739130435, 1.0, 1.565217391304348, 1.6458333333333333, 1.4583333333333333, 1.5714285714285714, 1.65, 1.0666666666666667, 1.0, 1.0, 1.0], "baseline_730": [1.0, null, null, null, null, 1.5, 1.3, 1.0909090909090908, 1.391304347826087, 1.368421052631579, 1.1428571428571428, 1.6346153846153846, 1.5714285714285714, 1.6956521739130435, 1.0, 1.565217391304348, 1.6458333333333333, 1.4583333333333333, 1.5714285714285714, 1.65, 1.0666666666666667, 1.0, 1.0, 1.0], "today": [null, null, null, null, null, null, null, null, null, null, null, null, null, null, null, null, null, null, null, null, null, null, null, null]}, "Bagan Serai": {"baseline": [3.0, null, 1.0, 1.0, 1.0, 1.131578947368421, 1.15, 1.4705882352941178, 1.4, 1.5, 1.2608695652173914, 3.3333333333333335, 1.2941176470588236, 2.1666666666666665, 1.8, 1.1875, 1.1935483870967742, 1.1, 1.0, 1.0, 1.0, null, null, null], "baseline_730": [3.0, null, 1.0, 1.0, 1.0, 1.131578947368421, 1.15, 1.4705882352941178, 1.4, 1.5, 1.2608695652173914, 3.3333333333333335, 1.2941176470588236, 2.1666666666666665, 1.8, 1.1875, 1.1935483870967742, 1.1, 1.0, 1.0, 1.0, null, null, null], "today": [null, null, null, null, null, 2.0, null, null, null, null, null, null, null, null, null, 1.0, null, null, null, null, null, null, null, null]}, "Bukit Ketri": {"baseline": [null, null, 1.0, null, 1.0, null, 1.1666666666666667, 1.0, 1.0, 1.2, 1.2, 1.5714285714285714, 1.0, 2.0, 1.0, 1.2222222222222223, 1.736842105263158, 1.1, 1.1111111111111112, 1.4, 1.0, null, null, 1.0], "baseline_730": [null, null, 1.0, null, 1.0, null, 1.1666666666666667, 1.0, 1.0, 1.2, 1.2, 1.5714285714285714, 1.0, 2.0, 1.0, 1.2222222222222223, 1.736842105263158, 1.1, 1.1111111111111112, 1.4, 1.0, null, null, 1.0], "today": [null, null, null, null, null, null, null, null, null, null, null, 1.0, null, null, null, null, null, null, null, null, null, null, null, null]}, "Bukit Mertajam": {"baseline": [2.8333333333333335, 1.0714285714285714, 1.0, 1.5, 1.25, 2.556338028169014, 5.0375, 3.7450980392156863, 3.56969696969697, 1.6923076923076923, 2.9863945578231292, 1.707070707070707, 2.552, 2.0, 2.7218045112781954, 2.370629370629371, 2.606060606060606, 2.5396825396825395, 2.6333333333333333, 2.725806451612903, 1.796875, 3.4676258992805757, 9.25, 1.5106382978723405], "baseline_730": [2.8333333333333335, 1.0714285714285714, 1.0, 1.5, 1.25, 2.556338028169014, 5.0375, 3.7450980392156863, 3.56969696969697, 1.6923076923076923, 2.9863945578231292, 1.707070707070707, 2.552, 2.0, 2.7218045112781954, 2.370629370629371, 2.606060606060606, 2.5396825396825395, 2.6333333333333333, 2.725806451612903, 1.796875, 3.4676258992805757, 9.25, 1.5106382978723405], "today": [null, null, null, null, 1.0, 4.0, 9.0, 5.0, 2.0, 1.0, null, 1.0, 1.0, 1.0, 2.0, null, 3.0, 2.0, 1.0, null, null, null, null, null]}, "Bukit Tengah": {"baseline": [1.8333333333333333, 1.0, 1.0, 1.0, 1.0454545454545454, 3.5724137931034483, 6.449101796407185, 3.8424242424242423, 2.414814814814815, 1.4036697247706422, 2.9517241379310346, 2.0225563909774436, 2.7902097902097904, 1.673913043478261, 2.546875, 2.8043478260869565, 2.267716535433071, 2.8421052631578947, 2.4885496183206106, 2.7293233082706765, 1.7047619047619047, 4.748387096774193, 7.25, 1.425], "baseline_730": [1.8333333333333333, 1.0, 1.0, 1.0, 1.0454545454545454, 3.5724137931034483, 6.449101796407185, 3.8424242424242423, 2.414814814814815, 1.4036697247706422, 2.9517241379310346, 2.0225563909774436, 2.7902097902097904, 1.673913043478261, 2.546875, 2.8043478260869565, 2.267716535433071, 2.8421052631578947, 2.4885496183206106, 2.7293233082706765, 1.7047619047619047, 4.748387096774193, 7.25, 1.425], "today": [null, null, null, null, null, 4.0, 10.0, 5.0, null, null, 4.0, 1.0, null, null, 3.0, 3.0, 2.0, null, 3.0, 2.0, null, 1.0, null, null]}, "Butterworth": {"baseline": [1.8076923076923077, 1.7272727272727273, 1.0, 1.5, 1.4375, 2.6083333333333334, 4.902597402597403, 3.675324675324675, 4.417721518987341, 2.0098039215686274, 3.981132075471698, 1.95, 3.3333333333333335, 2.275, 3.6621621621621623, 2.964028776978417, 2.9703703703703703, 3.097560975609756, 2.7142857142857144, 2.905982905982906, 1.5925925925925926, 2.4296875, 6.4, 1.2682926829268293], "baseline_730": [1.8076923076923077, 1.7272727272727273, 1.0, 1.5, 1.4375, 2.6083333333333334, 4.902597402597403, 3.675324675324675, 4.417721518987341, 2.0098039215686274, 3.981132075471698, 1.95, 3.3333333333333335, 2.275, 3.6621621621621623, 2.964028776978417, 2.9703703703703703, 3.097560975609756, 2.7142857142857144, 2.905982905982906, 1.5925925925925926, 2.4296875, 6.4, 1.2682926829268293], "today": [null, null, null, null, null, null, 7.0, 2.0, 8.0, 4.0, 5.0, 3.0, 1.0, 1.0, null, 1.0, null, 1.0, null, 2.0, 3.0, null, null, 1.0]}, "Gurun": {"baseline": [1.0, 1.2, 1.5, 1.0, 1.6666666666666667, 1.3636363636363635, 2.8333333333333335, 1.912, 1.6823529411764706, 1.5925925925925926, 1.6818181818181819, 1.734375, 1.9558823529411764, 2.054054054054054, 3.3484848484848486, 2.7464788732394365, 2.372340425531915, 2.1721311475409837, 1.791304347826087, 1.4313725490196079, 1.3333333333333333, 1.671641791044776, 1.5714285714285714, null], "baseline_730": [1.0, 1.2, 1.5, 1.0, 1.6666666666666667, 1.3636363636363635, 2.8333333333333335, 1.912, 1.6823529411764706, 1.5925925925925926, 1.6818181818181819, 1.734375, 1.9558823529411764, 2.054054054054054, 3.3484848484848486, 2.7464788732394365, 2.372340425531915, 2.1721311475409837, 1.791304347826087, 1.4313725490196079, 1.3333333333333333, 1.671641791044776, 1.5714285714285714, null], "today": [null, null, null, null, null, 1.0, 6.0, 1.0, 3.0, 1.0, 1.0, null, 1.0, null, null, 8.0, null, 1.0, null, 1.0, null, null, null, null]},