{"service": "komuter_utara", "origin": "Kodiang", "latest_date": "2026-07-01", "destinations": {"Alor Setar": {"baseline": [2.1538461538461537, 1.2, 1.75, 1.0, 1.0, 1.625, 3.0, 3.7987012987012987, 3.776315789473684, 2.5454545454545454, 5.558620689655172, 3.0310077519379846, 4.56390977443609, 2.546666666666667, 4.155038759689923, 4.7, 3.4152542372881354, 3.055944055944056, 1.7093023255813953, 1.9852941176470589, 1.375, 1.3673469387755102, 1.9375, null], "baseline_730": [2.1538461538461537, 1.2, 1.75, 1.0, 1.0, 1.625, 3.0, 3.7987012987012987, 3.776315789473684, 2.5454545454545454, 5.558620689655172, 3.0310077519379846, 4.56390977443609, 2.546666666666667, 4.155038759689923, 4.7, 3.4152542372881354, 3.055944055944056, 1.7093023255813953, 1.9852941176470589, 1.375, 1.3673469387755102, 1.9375, null], "today": [null, null, null, null, null, null, 3.0, 2.0, 1.0, null, 4.0, null, 1.0, null, null, null, 2.0, 2.0, null, 2.0, null, 1.0, null, null]}, "Anak Bukit": {"baseline": [1.0, 1.3333333333333333, 1.0, 1.0, 1.0, 1.1666666666666667, 1.968503937007874, 1.6451612903225807, 1.6826923076923077, 1.162162162162162, 1.711111111111111, 1.4363636363636363, 1.7346938775510203, 1.2727272727272727, 2.1186440677966103, 1.7258064516129032, 1.3061224489795917, 1.5263157894736843, 1.5476190476190477, 1.8837209302325582, 1.0434782608695652, 1.5, 1.5, null], "baseline_730": [1.0, 1.3333333333333333, 1.0, 1.0, 1.0, 1.1666666666666667, 1.968503937007874, 1.6451612903225807, 1.6826923076923077, 1.162162162162162, 1.711111111111111, 1.4363636363636363, 1.7346938775510203, 1.2727272727272727, 2.1186440677966103, 1.7258064516129032, 1.3061224489795917, 1.5263157894736843, 1.5476190476190477, 1.8837209302325582, 1.0434782608695652, 1.5, 1.5, null], "today": [null, null, null, null, null, 1.0, 2.0, 1.0, 2.0, null, null, 1.0, null, null, null, null, null, null, null, null, null, null, null, null]}, "Arau": {"baseline": [1.0, null, null, null, null, 1.5, 1.3, 1.0909090909090908, 1.4, 1.368421052631579, 1.1428571428571428, 1.6346153846153846, 1.5714285714285714, 1.6956521739130435, 1.0, 1.565217391304348, 1.6458333333333333, 1.4583333333333333, 1.5714285714285714, 1.65, 1.0666666666666667, 1.0, 1.0, 1.0], "baseline_730": [1.0, null, null, null, null, 1.5, 1.3, 1.0909090909090908, 1.4, 1.368421052631579, 1.1428571428571428, 1.6346153846153846, 1.5714285714285714, 1.6956521739130435, 1.0, 1.565217391304348, 1.6458333333333333, 1.4583333333333333, 1.5714285714285714, 1.65, 1.0666666666666667, 1.0, 1.0, 1.0], "today": [null, null, null, null, null, null, null, null, 1.0, null, null, null, null, null, null, null, null, null, null, null, null, null, null, null]}, "Bagan Serai": {"baseline": [3.0, null, 1.0, 1.0, 1.0, 1.131578947368421, 1.15, 1.4705882352941178, 1.4, 1.5, 1.2608695652173914, 3.3333333333333335, 1.2941176470588236, 2.1666666666666665, 1.8235294117647058, 1.1875, 1.2, 1.1, 1.0, 1.0, 1.0, null, null, null], "baseline_730": [3.0, null, 1.0, 1.0, 1.0, 1.131578947368421, 1.15, 1.4705882352941178, 1.4, 1.5, 1.2608695652173914, 3.3333333333333335, 1.2941176470588236, 2.1666666666666665, 1.8235294117647058, 1.1875, 1.2, 1.1, 1.0, 1.0, 1.0, null, null, null], "today": [null, null, null, null, null, null, null, null, null, null, null, null, null, null, 1.0, null, null, null, null, null, null, null, null, null]}, "Bukit Ketri": {"baseline": [null, null, 1.0, null, 1.0, null, 1.1666666666666667, 1.0, 1.0, 1.2, 1.2, 1.5714285714285714, 1.0, 1.7777777777777777, 1.0, 1.2222222222222223, 1.736842105263158, 1.1, 1.1111111111111112, 1.4, 1.0, null, null, 1.0], "baseline_730": [null, null, 1.0, null, 1.0, null, 1.1666666666666667, 1.0, 1.0, 1.2, 1.2, 1.5714285714285714, 1.0, 1.7777777777777777, 1.0, 1.2222222222222223, 1.736842105263158, 1.1, 1.1111111111111112, 1.4, 1.0, null, null, 1.0], "today": [null, null, null, null, null, null, null, null, null, null, null, null, null, null, null, null, null, null, null, null, null, null, null, null]}, "Bukit Mertajam": {"baseline": [2.8333333333333335, 1.0714285714285714, 1.0, 1.5, 1.2592592592592593, 2.55, 5.063291139240507, 3.7417218543046356, 3.5644171779141103, 1.6404494382022472, 2.9448275862068964, 1.7010309278350515, 2.5447154471544717, 1.830188679245283, 2.6742424242424243, 2.3404255319148937, 2.564885496183206, 2.556451612903226, 2.610169491525424, 2.707317073170732, 1.8225806451612903, 3.5036496350364965, 9.25, 1.5106382978723405], "baseline_730": [2.8333333333333335, 1.0714285714285714, 1.0, 1.5, 1.2592592592592593, 2.55, 5.063291139240507, 3.7417218543046356, 3.5644171779141103, 1.6404494382022472, 2.9448275862068964, 1.7010309278350515, 2.5447154471544717, 1.830188679245283, 2.6742424242424243, 2.3404255319148937, 2.564885496183206, 2.556451612903226, 2.610169491525424, 2.707317073170732, 1.8225806451612903, 3.5036496350364965, 9.25, 1.5106382978723405], "today": [null, null, null, null, null, 2.0, 3.0, 2.0, 2.0, 3.0, 1.0, 3.0, 5.0, null, null, 3.0, null, 1.0, 2.0, null, 1.0, 1.0, null, null]}, "Bukit Tengah": {"baseline": [1.9090909090909092, 1.0, 1.0, 1.0, 1.0454545454545454, 3.5524475524475525, 6.381818181818182, 3.8282208588957056, 2.4135338345864663, 1.4036697247706422, 2.9583333333333335, 2.0076335877862594, 2.8028169014084505, 1.673913043478261, 2.559055118110236, 2.823529411764706, 2.28, 2.854961832061069, 2.5, 2.7480916030534353, 1.7047619047619047, 4.738562091503268, 7.25, 1.425], "baseline_730": [1.9090909090909092, 1.0, 1.0, 1.0, 1.0454545454545454, 3.5524475524475525, 6.381818181818182, 3.8282208588957056, 2.4135338345864663, 1.4036697247706422, 2.9583333333333335, 2.0076335877862594, 2.8028169014084505, 1.673913043478261, 2.559055118110236, 2.823529411764706, 2.28, 2.854961832061069, 2.5, 2.7480916030534353, 1.7047619047619047, 4.738562091503268, 7.25, 1.425], "today": [null, null, null, null, null, 5.0, 13.0, 3.0, 1.0, null, null, 2.0, null, null, null, 2.0, 2.0, 3.0, 1.0, 1.0, null, 7.0, null, null]}, "Butterworth": {"baseline": [1.84, 1.7272727272727273, 1.0, 1.5, 1.4375, 2.6271186440677967, 4.940789473684211, 3.664473684210526, 4.42948717948718, 2.0098039215686274, 3.9808917197452227, 1.9579831932773109, 3.3286713286713288, 2.2658227848101267, 3.6462585034013606, 2.934306569343066, 2.970149253731343, 3.081967213114754, 2.7099236641221376, 2.9051724137931036, 1.5875, 2.4296875, 6.4, 1.25], "baseline_730": [1.84, 1.7272727272727273, 1.0, 1.5, 1.4375, 2.6271186440677967, 4.940789473684211, 3.664473684210526, 4.42948717948718, 2.0098039215686274, 3.9808917197452227, 1.9579831932773109, 3.3286713286713288, 2.2658227848101267, 3.6462585034013606, 2.934306569343066, 2.970149253731343, 3.081967213114754, 2.7099236641221376, 2.9051724137931036, 1.5875, 2.4296875, 6.4, 1.25], "today": [null, null, null, null, null, 1.0, 3.0, 4.0, 5.0, null, 5.0, 1.0, null, null, null, 4.0, null, null, 1.0, null, null, null, null, null]}, "Gurun": {"baseline": [1.0, 1.25, 1.5, 1.0, 1.6666666666666667, 1.372093023255814, 2.823943661971831, 1.8617886178861789, 1.6666666666666667, 1.6037735849056605, 1.671875, 1.746031746031746, 1.8805970149253732, 1.9166666666666667, 3.234375, 2.5, 2.3118279569892475, 2.1416666666666666, 1.8053097345132743, 1.4313725490196079, 1.35, 1.671641791044776, 1.5714285714285714, null], "baseline_730": [1.0, 1.25, 1.5, 1.0, 1.6666666666666667, 1.372093023255814, 2.823943661971831, 1.8617886178861789, 1.6666666666666667, 1.6037735849056605, 1.671875, 1.746031746031746, 1.8805970149253732, 1.9166666666666667, 3.234375, 2.5, 2.3118279569892475, 2.1416666666666666, 1.8053097345132743, 1.4313725490196079, 1.35, 1.671641791044776, 1.5714285714285714, null], "today": [null, null, null, null, null, 1.0, 1.0, 4.0, null, null, 2.0, null, null, null, 1.0, null, null, 3.0, 1.0, null, null, null, null, null]},