{"service": "komuter_utara", "origin": "Kodiang", "latest_date": "2026-06-21", "destinations": {"Alor Setar": {"baseline": [2.1538461538461537, 1.2, 1.75, 1.0, 1.0, 1.6666666666666667, 2.951388888888889, 3.7682119205298013, 3.791946308724832, 2.5402298850574714, 5.647887323943662, 3.0310077519379846, 4.56390977443609, 2.546666666666667, 4.1796875, 4.7, 3.4482758620689653, 3.0714285714285716, 1.6785714285714286, 2.015151515151515, 1.3870967741935485, 1.3333333333333333, 1.9375, null], "baseline_730": [2.1538461538461537, 1.2, 1.75, 1.0, 1.0, 1.6666666666666667, 2.951388888888889, 3.7682119205298013, 3.791946308724832, 2.5402298850574714, 5.647887323943662, 3.0310077519379846, 4.56390977443609, 2.546666666666667, 4.1796875, 4.7, 3.4482758620689653, 3.0714285714285716, 1.6785714285714286, 2.015151515151515, 1.3870967741935485, 1.3333333333333333, 1.9375, null], "today": [null, null, null, null, null, null, 4.0, 3.0, 1.0, 3.0, 2.0, null, null, null, null, null, 2.0, 1.0, 3.0, 1.0, null, 3.0, null, null]}, "Anak Bukit": {"baseline": [1.0, 1.3333333333333333, 1.0, 1.0, 1.0, 1.1666666666666667, 1.9596774193548387, 1.6444444444444444, 1.6633663366336633, 1.162162162162162, 1.711111111111111, 1.4363636363636363, 1.7346938775510203, 1.2857142857142858, 2.1379310344827585, 1.7377049180327868, 1.3061224489795917, 1.5454545454545454, 1.5609756097560976, 1.825, 1.0434782608695652, 1.5, 1.5, null], "baseline_730": [1.0, 1.3333333333333333, 1.0, 1.0, 1.0, 1.1666666666666667, 1.9596774193548387, 1.6444444444444444, 1.6633663366336633, 1.162162162162162, 1.711111111111111, 1.4363636363636363, 1.7346938775510203, 1.2857142857142858, 2.1379310344827585, 1.7377049180327868, 1.3061224489795917, 1.5454545454545454, 1.5609756097560976, 1.825, 1.0434782608695652, 1.5, 1.5, null], "today": [null, null, null, null, null, null, 3.0, 1.0, 4.0, null, null, null, null, null, null, 1.0, null, 1.0, 1.0, 2.0, null, null, null, null]}, "Arau": {"baseline": [1.0, null, null, null, null, 1.5, 1.263157894736842, 1.0909090909090908, 1.4090909090909092, 1.368421052631579, 1.1428571428571428, 1.6274509803921569, 1.6153846153846154, 1.7272727272727273, 1.0, 1.4545454545454546, 1.6170212765957446, 1.4583333333333333, 1.5714285714285714, 1.65, 1.0666666666666667, 1.0, 1.0, 1.0], "baseline_730": [1.0, null, null, null, null, 1.5, 1.263157894736842, 1.0909090909090908, 1.4090909090909092, 1.368421052631579, 1.1428571428571428, 1.6274509803921569, 1.6153846153846154, 1.7272727272727273, 1.0, 1.4545454545454546, 1.6170212765957446, 1.4583333333333333, 1.5714285714285714, 1.65, 1.0666666666666667, 1.0, 1.0, 1.0], "today": [null, null, null, null, null, null, null, null, 1.0, null, null, null, null, 1.0, null, 4.0, 3.0, null, null, null, null, null, null, null]}, "Bagan Serai": {"baseline": [3.0, null, 1.0, 1.0, 1.0, 1.131578947368421, 1.15, 1.4705882352941178, 1.4, 1.5, 1.2727272727272727, 3.3333333333333335, 1.3125, 2.4, 1.7878787878787878, 1.1875, 1.206896551724138, 1.1, 1.0, 1.0, 1.0, null, null, null], "baseline_730": [3.0, null, 1.0, 1.0, 1.0, 1.131578947368421, 1.15, 1.4705882352941178, 1.4, 1.5, 1.2727272727272727, 3.3333333333333335, 1.3125, 2.4, 1.7878787878787878, 1.1875, 1.206896551724138, 1.1, 1.0, 1.0, 1.0, null, null, null], "today": [null, null, null, null, null, null, null, null, null, null, null, null, 1.0, 1.0, 3.0, null, 1.0, null, 1.0, null, null, null, null, null]}, "Bukit Ketri": {"baseline": [null, null, 1.0, null, 1.0, null, 1.1666666666666667, 1.0, 1.0, 1.2, 1.2, 1.5714285714285714, 1.0, 1.7777777777777777, 1.0, 1.2222222222222223, 1.736842105263158, 1.1, 1.1111111111111112, 1.4, 1.0, null, null, 1.0], "baseline_730": [null, null, 1.0, null, 1.0, null, 1.1666666666666667, 1.0, 1.0, 1.2, 1.2, 1.5714285714285714, 1.0, 1.7777777777777777, 1.0, 1.2222222222222223, 1.736842105263158, 1.1, 1.1111111111111112, 1.4, 1.0, null, null, 1.0], "today": [null, null, null, null, null, null, null, null, null, null, null, null, null, null, null, null, null, null, null, null, null, null, null, null]}, "Bukit Mertajam": {"baseline": [2.8333333333333335, 1.0714285714285714, 1.0, 1.5, 1.2592592592592593, 2.5217391304347827, 5.04516129032258, 3.777027027027027, 3.5625, 1.6363636363636365, 2.958041958041958, 1.7052631578947368, 2.557377049180328, 1.830188679245283, 2.6666666666666665, 2.318840579710145, 2.6015625, 2.569105691056911, 2.643478260869565, 2.6416666666666666, 1.85, 3.5, 12.0, 1.5106382978723405], "baseline_730": [2.8333333333333335, 1.0714285714285714, 1.0, 1.5, 1.2592592592592593, 2.5217391304347827, 5.04516129032258, 3.777027027027027, 3.5625, 1.6363636363636365, 2.958041958041958, 1.7052631578947368, 2.557377049180328, 1.830188679245283, 2.6666666666666665, 2.318840579710145, 2.6015625, 2.569105691056911, 2.643478260869565, 2.6416666666666666, 1.85, 3.5, 12.0, 1.5106382978723405], "today": [null, null, null, null, null, null, 3.0, 1.0, 2.0, null, null, 1.0, 1.0, null, 4.0, 5.0, 1.0, 1.0, 2.0, 11.0, null, 7.0, null, null]}, "Bukit Tengah": {"baseline": [1.9090909090909092, 1.0, 1.0, 1.0, 1.0454545454545454, 3.5531914893617023, 6.314814814814815, 3.8375, 2.427480916030534, 1.4074074074074074, 2.971631205673759, 1.9921875, 2.820143884892086, 1.673913043478261, 2.56, 2.8059701492537314, 2.2868852459016393, 2.8384615384615386, 2.4881889763779528, 2.7421875, 1.6666666666666667, 4.673333333333333, 7.25, 1.4303797468354431], "baseline_730": [1.9090909090909092, 1.0, 1.0, 1.0, 1.0454545454545454, 3.5531914893617023, 6.314814814814815, 3.8375, 2.427480916030534, 1.4074074074074074, 2.971631205673759, 1.9921875, 2.820143884892086, 1.673913043478261, 2.56, 2.8059701492537314, 2.2868852459016393, 2.8384615384615386, 2.4881889763779528, 2.7421875, 1.6666666666666667, 4.673333333333333, 7.25, 1.4303797468354431], "today": [null, null, null, null, null, null, 4.0, 1.0, 2.0, null, 3.0, 1.0, 3.0, null, 3.0, 5.0, 2.0, 5.0, 6.0, 7.0, 4.0, 17.0, null, 1.0]}, "Butterworth": {"baseline": [1.84, 1.7272727272727273, 1.0, 1.5, 1.4375, 2.6379310344827585, 4.9865771812080535, 3.68, 4.42483660130719, 2.0098039215686274, 3.9805194805194803, 1.9572649572649572, 3.3642857142857143, 2.2435897435897436, 3.6482758620689655, 2.955223880597015, 2.962121212121212, 3.091666666666667, 2.71875, 2.920353982300885, 1.5714285714285714, 2.4173228346456694, 6.4, 1.2564102564102564], "baseline_730": [1.84, 1.7272727272727273, 1.0, 1.5, 1.4375, 2.6379310344827585, 4.9865771812080535, 3.68, 4.42483660130719, 2.0098039215686274, 3.9805194805194803, 1.9572649572649572, 3.3642857142857143, 2.2435897435897436, 3.6482758620689655, 2.955223880597015, 2.962121212121212, 3.091666666666667, 2.71875, 2.920353982300885, 1.5714285714285714, 2.4173228346456694, 6.4, 1.2564102564102564], "today": [null, null, null, null, null, null, 1.0, 2.0, 6.0, null, 6.0, 1.0, 1.0, 4.0, 4.0, 1.0, 6.0, 4.0, 3.0, 1.0, 2.0, 4.0, null, 1.0]}, "Gurun": {"baseline": [1.0, 1.25, 1.5, 1.0, 1.6666666666666667, 1.3764705882352941, 2.8345323741007196, 1.8666666666666667, 1.670731707317073, 1.5961538461538463, 1.6825396825396826, 1.7540983606557377, 1.878787878787879, 1.9166666666666667, 3.2698412698412698, 2.5, 2.3152173913043477, 2.1367521367521367, 1.8018018018018018, 1.4313725490196079, 1.35, 1.6515151515151516, 1.5714285714285714, null], "baseline_730": [1.0, 1.25, 1.5, 1.0, 1.6666666666666667, 1.3764705882352941, 2.8345323741007196, 1.8666666666666667, 1.670731707317073, 1.5961538461538463, 1.6825396825396826, 1.7540983606557377, 1.878787878787879, 1.9166666666666667, 3.2698412698412698, 2.5, 2.3152173913043477, 2.1367521367521367, 1.8018018018018018, 1.4313725490196079, 1.35, 1.6515151515151516, 1.5714285714285714, null], "today": [null, null, null, null, null, null, 3.0, 1.0, 1.0, null, 1.0, 1.0, null, null, null, null, 2.0, 3.0, null, null, null, 3.0, null, null]},