{"service": "komuter_utara", "origin": "Kodiang", "latest_date": "2026-07-05", "destinations": {"Alor Setar": {"baseline": [2.2, 1.1666666666666667, 1.75, 1.0, 1.3333333333333333, 1.5789473684210527, 3.0375, 3.7590361445783134, 3.7696969696969695, 2.5161290322580645, 5.6, 2.935251798561151, 4.4822695035460995, 2.6125, 4.130434782608695, 4.633093525179856, 3.448, 2.9545454545454546, 1.696629213483146, 1.92, 1.5, 1.3392857142857142, 1.9375, null], "baseline_730": [2.2, 1.1666666666666667, 1.75, 1.0, 1.3333333333333333, 1.5789473684210527, 3.0375, 3.7590361445783134, 3.7696969696969695, 2.5161290322580645, 5.6, 2.935251798561151, 4.4822695035460995, 2.6125, 4.130434782608695, 4.633093525179856, 3.448, 2.9545454545454546, 1.696629213483146, 1.92, 1.5, 1.3392857142857142, 1.9375, null], "today": [1.0, null, null, null, null, null, 2.0, 2.0, 2.0, null, 1.0, null, null, 2.0, 2.0, 6.0, null, 4.0, 1.0, null, 5.0, null, null, null]}, "Anak Bukit": {"baseline": [1.0, 1.3333333333333333, 1.0, 1.0, 1.0, 1.1, 1.9705882352941178, 1.6363636363636365, 1.7433628318584071, 1.1578947368421053, 1.64, 1.4285714285714286, 1.72, 1.25, 2.090909090909091, 1.71875, 1.36, 1.5245901639344261, 1.5476190476190477, 1.9411764705882353, 1.037037037037037, 1.5714285714285714, 1.4545454545454546, null], "baseline_730": [1.0, 1.3333333333333333, 1.0, 1.0, 1.0, 1.1, 1.9705882352941178, 1.6363636363636365, 1.7433628318584071, 1.1578947368421053, 1.64, 1.4285714285714286, 1.72, 1.25, 2.090909090909091, 1.71875, 1.36, 1.5245901639344261, 1.5476190476190477, 1.9411764705882353, 1.037037037037037, 1.5714285714285714, 1.4545454545454546, null], "today": [null, null, null, null, null, null, null, null, null, null, null, null, null, null, null, 1.0, null, null, null, 2.0, null, null, null, null]}, "Arau": {"baseline": [1.0, null, null, null, null, 1.5, 1.4090909090909092, 1.125, 1.3829787234042554, 1.380952380952381, 1.1333333333333333, 1.6226415094339623, 1.5714285714285714, 1.64, 1.125, 1.565217391304348, 1.6666666666666667, 1.4583333333333333, 1.5, 1.619047619047619, 1.0666666666666667, 1.0, 1.0, 1.0], "baseline_730": [1.0, null, null, null, null, 1.5, 1.4090909090909092, 1.125, 1.3829787234042554, 1.380952380952381, 1.1333333333333333, 1.6226415094339623, 1.5714285714285714, 1.64, 1.125, 1.565217391304348, 1.6666666666666667, 1.4583333333333333, 1.5, 1.619047619047619, 1.0666666666666667, 1.0, 1.0, 1.0], "today": [null, null, null, null, null, null, null, 1.0, null, 1.0, null, null, null, null, null, null, 1.0, 1.0, null, null, null, null, null, null]}, "Bagan Serai": {"baseline": [3.0, null, 1.0, 1.0, 1.0, 1.175, 1.1904761904761905, 1.4705882352941178, 1.4, 1.5, 1.25, 3.3333333333333335, 1.263157894736842, 2.142857142857143, 1.8, 1.1666666666666667, 1.1875, 1.0952380952380953, 1.0, 1.0, 1.0, null, null, null], "baseline_730": [3.0, null, 1.0, 1.0, 1.0, 1.175, 1.1904761904761905, 1.4705882352941178, 1.4, 1.5, 1.25, 3.3333333333333335, 1.263157894736842, 2.142857142857143, 1.8, 1.1666666666666667, 1.1875, 1.0952380952380953, 1.0, 1.0, 1.0, null, null, null], "today": [null, null, null, null, null, null, null, null, 2.0, null, null, null, null, null, null, null, 1.0, 1.0, null, null, null, null, null, null]}, "Bukit Ketri": {"baseline": [null, null, 1.0, null, 1.0, null, 1.1666666666666667, 1.0, 1.0, 1.2, 1.2, 1.5, 1.0, 1.9090909090909092, 1.0, 1.2222222222222223, 1.736842105263158, 1.1, 1.1, 1.4, 1.0, null, null, 1.0], "baseline_730": [null, null, 1.0, null, 1.0, null, 1.1666666666666667, 1.0, 1.0, 1.2, 1.2, 1.5, 1.0, 1.9090909090909092, 1.0, 1.2222222222222223, 1.736842105263158, 1.1, 1.1, 1.4, 1.0, null, null, 1.0], "today": [null, null, null, null, null, null, null, null, null, null, null, null, null, null, null, null, null, null, null, null, null, null, null, null]}, "Bukit Mertajam": {"baseline": [2.375, 1.0714285714285714, 1.0, 1.3333333333333333, 1.2333333333333334, 2.5657894736842106, 5.088235294117647, 3.7177914110429446, 3.5314285714285716, 1.683673469387755, 2.9871794871794872, 1.6857142857142857, 2.5037593984962405, 1.9655172413793103, 2.767605633802817, 2.38, 2.633093525179856, 2.5303030303030303, 2.611111111111111, 2.7518796992481205, 1.7681159420289856, 3.3767123287671232, 9.25, 1.530612244897959], "baseline_730": [2.375, 1.0714285714285714, 1.0, 1.3333333333333333, 1.2333333333333334, 2.5657894736842106, 5.088235294117647, 3.7177914110429446, 3.5314285714285716, 1.683673469387755, 2.9871794871794872, 1.6857142857142857, 2.5037593984962405, 1.9655172413793103, 2.767605633802817, 2.38, 2.633093525179856, 2.5303030303030303, 2.611111111111111, 2.7518796992481205, 1.7681159420289856, 3.3767123287671232, 9.25, 1.530612244897959], "today": [null, null, null, null, null, null, 7.0, null, 3.0, null, 5.0, 3.0, 2.0, 1.0, 6.0, 5.0, 5.0, 4.0, 5.0, 13.0, null, 6.0, null, 2.0]}, "Bukit Tengah": {"baseline": [1.8333333333333333, 1.0, 1.0, 1.0, 1.0434782608695652, 3.529032258064516, 6.449438202247191, 3.862857142857143, 2.4689655172413794, 1.382608695652174, 2.9294871794871793, 2.0, 2.776315789473684, 1.6595744680851063, 2.573529411764706, 2.8125, 2.2262773722627736, 2.8285714285714287, 2.4964028776978417, 2.7847222222222223, 1.7053571428571428, 4.618181818181818, 7.25, 1.4216867469879517], "baseline_730": [1.8333333333333333, 1.0, 1.0, 1.0, 1.0434782608695652, 3.529032258064516, 6.449438202247191, 3.862857142857143, 2.4689655172413794, 1.382608695652174, 2.9294871794871793, 2.0, 2.776315789473684, 1.6595744680851063, 2.573529411764706, 2.8125, 2.2262773722627736, 2.8285714285714287, 2.4964028776978417, 2.7847222222222223, 1.7053571428571428, 4.618181818181818, 7.25, 1.4216867469879517], "today": [null, null, null, null, null, null, 5.0, 1.0, 4.0, null, 4.0, null, null, 1.0, 7.0, 1.0, 5.0, 5.0, 9.0, 7.0, 5.0, 6.0, null, 1.0]}, "Butterworth": {"baseline": [1.8214285714285714, 1.6153846153846154, 1.0, 1.5, 1.3888888888888888, 2.5703125, 4.890909090909091, 3.701219512195122, 4.357142857142857, 2.0720720720720722, 3.923076923076923, 1.9612403100775193, 3.2774193548387096, 2.235294117647059, 3.632258064516129, 2.924137931034483, 3.021276595744681, 3.0454545454545454, 2.7246376811594204, 2.8780487804878048, 1.6235294117647059, 2.414814814814815, 5.5, 1.297872340425532], "baseline_730": [1.8214285714285714, 1.6153846153846154, 1.0, 1.5, 1.3888888888888888, 2.5703125, 4.890909090909091, 3.701219512195122, 4.357142857142857, 2.0720720720720722, 3.923076923076923, 1.9612403100775193, 3.2774193548387096, 2.235294117647059, 3.632258064516129, 2.924137931034483, 3.021276595744681, 3.0454545454545454, 2.7246376811594204, 2.8780487804878048, 1.6235294117647059, 2.414814814814815, 5.5, 1.297872340425532], "today": [null, null, null, null, null, null, 2.0, 7.0, 2.0, 2.0, 15.0, 3.0, 1.0, null, 3.0, null, 6.0, 9.0, 3.0, 2.0, 5.0, 2.0, null, null]}, "Gurun": {"baseline": [1.0, 1.1666666666666667, 1.5, 1.0, 1.5, 1.3402061855670102, 2.861842105263158, 1.9037037037037037, 1.6813186813186813, 1.5614035087719298, 1.6805555555555556, 1.7272727272727273, 1.9859154929577465, 2.0256410256410255, 3.3661971830985915, 2.7866666666666666, 2.313131313131313, 2.169230769230769, 1.792, 1.3928571428571428, 1.3636363636363635, 1.671641791044776, 1.5714285714285714, null], "baseline_730": [1.0, 1.1666666666666667, 1.5, 1.0, 1.5, 1.3402061855670102, 2.861842105263158, 1.9037037037037037, 1.6813186813186813, 1.5614035087719298, 1.6805555555555556, 1.7272727272727273, 1.9859154929577465, 2.0256410256410255, 3.3661971830985915, 2.7866666666666666, 2.313131313131313, 2.169230769230769, 1.792, 1.3928571428571428, 1.3636363636363635, 1.671641791044776, 1.5714285714285714, null], "today": [null, null, null, null, null, null, 4.0, null, 1.0, null, 1.0, null, 1.0, null, 2.0, null, 3.0, 2.0, 2.0, 1.0, null, 1.0, null, null]},