{"service": "komuter_utara", "origin": "Kodiang", "latest_date": "2026-07-06", "destinations": {"Alor Setar": {"baseline": [2.125, 1.1666666666666667, 1.75, 1.0, 1.3333333333333333, 1.5789473684210527, 3.031055900621118, 3.748502994011976, 3.7590361445783134, 2.5161290322580645, 5.57051282051282, 2.935251798561151, 4.4822695035460995, 2.6049382716049383, 4.115107913669065, 4.642857142857143, 3.448, 2.9612903225806453, 1.6888888888888889, 1.92, 1.5945945945945945, 1.3392857142857142, 1.9375, null], "baseline_730": [2.125, 1.1666666666666667, 1.75, 1.0, 1.3333333333333333, 1.5789473684210527, 3.031055900621118, 3.748502994011976, 3.7590361445783134, 2.5161290322580645, 5.57051282051282, 2.935251798561151, 4.4822695035460995, 2.6049382716049383, 4.115107913669065, 4.642857142857143, 3.448, 2.9612903225806453, 1.6888888888888889, 1.92, 1.5945945945945945, 1.3392857142857142, 1.9375, null], "today": [null, null, null, null, null, null, 4.0, 3.0, 3.0, null, 2.0, null, 1.0, 1.0, 2.0, null, null, 1.0, null, null, null, null, null, null]}, "Anak Bukit": {"baseline": [1.0, 1.3333333333333333, 1.0, 1.0, 1.0, 1.1, 1.9705882352941178, 1.6363636363636365, 1.7433628318584071, 1.1578947368421053, 1.64, 1.4285714285714286, 1.72, 1.25, 2.090909090909091, 1.7076923076923076, 1.36, 1.5245901639344261, 1.5476190476190477, 1.9423076923076923, 1.037037037037037, 1.5714285714285714, 1.4545454545454546, null], "baseline_730": [1.0, 1.3333333333333333, 1.0, 1.0, 1.0, 1.1, 1.9705882352941178, 1.6363636363636365, 1.7433628318584071, 1.1578947368421053, 1.64, 1.4285714285714286, 1.72, 1.25, 2.090909090909091, 1.7076923076923076, 1.36, 1.5245901639344261, 1.5476190476190477, 1.9423076923076923, 1.037037037037037, 1.5714285714285714, 1.4545454545454546, null], "today": [null, null, null, null, null, null, null, 3.0, null, null, null, null, null, null, 1.0, null, null, 1.0, null, 3.0, null, null, null, null]}, "Arau": {"baseline": [1.0, null, null, null, null, 1.5, 1.4090909090909092, 1.12, 1.3829787234042554, 1.3636363636363635, 1.1333333333333333, 1.6226415094339623, 1.5714285714285714, 1.64, 1.125, 1.565217391304348, 1.6538461538461537, 1.44, 1.5, 1.619047619047619, 1.0666666666666667, 1.0, 1.0, 1.0], "baseline_730": [1.0, null, null, null, null, 1.5, 1.4090909090909092, 1.12, 1.3829787234042554, 1.3636363636363635, 1.1333333333333333, 1.6226415094339623, 1.5714285714285714, 1.64, 1.125, 1.565217391304348, 1.6538461538461537, 1.44, 1.5, 1.619047619047619, 1.0666666666666667, 1.0, 1.0, 1.0], "today": [null, null, null, null, null, null, null, null, null, null, null, null, null, null, null, null, null, null, null, null, null, null, null, null]}, "Bagan Serai": {"baseline": [3.0, null, 1.0, 1.0, 1.0, 1.175, 1.1904761904761905, 1.4705882352941178, 1.5, 1.5, 1.25, 3.3333333333333335, 1.263157894736842, 2.142857142857143, 1.8, 1.1666666666666667, 1.1818181818181819, 1.0909090909090908, 1.0, 1.0, 1.0, null, null, null], "baseline_730": [3.0, null, 1.0, 1.0, 1.0, 1.175, 1.1904761904761905, 1.4705882352941178, 1.5, 1.5, 1.25, 3.3333333333333335, 1.263157894736842, 2.142857142857143, 1.8, 1.1666666666666667, 1.1818181818181819, 1.0909090909090908, 1.0, 1.0, 1.0, null, null, null], "today": [null, null, null, null, null, null, null, null, null, null, null, null, 1.0, null, null, null, null, null, null, null, null, null, null, null]}, "Bukit Ketri": {"baseline": [null, null, 1.0, null, 1.0, null, 1.1666666666666667, 1.0, 1.0, 1.2, 1.2, 1.5, 1.0, 1.9090909090909092, 1.0, 1.2222222222222223, 1.736842105263158, 1.1, 1.1, 1.4, 1.0, null, null, 1.0], "baseline_730": [null, null, 1.0, null, 1.0, null, 1.1666666666666667, 1.0, 1.0, 1.2, 1.2, 1.5, 1.0, 1.9090909090909092, 1.0, 1.2222222222222223, 1.736842105263158, 1.1, 1.1, 1.4, 1.0, null, null, 1.0], "today": [null, null, null, null, null, null, null, null, null, null, null, null, null, null, null, null, null, null, null, null, null, null, null, null]}, "Bukit Mertajam": {"baseline": [2.375, 1.0714285714285714, 1.0, 1.3333333333333333, 1.2333333333333334, 2.5657894736842106, 5.099415204678363, 3.7177914110429446, 3.528409090909091, 1.683673469387755, 3.0, 1.6981132075471699, 2.5, 1.9491525423728813, 2.7902097902097904, 2.3973509933774833, 2.65, 2.5413533834586466, 2.62992125984252, 2.828358208955224, 1.7681159420289856, 3.3945578231292517, 9.25, 1.54], "baseline_730": [2.375, 1.0714285714285714, 1.0, 1.3333333333333333, 1.2333333333333334, 2.5657894736842106, 5.099415204678363, 3.7177914110429446, 3.528409090909091, 1.683673469387755, 3.0, 1.6981132075471699, 2.5, 1.9491525423728813, 2.7902097902097904, 2.3973509933774833, 2.65, 2.5413533834586466, 2.62992125984252, 2.828358208955224, 1.7681159420289856, 3.3945578231292517, 9.25, 1.54], "today": [1.0, null, null, null, null, 4.0, 10.0, 3.0, 4.0, 2.0, 7.0, 1.0, 2.0, null, null, 1.0, null, 1.0, null, 2.0, 1.0, 3.0, null, null]}, "Bukit Tengah": {"baseline": [1.8333333333333333, 1.0, 1.0, 1.0, 1.0434782608695652, 3.529032258064516, 6.441340782122905, 3.846590909090909, 2.4794520547945207, 1.382608695652174, 2.9363057324840764, 2.0, 2.776315789473684, 1.6458333333333333, 2.605839416058394, 2.8, 2.246376811594203, 2.8439716312056738, 2.5428571428571427, 2.8137931034482757, 1.7345132743362832, 4.626506024096385, 7.25, 1.4166666666666667], "baseline_730": [1.8333333333333333, 1.0, 1.0, 1.0, 1.0434782608695652, 3.529032258064516, 6.441340782122905, 3.846590909090909, 2.4794520547945207, 1.382608695652174, 2.9363057324840764, 2.0, 2.776315789473684, 1.6458333333333333, 2.605839416058394, 2.8, 2.246376811594203, 2.8439716312056738, 2.5428571428571427, 2.8137931034482757, 1.7345132743362832, 4.626506024096385, 7.25, 1.4166666666666667], "today": [null, null, null, null, null, 5.0, 18.0, 6.0, 2.0, 1.0, 2.0, 1.0, 4.0, null, 1.0, 2.0, 4.0, 2.0, 2.0, null, 1.0, 3.0, null, null]}, "Butterworth": {"baseline": [1.8214285714285714, 1.6153846153846154, 1.0, 1.5, 1.3888888888888888, 2.5703125, 4.873493975903615, 3.721212121212121, 4.34319526627219, 2.0714285714285716, 3.988235294117647, 1.9692307692307693, 3.2628205128205128, 2.235294117647059, 3.628205128205128, 2.924137931034483, 3.0422535211267605, 3.0902255639097747, 2.726618705035971, 2.870967741935484, 1.6627906976744187, 2.411764705882353, 5.5, 1.297872340425532], "baseline_730": [1.8214285714285714, 1.6153846153846154, 1.0, 1.5, 1.3888888888888888, 2.5703125, 4.873493975903615, 3.721212121212121, 4.34319526627219, 2.0714285714285716, 3.988235294117647, 1.9692307692307693, 3.2628205128205128, 2.235294117647059, 3.628205128205128, 2.924137931034483, 3.0422535211267605, 3.0902255639097747, 2.726618705035971, 2.870967741935484, 1.6627906976744187, 2.411764705882353, 5.5, 1.297872340425532], "today": [null, null, null, null, null, 2.0, 11.0, 2.0, 2.0, 1.0, 4.0, null, 2.0, null, null, 2.0, 4.0, 1.0, 1.0, 2.0, 1.0, 5.0, null, null]}, "Gurun": {"baseline": [1.0, 1.1666666666666667, 1.5, 1.0, 1.5, 1.3402061855670102, 2.869281045751634, 1.9037037037037037, 1.673913043478261, 1.5614035087719298, 1.6712328767123288, 1.7272727272727273, 1.9722222222222223, 2.0256410256410255, 3.3472222222222223, 2.7866666666666666, 2.32, 2.16793893129771, 1.7936507936507937, 1.3859649122807018, 1.3636363636363635, 1.661764705882353, 1.5714285714285714, null], "baseline_730": [1.0, 1.1666666666666667, 1.5, 1.0, 1.5, 1.3402061855670102, 2.869281045751634, 1.9037037037037037, 1.673913043478261, 1.5614035087719298, 1.6712328767123288, 1.7272727272727273, 1.9722222222222223, 2.0256410256410255, 3.3472222222222223, 2.7866666666666666, 2.32, 2.16793893129771, 1.7936507936507937, 1.3859649122807018, 1.3636363636363635, 1.661764705882353, 1.5714285714285714, null], "today": [null, null, null, null, null, null, 2.0, 2.0, 1.0, null, 1.0, 1.0, null, null, null, null, 2.0, 1.0, 2.0, 1.0, 1.0, null, null, null]},