{"service": "komuter_utara", "origin": "Kodiang", "latest_date": "2026-07-10", "destinations": {"Alor Setar": {"baseline": [2.125, 1.1666666666666667, 1.75, 1.0, 1.3333333333333333, 1.5714285714285714, 3.0484848484848484, 3.736842105263158, 3.735294117647059, 2.5, 5.518987341772152, 2.9285714285714284, 4.409722222222222, 2.5833333333333335, 4.077464788732394, 4.615384615384615, 3.4285714285714284, 2.930379746835443, 1.6813186813186813, 1.92, 1.5945945945945945, 1.3392857142857142, 1.9375, null], "baseline_730": [2.125, 1.1666666666666667, 1.75, 1.0, 1.3333333333333333, 1.5714285714285714, 3.0484848484848484, 3.736842105263158, 3.735294117647059, 2.5, 5.518987341772152, 2.9285714285714284, 4.409722222222222, 2.5833333333333335, 4.077464788732394, 4.615384615384615, 3.4285714285714284, 2.930379746835443, 1.6813186813186813, 1.92, 1.5945945945945945, 1.3392857142857142, 1.9375, null], "today": [null, null, null, null, null, null, 5.0, 4.0, 11.0, 7.0, 3.0, 4.0, 9.0, null, 5.0, 3.0, null, 1.0, 2.0, null, null, null, null, null]}, "Anak Bukit": {"baseline": [1.0, 1.3333333333333333, 1.0, 1.0, 1.0, 1.1, 1.985611510791367, 1.6732673267326732, 1.75, 1.1538461538461537, 1.64, 1.421875, 1.72, 1.28, 2.0588235294117645, 1.6865671641791045, 1.3529411764705883, 1.5873015873015872, 1.5476190476190477, 2.017857142857143, 1.0357142857142858, 1.5714285714285714, 1.4545454545454546, null], "baseline_730": [1.0, 1.3333333333333333, 1.0, 1.0, 1.0, 1.1, 1.985611510791367, 1.6732673267326732, 1.75, 1.1538461538461537, 1.64, 1.421875, 1.72, 1.28, 2.0588235294117645, 1.6865671641791045, 1.3529411764705883, 1.5873015873015872, 1.5476190476190477, 2.017857142857143, 1.0357142857142858, 1.5714285714285714, 1.4545454545454546, null], "today": [null, null, null, null, null, null, 1.0, null, 1.0, null, null, 2.0, null, 1.0, 1.0, null, null, 1.0, null, null, null, null, 1.0, null]}, "Arau": {"baseline": [1.0, null, null, null, null, 1.5, 1.391304347826087, 1.1153846153846154, 1.3829787234042554, 1.3636363636363635, 1.1333333333333333, 1.6226415094339623, 1.5714285714285714, 1.64, 1.125, 1.565217391304348, 1.6538461538461537, 1.44, 1.5, 1.619047619047619, 1.0666666666666667, 1.0, 1.0, 1.0], "baseline_730": [1.0, null, null, null, null, 1.5, 1.391304347826087, 1.1153846153846154, 1.3829787234042554, 1.3636363636363635, 1.1333333333333333, 1.6226415094339623, 1.5714285714285714, 1.64, 1.125, 1.565217391304348, 1.6538461538461537, 1.44, 1.5, 1.619047619047619, 1.0666666666666667, 1.0, 1.0, 1.0], "today": [null, null, null, null, null, null, 1.0, null, null, null, null, null, null, null, null, null, 1.0, null, 4.0, 1.0, null, null, null, null]}, "Bagan Serai": {"baseline": [3.0, null, 1.0, 1.0, 1.0, 1.175, 1.1818181818181819, 1.4705882352941178, 1.5, 1.5, 1.25, 3.3333333333333335, 1.25, 2.142857142857143, 1.7777777777777777, 1.1666666666666667, 1.1818181818181819, 1.0909090909090908, 1.0, 1.0, 1.0, null, null, null], "baseline_730": [3.0, null, 1.0, 1.0, 1.0, 1.175, 1.1818181818181819, 1.4705882352941178, 1.5, 1.5, 1.25, 3.3333333333333335, 1.25, 2.142857142857143, 1.7777777777777777, 1.1666666666666667, 1.1818181818181819, 1.0909090909090908, 1.0, 1.0, 1.0, null, null, null], "today": [null, null, null, null, null, null, null, null, null, null, 1.0, null, null, null, null, null, null, null, null, 2.0, null, null, null, null]}, "Bukit Ketri": {"baseline": [null, null, 1.0, null, 1.0, null, 1.1666666666666667, 1.0, 1.0, 1.2, 1.2, 1.5, 1.0, 1.9090909090909092, 1.0, 1.2222222222222223, 1.736842105263158, 1.1, 1.1, 1.4, 1.0, null, null, 1.0], "baseline_730": [null, null, 1.0, null, 1.0, null, 1.1666666666666667, 1.0, 1.0, 1.2, 1.2, 1.5, 1.0, 1.9090909090909092, 1.0, 1.2222222222222223, 1.736842105263158, 1.1, 1.1, 1.4, 1.0, null, null, 1.0], "today": [null, null, null, null, null, null, null, null, 1.0, 4.0, null, 1.0, null, null, null, null, null, null, null, null, null, null, null, null]}, "Bukit Mertajam": {"baseline": [2.2222222222222223, 1.0714285714285714, 1.0, 1.3333333333333333, 1.2258064516129032, 2.5641025641025643, 5.148571428571429, 3.6766467065868262, 3.5388888888888888, 1.6732673267326732, 3.0251572327044025, 1.6788990825688073, 2.471014492753623, 2.0166666666666666, 2.8689655172413793, 2.392156862745098, 2.6363636363636362, 2.5036496350364965, 2.612403100775194, 2.8088235294117645, 1.7605633802816902, 3.3666666666666667, 9.25, 1.5192307692307692], "baseline_730": [2.2222222222222223, 1.0714285714285714, 1.0, 1.3333333333333333, 1.2258064516129032, 2.5641025641025643, 5.148571428571429, 3.6766467065868262, 3.5388888888888888, 1.6732673267326732, 3.0251572327044025, 1.6788990825688073, 2.471014492753623, 2.0166666666666666, 2.8689655172413793, 2.392156862745098, 2.6363636363636362, 2.5036496350364965, 2.612403100775194, 2.8088235294117645, 1.7605633802816902, 3.3666666666666667, 9.25, 1.5192307692307692], "today": [null, null, null, null, 1.0, null, 7.0, 7.0, 4.0, 2.0, 5.0, 2.0, 2.0, 1.0, 7.0, 3.0, 3.0, 1.0, 3.0, 1.0, 2.0, 2.0, null, null]}, "Bukit Tengah": {"baseline": [1.7142857142857142, 1.0, 1.0, 1.0, 1.0434782608695652, 3.5283018867924527, 6.573770491803279, 3.838888888888889, 2.4563758389261743, 1.3781512605042017, 2.919254658385093, 2.006802721088435, 2.767741935483871, 1.6458333333333333, 2.6142857142857143, 2.7837837837837838, 2.2836879432624113, 2.8125, 2.5416666666666665, 2.8013698630136985, 1.7304347826086957, 4.570588235294117, 7.25, 1.4186046511627908], "baseline_730": [1.7142857142857142, 1.0, 1.0, 1.0, 1.0434782608695652, 3.5283018867924527, 6.573770491803279, 3.838888888888889, 2.4563758389261743, 1.3781512605042017, 2.919254658385093, 2.006802721088435, 2.767741935483871, 1.6458333333333333, 2.6142857142857143, 2.7837837837837838, 2.2836879432624113, 2.8125, 2.5416666666666665, 2.8013698630136985, 1.7304347826086957, 4.570588235294117, 7.25, 1.4186046511627908], "today": [null, null, null, null, null, 6.0, 9.0, 4.0, 1.0, 1.0, 2.0, 1.0, null, 1.0, 4.0, 1.0, null, null, 1.0, 3.0, 1.0, 1.0, null, 1.0]}, "Butterworth": {"baseline": [1.8214285714285714, 1.5714285714285714, 1.0, 1.5, 1.3888888888888888, 2.5606060606060606, 4.894117647058824, 3.6863905325443787, 4.329479768786127, 2.0521739130434784, 3.9710982658959537, 1.9694656488549618, 3.21875, 2.2325581395348837, 3.6352201257861636, 2.9047619047619047, 3.0344827586206895, 3.0364963503649633, 2.727272727272727, 2.8346456692913384, 1.6404494382022472, 2.4244604316546763, 5.5, 1.2857142857142858], "baseline_730": [1.8214285714285714, 1.5714285714285714, 1.0, 1.5, 1.3888888888888888, 2.5606060606060606, 4.894117647058824, 3.6863905325443787, 4.329479768786127, 2.0521739130434784, 3.9710982658959537, 1.9694656488549618, 3.21875, 2.2325581395348837, 3.6352201257861636, 2.9047619047619047, 3.0344827586206895, 3.0364963503649633, 2.727272727272727, 2.8346456692913384, 1.6404494382022472, 2.4244604316546763, 5.5, 1.2857142857142858], "today": [null, null, null, null, null, 1.0, 1.0, 4.0, 2.0, 2.0, 2.0, null, 8.0, 1.0, 3.0, 3.0, 3.0, 5.0, 3.0, 4.0, 4.0, 1.0, null, null]}, "Gurun": {"baseline": [1.0, 1.1666666666666667, 1.5, 1.0, 1.5, 1.33, 2.8343949044585988, 1.9424460431654675, 1.6526315789473685, 1.5614035087719298, 1.6666666666666667, 1.7164179104477613, 1.9722222222222223, 1.975609756097561, 3.5135135135135136, 2.8051948051948052, 2.3300970873786406, 2.162962962962963, 1.8, 1.3793103448275863, 1.3478260869565217, 1.6521739130434783, 1.5714285714285714, null], "baseline_730": [1.0, 1.1666666666666667, 1.5, 1.0, 1.5, 1.33, 2.8343949044585988, 1.9424460431654675, 1.6526315789473685, 1.5614035087719298, 1.6666666666666667, 1.7164179104477613, 1.9722222222222223, 1.975609756097561, 3.5135135135135136, 2.8051948051948052, 2.3300970873786406, 2.162962962962963, 1.8, 1.3793103448275863, 1.3478260869565217, 1.6521739130434783, 1.5714285714285714, null], "today": [null, null, null, null, null, 1.0, null, 2.0, null, null, null, null, null, null, null, 1.0, null, 1.0, 2.0, null, 1.0, null, null, null]},