{"service": "komuter_utara", "origin": "Kodiang", "latest_date": "2026-07-23", "destinations": {"Alor Setar": {"baseline": [2.125, 1.1666666666666667, 1.75, 1.0, 1.3333333333333333, 1.5714285714285714, 3.070588235294118, 3.6836158192090394, 3.784090909090909, 2.505050505050505, 5.444444444444445, 2.9097222222222223, 4.4353741496598635, 2.5764705882352943, 4.0479452054794525, 4.513513513513513, 3.390625, 2.8944099378881987, 1.6702127659574468, 1.9, 1.5945945945945945, 1.3508771929824561, 1.9375, 1.0], "baseline_730": [2.125, 1.1666666666666667, 1.75, 1.0, 1.3333333333333333, 1.5714285714285714, 3.070588235294118, 3.6836158192090394, 3.784090909090909, 2.505050505050505, 5.444444444444445, 2.9097222222222223, 4.4353741496598635, 2.5764705882352943, 4.0479452054794525, 4.513513513513513, 3.390625, 2.8944099378881987, 1.6702127659574468, 1.9, 1.5945945945945945, 1.3508771929824561, 1.9375, 1.0], "today": [null, null, null, null, null, 2.0, 5.0, 3.0, 3.0, 4.0, null, 3.0, 2.0, 5.0, 13.0, 9.0, 2.0, 2.0, 2.0, 1.0, null, null, null, null]}, "Anak Bukit": {"baseline": [1.0, 1.3333333333333333, 1.0, 1.0, 1.0, 1.0909090909090908, 1.993103448275862, 1.6666666666666667, 1.7950819672131149, 1.1538461538461537, 1.6274509803921569, 1.4393939393939394, 1.7058823529411764, 1.2692307692307692, 2.028169014084507, 1.6666666666666667, 1.3653846153846154, 1.578125, 1.5348837209302326, 1.9833333333333334, 1.0357142857142858, 1.5714285714285714, 1.3846153846153846, null], "baseline_730": [1.0, 1.3333333333333333, 1.0, 1.0, 1.0, 1.0909090909090908, 1.993103448275862, 1.6666666666666667, 1.7950819672131149, 1.1538461538461537, 1.6274509803921569, 1.4393939393939394, 1.7058823529411764, 1.2692307692307692, 2.028169014084507, 1.6666666666666667, 1.3653846153846154, 1.578125, 1.5348837209302326, 1.9833333333333334, 1.0357142857142858, 1.5714285714285714, 1.3846153846153846, null], "today": [null, null, null, null, null, 1.0, 4.0, null, 3.0, 1.0, null, null, 1.0, 1.0, 7.0, 1.0, 2.0, 2.0, null, null, null, null, null, null]}, "Arau": {"baseline": [1.0, null, null, null, null, 1.5, 1.375, 1.1153846153846154, 1.375, 1.3478260869565217, 1.125, 1.6226415094339623, 1.5714285714285714, 1.64, 1.1176470588235294, 1.5384615384615385, 1.6181818181818182, 1.4230769230769231, 1.5769230769230769, 1.5909090909090908, 1.0666666666666667, 1.0, 1.0, 1.0], "baseline_730": [1.0, null, null, null, null, 1.5, 1.375, 1.1153846153846154, 1.375, 1.3478260869565217, 1.125, 1.6226415094339623, 1.5714285714285714, 1.64, 1.1176470588235294, 1.5384615384615385, 1.6181818181818182, 1.4230769230769231, 1.5769230769230769, 1.5909090909090908, 1.0666666666666667, 1.0, 1.0, 1.0], "today": [null, null, null, null, null, null, null, null, null, null, null, null, null, null, null, null, null, null, null, null, null, null, 1.0, null]}, "Bagan Serai": {"baseline": [3.0, null, 1.0, 1.0, 1.0, 1.175, 1.1818181818181819, 1.4705882352941178, 1.4285714285714286, 1.5, 1.24, 3.3333333333333335, 1.2380952380952381, 2.142857142857143, 1.7567567567567568, 1.1666666666666667, 1.1764705882352942, 1.0833333333333333, 1.0, 1.1428571428571428, 1.0, null, null, null], "baseline_730": [3.0, null, 1.0, 1.0, 1.0, 1.175, 1.1818181818181819, 1.4705882352941178, 1.4285714285714286, 1.5, 1.24, 3.3333333333333335, 1.2380952380952381, 2.142857142857143, 1.7567567567567568, 1.1666666666666667, 1.1764705882352942, 1.0833333333333333, 1.0, 1.1428571428571428, 1.0, null, null, null], "today": [null, null, null, null, null, null, 1.0, null, null, null, null, null, null, null, null, null, null, null, null, null, null, null, null, null]}, "Bukit Ketri": {"baseline": [null, null, 1.0, null, 1.0, null, 1.1666666666666667, 1.0, 1.0, 1.6666666666666667, 1.2, 1.4444444444444444, 1.0, 1.9166666666666667, 1.0, 1.2222222222222223, 1.7, 1.1, 1.1, 1.4, 1.0, null, null, 1.0], "baseline_730": [null, null, 1.0, null, 1.0, null, 1.1666666666666667, 1.0, 1.0, 1.6666666666666667, 1.2, 1.4444444444444444, 1.0, 1.9166666666666667, 1.0, 1.2222222222222223, 1.7, 1.1, 1.1, 1.4, 1.0, null, null, 1.0], "today": [null, null, null, null, null, null, null, null, null, null, null, 1.0, null, null, null, null, null, null, null, null, null, null, null, null]}, "Bukit Mertajam": {"baseline": [2.2222222222222223, 1.0714285714285714, 1.0, 1.3333333333333333, 1.2121212121212122, 2.559748427672956, 5.176795580110498, 3.6705202312138727, 3.518918918918919, 1.6666666666666667, 3.0424242424242425, 1.6785714285714286, 2.4685314685314683, 1.9838709677419355, 2.912751677852349, 2.3773584905660377, 2.6241610738255035, 2.517730496453901, 2.6044776119402986, 2.7872340425531914, 1.7733333333333334, 3.3548387096774195, 9.25, 1.509433962264151], "baseline_730": [2.2222222222222223, 1.0714285714285714, 1.0, 1.3333333333333333, 1.2121212121212122, 2.559748427672956, 5.176795580110498, 3.6705202312138727, 3.518918918918919, 1.6666666666666667, 3.0424242424242425, 1.6785714285714286, 2.4685314685314683, 1.9838709677419355, 2.912751677852349, 2.3773584905660377, 2.6241610738255035, 2.517730496453901, 2.6044776119402986, 2.7872340425531914, 1.7733333333333334, 3.3548387096774195, 9.25, 1.509433962264151], "today": [1.0, null, null, null, null, 4.0, 2.0, 3.0, 4.0, null, 5.0, 1.0, 3.0, 4.0, 13.0, 4.0, 3.0, 1.0, 3.0, 1.0, null, 2.0, null, 1.0]}, "Bukit Tengah": {"baseline": [1.7142857142857142, 1.0, 1.0, 1.0, 1.0434782608695652, 3.5365853658536586, 6.703703703703703, 3.8378378378378377, 2.4444444444444446, 1.3739837398373984, 2.8802395209580838, 1.993421052631579, 2.76875, 1.6274509803921569, 2.643835616438356, 2.764705882352941, 2.298611111111111, 2.824324324324324, 2.530201342281879, 2.80794701986755, 1.75, 4.548571428571429, 7.25, 1.4], "baseline_730": [1.7142857142857142, 1.0, 1.0, 1.0, 1.0434782608695652, 3.5365853658536586, 6.703703703703703, 3.8378378378378377, 2.4444444444444446, 1.3739837398373984, 2.8802395209580838, 1.993421052631579, 2.76875, 1.6274509803921569, 2.643835616438356, 2.764705882352941, 2.298611111111111, 2.824324324324324, 2.530201342281879, 2.80794701986755, 1.75, 4.548571428571429, 7.25, 1.4], "today": [null, null, null, null, null, 5.0, 4.0, 4.0, 4.0, 1.0, 2.0, 2.0, 4.0, null, null, null, 10.0, 1.0, 4.0, null, null, 6.0, null, 1.0]}, "Butterworth": {"baseline": [1.8214285714285714, 1.5, 1.0, 1.5, 1.368421052631579, 2.5661764705882355, 4.909090909090909, 3.653179190751445, 4.262569832402234, 2.0338983050847457, 3.9775280898876404, 1.9777777777777779, 3.2228915662650603, 2.202247191011236, 3.6402439024390243, 2.8684210526315788, 3.02, 3.0638297872340425, 2.7142857142857144, 2.816793893129771, 1.6703296703296704, 2.375, 5.5, 1.2745098039215685], "baseline_730": [1.8214285714285714, 1.5, 1.0, 1.5, 1.368421052631579, 2.5661764705882355, 4.909090909090909, 3.653179190751445, 4.262569832402234, 2.0338983050847457, 3.9775280898876404, 1.9777777777777779, 3.2228915662650603, 2.202247191011236, 3.6402439024390243, 2.8684210526315788, 3.02, 3.0638297872340425, 2.7142857142857144, 2.816793893129771, 1.6703296703296704, 2.375, 5.5, 1.2745098039215685], "today": [null, null, null, null, null, 4.0, 6.0, 1.0, 1.0, 1.0, 5.0, 3.0, 2.0, 2.0, 10.0, 5.0, 5.0, 2.0, 3.0, null, 1.0, null, null, null]}, "Gurun": {"baseline": [1.0, 1.1428571428571428, 1.5, 1.0, 1.5, 1.3333333333333333, 2.7901234567901234, 1.9586206896551723, 1.6494845360824741, 1.5517241379310345, 1.7142857142857142, 1.7205882352941178, 1.9722222222222223, 1.9523809523809523, 3.493333333333333, 2.7375, 2.292452830188679, 2.142857142857143, 1.791044776119403, 1.3728813559322033, 1.32, 1.6521739130434783, 1.5714285714285714, null], "baseline_730": [1.0, 1.1428571428571428, 1.5, 1.0, 1.5, 1.3333333333333333, 2.7901234567901234, 1.9586206896551723, 1.6494845360824741, 1.5517241379310345, 1.7142857142857142, 1.7205882352941178, 1.9722222222222223, 1.9523809523809523, 3.493333333333333, 2.7375, 2.292452830188679, 2.142857142857143, 1.791044776119403, 1.3728813559322033, 1.32, 1.6521739130434783, 1.5714285714285714, null],