{"service": "komuter_utara", "origin": "Kodiang", "latest_date": "2026-07-07", "destinations": {"Alor Setar": {"baseline": [2.125, 1.1666666666666667, 1.75, 1.0, 1.3333333333333333, 1.5789473684210527, 3.037037037037037, 3.744047619047619, 3.754491017964072, 2.5161290322580645, 5.547770700636943, 2.935251798561151, 4.457746478873239, 2.5853658536585367, 4.1, 4.642857142857143, 3.448, 2.948717948717949, 1.6888888888888889, 1.92, 1.5945945945945945, 1.3392857142857142, 1.9375, null], "baseline_730": [2.125, 1.1666666666666667, 1.75, 1.0, 1.3333333333333333, 1.5789473684210527, 3.037037037037037, 3.744047619047619, 3.754491017964072, 2.5161290322580645, 5.547770700636943, 2.935251798561151, 4.457746478873239, 2.5853658536585367, 4.1, 4.642857142857143, 3.448, 2.948717948717949, 1.6888888888888889, 1.92, 1.5945945945945945, 1.3392857142857142, 1.9375, null], "today": [null, null, null, null, null, 2.0, 2.0, 3.0, 1.0, null, null, null, 1.0, 1.0, 1.0, 1.0, null, 1.0, null, null, null, null, null, null]}, "Anak Bukit": {"baseline": [1.0, 1.3333333333333333, 1.0, 1.0, 1.0, 1.1, 1.9705882352941178, 1.65, 1.7433628318584071, 1.1578947368421053, 1.64, 1.4285714285714286, 1.72, 1.25, 2.074626865671642, 1.7076923076923076, 1.36, 1.5161290322580645, 1.5476190476190477, 1.9622641509433962, 1.037037037037037, 1.5714285714285714, 1.4545454545454546, null], "baseline_730": [1.0, 1.3333333333333333, 1.0, 1.0, 1.0, 1.1, 1.9705882352941178, 1.65, 1.7433628318584071, 1.1578947368421053, 1.64, 1.4285714285714286, 1.72, 1.25, 2.074626865671642, 1.7076923076923076, 1.36, 1.5161290322580645, 1.5476190476190477, 1.9622641509433962, 1.037037037037037, 1.5714285714285714, 1.4545454545454546, null], "today": [null, null, null, null, null, null, 2.0, null, 1.0, null, null, null, null, null, null, null, 1.0, 6.0, null, 3.0, null, null, null, null]}, "Arau": {"baseline": [1.0, null, null, null, null, 1.5, 1.4090909090909092, 1.12, 1.3829787234042554, 1.3636363636363635, 1.1333333333333333, 1.6226415094339623, 1.5714285714285714, 1.64, 1.125, 1.565217391304348, 1.6538461538461537, 1.44, 1.5, 1.619047619047619, 1.0666666666666667, 1.0, 1.0, 1.0], "baseline_730": [1.0, null, null, null, null, 1.5, 1.4090909090909092, 1.12, 1.3829787234042554, 1.3636363636363635, 1.1333333333333333, 1.6226415094339623, 1.5714285714285714, 1.64, 1.125, 1.565217391304348, 1.6538461538461537, 1.44, 1.5, 1.619047619047619, 1.0666666666666667, 1.0, 1.0, 1.0], "today": [null, null, null, null, null, null, 1.0, 1.0, null, null, null, null, null, null, null, null, null, null, null, null, null, null, null, null]}, "Bagan Serai": {"baseline": [3.0, null, 1.0, 1.0, 1.0, 1.175, 1.1904761904761905, 1.4705882352941178, 1.5, 1.5, 1.25, 3.3333333333333335, 1.25, 2.142857142857143, 1.8, 1.1666666666666667, 1.1818181818181819, 1.0909090909090908, 1.0, 1.0, 1.0, null, null, null], "baseline_730": [3.0, null, 1.0, 1.0, 1.0, 1.175, 1.1904761904761905, 1.4705882352941178, 1.5, 1.5, 1.25, 3.3333333333333335, 1.25, 2.142857142857143, 1.8, 1.1666666666666667, 1.1818181818181819, 1.0909090909090908, 1.0, 1.0, 1.0, null, null, null], "today": [null, null, null, null, null, null, null, null, null, null, null, null, null, null, null, null, null, null, null, null, null, null, null, null]}, "Bukit Ketri": {"baseline": [null, null, 1.0, null, 1.0, null, 1.1666666666666667, 1.0, 1.0, 1.2, 1.2, 1.5, 1.0, 1.9090909090909092, 1.0, 1.2222222222222223, 1.736842105263158, 1.1, 1.1, 1.4, 1.0, null, null, 1.0], "baseline_730": [null, null, 1.0, null, 1.0, null, 1.1666666666666667, 1.0, 1.0, 1.2, 1.2, 1.5, 1.0, 1.9090909090909092, 1.0, 1.2222222222222223, 1.736842105263158, 1.1, 1.1, 1.4, 1.0, null, null, 1.0], "today": [null, null, null, null, null, null, null, null, null, null, null, null, null, null, null, null, null, null, null, null, null, null, null, null]}, "Bukit Mertajam": {"baseline": [2.2222222222222223, 1.0714285714285714, 1.0, 1.3333333333333333, 1.2333333333333334, 2.5751633986928106, 5.127906976744186, 3.7134146341463414, 3.531073446327684, 1.6868686868686869, 3.0253164556962027, 1.691588785046729, 2.4962962962962965, 1.9491525423728813, 2.7902097902097904, 2.388157894736842, 2.65, 2.529850746268657, 2.62992125984252, 2.8222222222222224, 1.7571428571428571, 3.391891891891892, 9.25, 1.54], "baseline_730": [2.2222222222222223, 1.0714285714285714, 1.0, 1.3333333333333333, 1.2333333333333334, 2.5751633986928106, 5.127906976744186, 3.7134146341463414, 3.531073446327684, 1.6868686868686869, 3.0253164556962027, 1.691588785046729, 2.4962962962962965, 1.9491525423728813, 2.7902097902097904, 2.388157894736842, 2.65, 2.529850746268657, 2.62992125984252, 2.8222222222222224, 1.7571428571428571, 3.391891891891892, 9.25, 1.54], "today": [null, null, null, null, null, 2.0, 7.0, 1.0, 1.0, null, null, 1.0, 1.0, null, 2.0, null, 1.0, 2.0, 1.0, 1.0, null, 1.0, null, null]}, "Bukit Tengah": {"baseline": [1.8333333333333333, 1.0, 1.0, 1.0, 1.0434782608695652, 3.5384615384615383, 6.5055555555555555, 3.8587570621468927, 2.4761904761904763, 1.3793103448275863, 2.930379746835443, 1.9930555555555556, 2.784313725490196, 1.6458333333333333, 2.5942028985507246, 2.7945205479452055, 2.258992805755396, 2.8380281690140845, 2.5390070921985815, 2.8137931034482757, 1.7280701754385965, 4.616766467065868, 7.25, 1.4166666666666667], "baseline_730": [1.8333333333333333, 1.0, 1.0, 1.0, 1.0434782608695652, 3.5384615384615383, 6.5055555555555555, 3.8587570621468927, 2.4761904761904763, 1.3793103448275863, 2.930379746835443, 1.9930555555555556, 2.784313725490196, 1.6458333333333333, 2.5942028985507246, 2.7945205479452055, 2.258992805755396, 2.8380281690140845, 2.5390070921985815, 2.8137931034482757, 1.7280701754385965, 4.616766467065868, 7.25, 1.4166666666666667], "today": [1.0, null, null, null, null, 2.0, 13.0, 2.0, null, 1.0, 4.0, 2.0, 2.0, null, 4.0, null, 7.0, 1.0, 1.0, null, null, 2.0, null, null]}, "Butterworth": {"baseline": [1.8214285714285714, 1.6153846153846154, 1.0, 1.5, 1.3888888888888888, 2.565891472868217, 4.910179640718563, 3.710843373493976, 4.329411764705882, 2.061946902654867, 3.9883040935672516, 1.9692307692307693, 3.254777070063694, 2.235294117647059, 3.628205128205128, 2.9178082191780823, 3.0489510489510487, 3.074626865671642, 2.7142857142857144, 2.864, 1.6551724137931034, 2.4306569343065694, 5.5, 1.297872340425532], "baseline_730": [1.8214285714285714, 1.6153846153846154, 1.0, 1.5, 1.3888888888888888, 2.565891472868217, 4.910179640718563, 3.710843373493976, 4.329411764705882, 2.061946902654867, 3.9883040935672516, 1.9692307692307693, 3.254777070063694, 2.235294117647059, 3.628205128205128, 2.9178082191780823, 3.0489510489510487, 3.074626865671642, 2.7142857142857144, 2.864, 1.6551724137931034, 2.4306569343065694, 5.5, 1.297872340425532], "today": [null, 1.0, null, null, null, 2.0, 3.0, 2.0, 1.0, 1.0, null, null, 1.0, null, 1.0, 1.0, 2.0, 1.0, 2.0, 1.0, 1.0, 3.0, null, null]}, "Gurun": {"baseline": [1.0, 1.1666666666666667, 1.5, 1.0, 1.5, 1.3402061855670102, 2.8636363636363638, 1.9044117647058822, 1.6666666666666667, 1.5614035087719298, 1.662162162162162, 1.7164179104477613, 1.9722222222222223, 2.0256410256410255, 3.3472222222222223, 2.7866666666666666, 2.3168316831683167, 2.159090909090909, 1.795275590551181, 1.3793103448275863, 1.3478260869565217, 1.661764705882353, 1.5714285714285714, null], "baseline_730": [1.0, 1.1666666666666667, 1.5, 1.0, 1.5, 1.3402061855670102, 2.8636363636363638, 1.9044117647058822, 1.6666666666666667, 1.5614035087719298, 1.662162162162162, 1.7164179104477613, 1.9722222222222223, 2.0256410256410255, 3.3472222222222223, 2.7866666666666666, 2.3168316831683167, 2.159090909090909, 1.795275590551181, 1.3793103448275863, 1.3478260869565217, 1.661764705882353, 1.5714285714285714, null], "today": [null, null, null, null, null, 1.0, 1.0, 1.0, 1.0, null, null, null, null, 1.0, null, 1.0, null, 3.0, 1.0, null, null, null, null, null]},