{"service": "komuter_utara", "origin": "Kuala Kangsar", "latest_date": "2026-07-12", "destinations": {"Alor Setar": {"baseline": [1.2222222222222223, 1.25, 1.2, 1.0, 1.0, 1.2, 1.7692307692307692, 1.5, 1.673913043478261, 2.0307692307692307, 1.775, 1.5747126436781609, 1.3818181818181818, 1.6037735849056605, 1.4054054054054055, 1.5211267605633803, 1.3333333333333333, 1.4057971014492754, 1.3658536585365855, 1.1, 1.0, 1.0, 1.25, 1.0], "baseline_730": [1.2222222222222223, 1.25, 1.2, 1.0, 1.0, 1.2, 1.7692307692307692, 1.5, 1.673913043478261, 2.0307692307692307, 1.775, 1.5747126436781609, 1.3818181818181818, 1.6037735849056605, 1.4054054054054055, 1.5211267605633803, 1.3333333333333333, 1.4057971014492754, 1.3658536585365855, 1.1, 1.0, 1.0, 1.25, 1.0], "today": [null, null, null, null, null, null, null, null, 2.0, null, 2.0, 1.0, 1.0, 1.0, 1.0, null, null, null, 1.0, null, null, null, null, null]}, "Anak Bukit": {"baseline": [1.4, 1.0, 1.0, 1.0, 1.5, 1.3571428571428572, 1.5, 1.4375, 1.7352941176470589, 1.575, 1.7, 1.3725490196078431, 1.5116279069767442, 1.6, 1.6603773584905661, 1.5, 1.4262295081967213, 1.5942028985507246, 1.3243243243243243, 1.0, 1.1818181818181819, 1.0, 1.5555555555555556, 1.0], "baseline_730": [1.4, 1.0, 1.0, 1.0, 1.5, 1.3571428571428572, 1.5, 1.4375, 1.7352941176470589, 1.575, 1.7, 1.3725490196078431, 1.5116279069767442, 1.6, 1.6603773584905661, 1.5, 1.4262295081967213, 1.5942028985507246, 1.3243243243243243, 1.0, 1.1818181818181819, 1.0, 1.5555555555555556, 1.0], "today": [null, null, null, null, null, null, 2.0, null, null, null, null, 2.0, null, null, null, 1.0, null, 1.0, null, null, null, null, null, null]}, "Arau": {"baseline": [1.2307692307692308, 1.25, 1.0, 1.2222222222222223, 1.375, 1.9111111111111112, 1.8541666666666667, 1.5666666666666667, 1.6049382716049383, 1.7222222222222223, 1.5844155844155845, 1.8846153846153846, 1.7397260273972603, 1.681159420289855, 1.9367088607594938, 1.6575342465753424, 1.7818181818181817, 2.014925373134328, 1.6379310344827587, 1.25, 1.1538461538461537, 1.0625, 3.0, 1.0], "baseline_730": [1.2307692307692308, 1.25, 1.0, 1.2222222222222223, 1.375, 1.9111111111111112, 1.8541666666666667, 1.5666666666666667, 1.6049382716049383, 1.7222222222222223, 1.5844155844155845, 1.8846153846153846, 1.7397260273972603, 1.681159420289855, 1.9367088607594938, 1.6575342465753424, 1.7818181818181817, 2.014925373134328, 1.6379310344827587, 1.25, 1.1538461538461537, 1.0625, 3.0, 1.0], "today": [null, null, null, null, null, null, 2.0, null, null, 2.0, null, 2.0, 2.0, 2.0, 1.0, 5.0, null, 2.0, 1.0, null, null, null, null, null]}, "Bagan Serai": {"baseline": [2.0, 1.0, 1.0, 1.0, 1.0, 1.0, 2.0, 1.84, 1.3461538461538463, 1.25, 1.5, 1.3432835820895523, 1.2, 1.25, 1.4680851063829787, 1.380952380952381, 1.2692307692307692, 1.4, 1.2467532467532467, 1.0769230769230769, 1.0, 1.0, 6.0, null], "baseline_730": [2.0, 1.0, 1.0, 1.0, 1.0, 1.0, 2.0, 1.84, 1.3461538461538463, 1.25, 1.5, 1.3432835820895523, 1.2, 1.25, 1.4680851063829787, 1.380952380952381, 1.2692307692307692, 1.4, 1.2467532467532467, 1.0769230769230769, 1.0, 1.0, 6.0, null], "today": [null, null, null, null, null, null, 1.0, null, null, null, null, 1.0, null, null, 1.0, 2.0, null, 1.0, null, null, null, null, null, null]}, "Bukit Ketri": {"baseline": [1.0, 1.0, null, 1.0, 1.0, 1.0, 1.125, 1.2857142857142858, 1.4285714285714286, 1.0, 1.0, 1.0666666666666667, 1.6666666666666667, 1.4, 1.25, 1.5555555555555556, 1.0, 1.25, 1.0, 1.0, 1.0, 1.0, 1.0, null], "baseline_730": [1.0, 1.0, null, 1.0, 1.0, 1.0, 1.125, 1.2857142857142858, 1.4285714285714286, 1.0, 1.0, 1.0666666666666667, 1.6666666666666667, 1.4, 1.25, 1.5555555555555556, 1.0, 1.25, 1.0, 1.0, 1.0, 1.0, 1.0, null], "today": [null, null, null, null, null, null, 1.0, null, null, null, null, null, 1.0, null, 2.0, null, null, null, null, null, null, null, null, null]}, "Bukit Mertajam": {"baseline": [1.5, 1.0769230769230769, 1.0, 1.1666666666666667, 1.105263157894737, 1.5084745762711864, 3.4184782608695654, 1.4375, 1.9869281045751634, 2.3823529411764706, 1.975609756097561, 1.9831932773109244, 1.8392857142857142, 2.048076923076923, 2.1496062992125986, 2.2222222222222223, 1.9473684210526316, 2.3255813953488373, 2.3828125, 1.4615384615384615, 1.3181818181818181, 1.0, 1.5, 1.0], "baseline_730": [1.5, 1.0769230769230769, 1.0, 1.1666666666666667, 1.105263157894737, 1.5084745762711864, 3.4184782608695654, 1.4375, 1.9869281045751634, 2.3823529411764706, 1.975609756097561, 1.9831932773109244, 1.8392857142857142, 2.048076923076923, 2.1496062992125986, 2.2222222222222223, 1.9473684210526316, 2.3255813953488373, 2.3828125, 1.4615384615384615, 1.3181818181818181, 1.0, 1.5, 1.0], "today": [null, null, null, null, 2.0, 1.0, 8.0, null, null, 1.0, 3.0, null, 3.0, 1.0, 1.0, 3.0, 3.0, 2.0, null, null, null, null, null, null]}, "Bukit Tengah": {"baseline": [1.0, 1.0, null, 1.0, 1.1129032258064515, 1.435897435897436, 2.533333333333333, 1.2612612612612613, 1.3333333333333333, 1.5375, 1.391304347826087, 1.4025974025974026, 1.2272727272727273, 1.2857142857142858, 1.3888888888888888, 1.7758620689655173, 1.490909090909091, 1.6818181818181819, 1.8313253012048192, 1.25, 1.1081081081081081, 1.0, 3.0, null], "baseline_730": [1.0, 1.0, null, 1.0, 1.1129032258064515, 1.435897435897436, 2.533333333333333, 1.2612612612612613, 1.3333333333333333, 1.5375, 1.391304347826087, 1.4025974025974026, 1.2272727272727273, 1.2857142857142858, 1.3888888888888888, 1.7758620689655173, 1.490909090909091, 1.6818181818181819, 1.8313253012048192, 1.25, 1.1081081081081081, 1.0, 3.0, null], "today": [null, null, null, null, null, null, null, 3.0, null, 1.0, null, null, 1.0, 3.0, null, null, 2.0, 4.0, 7.0, 1.0, null, null, null, null]}, "Butterworth": {"baseline": [1.565217391304348, 1.1666666666666667, 1.1111111111111112, 1.2, 1.5510204081632653, 2.160377358490566, 3.782608695652174, 1.7326732673267327, 2.6842105263157894, 2.803921568627451, 2.0, 2.9936708860759493, 2.1951219512195124, 2.264, 2.2459016393442623, 2.4318181818181817, 1.8803418803418803, 2.5306122448979593, 2.352201257861635, 1.4705882352941178, 1.3076923076923077, 1.4, 3.1666666666666665, 1.0], "baseline_730": [1.565217391304348, 1.1666666666666667, 1.1111111111111112, 1.2, 1.5510204081632653, 2.160377358490566, 3.782608695652174, 1.7326732673267327, 2.6842105263157894, 2.803921568627451, 2.0, 2.9936708860759493, 2.1951219512195124, 2.264, 2.2459016393442623, 2.4318181818181817, 1.8803418803418803, 2.5306122448979593, 2.352201257861635, 1.4705882352941178, 1.3076923076923077, 1.4, 3.1666666666666665, 1.0], "today": [null, null, null, 1.0, 2.0, null, 1.0, null, 4.0, 4.0, 3.0, null, 4.0, null, 2.0, 1.0, 1.0, 5.0, 4.0, null, null, null, 1.0, null]}, "Gurun": {"baseline": [1.0, 1.0, 1.0, 1.0, 1.0, 1.0, 1.25, 1.1896551724137931, 1.3125, 1.5789473684210527, 1.5769230769230769, 1.4130434782608696, 1.25, 1.3076923076923077, 1.3870967741935485, 1.2745098039215685, 1.5454545454545454, 1.5873015873015872, 1.1428571428571428, 1.1111111111111112, 1.0, null, 1.25, null], "baseline_730": [1.0, 1.0, 1.0, 1.0, 1.0, 1.0, 1.25, 1.1896551724137931, 1.3125, 1.5789473684210527, 1.5769230769230769, 1.4130434782608696, 1.25, 1.3076923076923077, 1.3870967741935485, 1.2745098039215685, 1.5454545454545454, 1.5873015873015872, 1.1428571428571428, 1.1111111111111112, 1.0, null, 1.25, null], "today": [null, null, null, null, null, null, null, null, null, null, null, null, null, null, 1.0, null, null, 3.0, null, null, null, null, null, null]}, "Ipoh": {"baseline": [1.8333333333333333, 1.3333333333333333, 1.4, 1.1666666666666667, 1.25, 1.446808510638298, 10.884210526315789, 11.380952380952381, 7.994764397905759, 6.424731182795699, 7.73936170212766, 4.11578947368421, 3.377245508982036, 5.748603351955308, 3.883720930232558, 5.266304347826087, 3.943820224719101, 4.423913043478261, 4.223529411764706, 3.0508474576271185, 1.9365079365079365, 1.3170731707317074, 4.0, null],