{"service": "komuter_utara", "origin": "Nibong Tebal", "latest_date": "2026-06-14", "destinations": {"Alor Setar": {"baseline": [1.3333333333333333, 1.3333333333333333, 1.0, 1.0, 1.0833333333333333, 1.9504950495049505, 2.033333333333333, 2.0105263157894737, 1.2619047619047619, 1.7575757575757576, 1.838235294117647, 1.68, 1.5538461538461539, 1.6491228070175439, 1.63013698630137, 1.7954545454545454, 1.9130434782608696, 1.569767441860465, 1.7011494252873562, 1.5833333333333333, 1.325, 1.1666666666666667, 2.1666666666666665, 2.0], "baseline_730": [1.3333333333333333, 1.3333333333333333, 1.0, 1.0, 1.0833333333333333, 1.9504950495049505, 2.033333333333333, 2.0105263157894737, 1.2619047619047619, 1.7575757575757576, 1.838235294117647, 1.68, 1.5538461538461539, 1.6491228070175439, 1.63013698630137, 1.7954545454545454, 1.9130434782608696, 1.569767441860465, 1.7011494252873562, 1.5833333333333333, 1.325, 1.1666666666666667, 2.1666666666666665, 2.0], "today": [null, null, null, null, null, 2.0, null, 3.0, null, null, null, null, null, null, null, 1.0, null, null, null, null, null, null, null, null]}, "Anak Bukit": {"baseline": [1.3333333333333333, 1.2, 1.0, 1.0, 1.0, 1.0545454545454545, 1.4285714285714286, 1.54, 1.2222222222222223, 1.2439024390243902, 1.7560975609756098, 1.578125, 1.55, 1.4871794871794872, 1.3541666666666667, 1.3863636363636365, 1.5333333333333334, 1.4807692307692308, 1.7083333333333333, 1.5098039215686274, 1.5, 1.0, 1.5, null], "baseline_730": [1.3333333333333333, 1.2, 1.0, 1.0, 1.0, 1.0545454545454545, 1.4285714285714286, 1.54, 1.2222222222222223, 1.2439024390243902, 1.7560975609756098, 1.578125, 1.55, 1.4871794871794872, 1.3541666666666667, 1.3863636363636365, 1.5333333333333334, 1.4807692307692308, 1.7083333333333333, 1.5098039215686274, 1.5, 1.0, 1.5, null], "today": [null, null, null, null, null, null, 1.0, null, null, null, null, null, null, null, null, null, 1.0, null, 1.0, null, null, null, null, null]}, "Arau": {"baseline": [1.4444444444444444, 1.5, 1.1428571428571428, null, 1.0, 1.6862745098039216, 2.01010101010101, 1.8125, 1.309090909090909, 1.819277108433735, 1.7142857142857142, 1.5211267605633803, 1.7887323943661972, 1.7419354838709677, 1.8695652173913044, 1.8028169014084507, 1.825, 1.5, 1.8974358974358974, 1.5833333333333333, 1.1470588235294117, 1.1578947368421053, 1.6666666666666667, 1.0], "baseline_730": [1.4444444444444444, 1.5, 1.1428571428571428, null, 1.0, 1.6862745098039216, 2.01010101010101, 1.8125, 1.309090909090909, 1.819277108433735, 1.7142857142857142, 1.5211267605633803, 1.7887323943661972, 1.7419354838709677, 1.8695652173913044, 1.8028169014084507, 1.825, 1.5, 1.8974358974358974, 1.5833333333333333, 1.1470588235294117, 1.1578947368421053, 1.6666666666666667, 1.0], "today": [null, null, null, null, null, null, 1.0, null, 1.0, 1.0, 3.0, null, 1.0, null, 1.0, 2.0, 1.0, 1.0, 1.0, 2.0, null, null, null, null]}, "Bagan Serai": {"baseline": [2.0, 1.0, 1.0, null, 1.0, 1.0, 1.3255813953488371, 1.2424242424242424, 1.5, 1.2058823529411764, 1.125, 1.1666666666666667, 1.5, 1.4666666666666666, 1.303030303030303, 1.0666666666666667, 1.5714285714285714, 1.6, 1.3111111111111111, 1.1818181818181819, 1.0, 1.0, 1.0, null], "baseline_730": [2.0, 1.0, 1.0, null, 1.0, 1.0, 1.3255813953488371, 1.2424242424242424, 1.5, 1.2058823529411764, 1.125, 1.1666666666666667, 1.5, 1.4666666666666666, 1.303030303030303, 1.0666666666666667, 1.5714285714285714, 1.6, 1.3111111111111111, 1.1818181818181819, 1.0, 1.0, 1.0, null], "today": [null, null, null, null, null, null, null, null, null, 1.0, null, null, null, null, null, null, null, null, null, null, null, null, null, null]}, "Bukit Ketri": {"baseline": [1.0, null, null, null, null, 1.0, 1.3225806451612903, 1.6923076923076923, 1.0, 1.6666666666666667, 1.5555555555555556, 1.375, 1.25, 1.2222222222222223, 1.0, 1.3, 1.05, 1.4, 1.2, 1.0833333333333333, 1.0, 1.0, 1.0, null], "baseline_730": [1.0, null, null, null, null, 1.0, 1.3225806451612903, 1.6923076923076923, 1.0, 1.6666666666666667, 1.5555555555555556, 1.375, 1.25, 1.2222222222222223, 1.0, 1.3, 1.05, 1.4, 1.2, 1.0833333333333333, 1.0, 1.0, 1.0, null], "today": [null, null, null, null, null, null, 1.0, null, null, null, null, null, null, null, null, null, null, null, null, null, null, null, null, null]}, "Bukit Mertajam": {"baseline": [1.5, 3.6666666666666665, 1.0, 1.0, 1.0, 1.5686274509803921, 3.7564102564102564, 8.419354838709678, 3.7, 1.85, 2.610294117647059, 1.8942307692307692, 2.2475247524752477, 1.7435897435897436, 2.3333333333333335, 2.074074074074074, 2.358974358974359, 2.17, 3.045112781954887, 2.1595744680851063, 1.2432432432432432, 1.0, 3.3333333333333335, null], "baseline_730": [1.5, 3.6666666666666665, 1.0, 1.0, 1.0, 1.5686274509803921, 3.7564102564102564, 8.419354838709678, 3.7, 1.85, 2.610294117647059, 1.8942307692307692, 2.2475247524752477, 1.7435897435897436, 2.3333333333333335, 2.074074074074074, 2.358974358974359, 2.17, 3.045112781954887, 2.1595744680851063, 1.2432432432432432, 1.0, 3.3333333333333335, null], "today": [null, null, null, null, null, null, 4.0, 2.0, null, 1.0, 1.0, 3.0, 1.0, 1.0, null, null, 1.0, 1.0, 2.0, 6.0, null, null, null, null]}, "Bukit Tengah": {"baseline": [1.0, 1.0, 2.0, null, null, 1.6111111111111112, 1.6451612903225807, 2.19, 1.326086956521739, 1.7073170731707317, 1.6071428571428572, 1.4791666666666667, 1.5172413793103448, 1.5151515151515151, 1.7719298245614035, 1.5918367346938775, 1.4605263157894737, 1.58, 1.671641791044776, 1.393939393939394, 1.0714285714285714, 1.0, null, null], "baseline_730": [1.0, 1.0, 2.0, null, null, 1.6111111111111112, 1.6451612903225807, 2.19, 1.326086956521739, 1.7073170731707317, 1.6071428571428572, 1.4791666666666667, 1.5172413793103448, 1.5151515151515151, 1.7719298245614035, 1.5918367346938775, 1.4605263157894737, 1.58, 1.671641791044776, 1.393939393939394, 1.0714285714285714, 1.0, null, null], "today": [null, null, null, null, null, null, null, null, 1.0, null, 1.0, null, null, 1.0, null, null, null, null, 1.0, null, null, null, null, null]}, "Butterworth": {"baseline": [2.32, 1.6363636363636365, 1.4166666666666667, 1.0, 1.1666666666666667, 2.2992125984251968, 6.670886075949367, 8.166666666666666, 2.8548387096774195, 3.962121212121212, 5.184931506849315, 4.864516129032258, 3.562962962962963, 2.669724770642202, 2.8732394366197185, 2.8596491228070176, 2.7868852459016393, 2.608, 3.1773049645390072, 2.2479338842975207, 1.4444444444444444, 1.5, 3.375, null], "baseline_730": [2.32, 1.6363636363636365, 1.4166666666666667, 1.0, 1.1666666666666667, 2.2992125984251968, 6.670886075949367, 8.166666666666666, 2.8548387096774195, 3.962121212121212, 5.184931506849315, 4.864516129032258, 3.562962962962963, 2.669724770642202, 2.8732394366197185, 2.8596491228070176, 2.7868852459016393, 2.608, 3.1773049645390072, 2.2479338842975207, 1.4444444444444444, 1.5, 3.375, null], "today": [2.0, null, null, null, null, null, 2.0, 1.0, null, 2.0, 3.0, 5.0, 1.0, null, 4.0, 1.0, 1.0, null, 1.0, 2.0, 2.0, null, null, null]}, "Gurun": {"baseline": [2.6666666666666665, 1.0, null, null, null, 1.037037037037037, 1.4461538461538461, 1.553191489361702, 1.1, 1.4444444444444444, 1.8823529411764706, 1.54, 1.2857142857142858, 1.2222222222222223, 1.35, 1.3958333333333333, 1.3571428571428572, 1.5, 1.3055555555555556, 1.25, 1.2, 1.0, 1.0, null], "baseline_730": [2.6666666666666665, 1.0, null, null, null, 1.037037037037037, 1.4461538461538461, 1.553191489361702, 1.1, 1.4444444444444444, 1.8823529411764706, 1.54, 1.2857142857142858, 1.2222222222222223, 1.35, 1.3958333333333333, 1.3571428571428572, 1.5, 1.3055555555555556, 1.25, 1.2, 1.0, 1.0, null], "today": [null, null, null, null, null, null, null, null, null, null, null, null, null, 1.0, null, 1.0, null, null, null, null, null, null, null, null]},