{"service": "komuter_utara", "origin": "Padang Rengas", "latest_date": "2026-07-10", "destinations": {"Alor Setar": {"baseline": [2.0, 1.0, null, 1.0, 1.25, 1.25, 1.1951219512195121, 1.0, 1.3333333333333333, 1.25, 1.8, 1.2727272727272727, 1.0, 1.0769230769230769, 1.1666666666666667, 1.2, 1.6666666666666667, 1.1904761904761905, 1.0769230769230769, 1.0, 1.0, 1.0, 1.5714285714285714, 1.0], "baseline_730": [2.0, 1.0, null, 1.0, 1.25, 1.25, 1.1951219512195121, 1.0, 1.3333333333333333, 1.25, 1.8, 1.2727272727272727, 1.0, 1.0769230769230769, 1.1666666666666667, 1.2, 1.6666666666666667, 1.1904761904761905, 1.0769230769230769, 1.0, 1.0, 1.0, 1.5714285714285714, 1.0], "today": [null, null, null, null, null, null, 1.0, null, null, null, null, null, null, null, null, null, null, null, null, null, null, null, null, null]}, "Anak Bukit": {"baseline": [1.0, null, null, null, null, null, 1.125, 1.1666666666666667, 1.0769230769230769, 1.6, 1.2, 1.1818181818181819, 1.5, 1.4285714285714286, 1.0, 1.1891891891891893, 1.25, 1.5, 1.2, 1.0, 1.0, null, 1.0, null], "baseline_730": [1.0, null, null, null, null, null, 1.125, 1.1666666666666667, 1.0769230769230769, 1.6, 1.2, 1.1818181818181819, 1.5, 1.4285714285714286, 1.0, 1.1891891891891893, 1.25, 1.5, 1.2, 1.0, 1.0, null, 1.0, null], "today": [null, null, null, null, null, null, null, null, null, null, null, null, null, null, 2.0, null, null, null, null, null, 1.0, null, 1.0, null]}, "Arau": {"baseline": [1.0, null, null, 1.0, 1.5, 1.5, 1.4, 1.1666666666666667, 1.25, 1.0, 1.25, 1.3157894736842106, 1.1, 1.3333333333333333, 1.4, 1.2173913043478262, 1.2307692307692308, 1.1363636363636365, 1.0454545454545454, 1.3333333333333333, 1.0, 1.0, null, null], "baseline_730": [1.0, null, null, 1.0, 1.5, 1.5, 1.4, 1.1666666666666667, 1.25, 1.0, 1.25, 1.3157894736842106, 1.1, 1.3333333333333333, 1.4, 1.2173913043478262, 1.2307692307692308, 1.1363636363636365, 1.0454545454545454, 1.3333333333333333, 1.0, 1.0, null, null], "today": [null, null, null, null, null, null, null, null, null, null, null, null, null, null, null, null, null, null, null, null, null, null, null, null]}, "Bagan Serai": {"baseline": [2.0, 1.0, null, null, null, 1.0, 1.1363636363636365, 1.25, 1.0, 1.4090909090909092, 1.4, 2.0, 1.0, 1.3333333333333333, 1.6, 1.2307692307692308, 1.2222222222222223, 1.5, 1.368421052631579, 1.5, 1.0, null, null, null], "baseline_730": [2.0, 1.0, null, null, null, 1.0, 1.1363636363636365, 1.25, 1.0, 1.4090909090909092, 1.4, 2.0, 1.0, 1.3333333333333333, 1.6, 1.2307692307692308, 1.2222222222222223, 1.5, 1.368421052631579, 1.5, 1.0, null, null, null], "today": [null, null, null, null, null, null, null, null, null, null, null, null, null, 2.0, null, null, null, null, null, null, null, null, null, null]}, "Bukit Ketri": {"baseline": [1.0, 1.0, null, null, null, 1.0, 1.5, 1.5, 1.25, 1.0, 2.0, 1.0, 1.5, 1.5, 1.0, 1.2, 1.0, 1.0, 1.0, null, null, null, null, 1.0], "baseline_730": [1.0, 1.0, null, null, null, 1.0, 1.5, 1.5, 1.25, 1.0, 2.0, 1.0, 1.5, 1.5, 1.0, 1.2, 1.0, 1.0, 1.0, null, null, null, null, 1.0], "today": [null, null, null, null, null, null, null, null, null, null, null, null, null, null, null, null, null, null, null, null, null, null, null, null]}, "Bukit Mertajam": {"baseline": [1.0, null, 1.5, 3.0, 1.0, 1.1818181818181819, 2.3120567375886525, 1.492063492063492, 1.2743362831858407, 1.653061224489796, 1.6538461538461537, 1.4137931034482758, 1.5454545454545454, 1.5925925925925926, 1.1940298507462686, 1.6428571428571428, 1.2745098039215685, 1.4754098360655739, 1.5454545454545454, 1.3661971830985915, 1.2432432432432432, null, 4.0, null], "baseline_730": [1.0, null, 1.5, 3.0, 1.0, 1.1818181818181819, 2.3120567375886525, 1.492063492063492, 1.2743362831858407, 1.653061224489796, 1.6538461538461537, 1.4137931034482758, 1.5454545454545454, 1.5925925925925926, 1.1940298507462686, 1.6428571428571428, 1.2745098039215685, 1.4754098360655739, 1.5454545454545454, 1.3661971830985915, 1.2432432432432432, null, 4.0, null], "today": [null, null, null, null, null, null, 3.0, 2.0, null, null, null, null, 1.0, null, null, null, null, 1.0, 1.0, null, null, null, null, null]}, "Bukit Tengah": {"baseline": [null, null, null, null, 1.125, 1.0, 1.2241379310344827, 1.0, 1.0, 1.2727272727272727, 1.1, 1.3488372093023255, 1.0, 1.1153846153846154, 1.1111111111111112, 1.2105263157894737, 1.1578947368421053, 1.2083333333333333, 1.2380952380952381, 1.1, 1.0, 1.0, 1.0, null], "baseline_730": [null, null, null, null, 1.125, 1.0, 1.2241379310344827, 1.0, 1.0, 1.2727272727272727, 1.1, 1.3488372093023255, 1.0, 1.1153846153846154, 1.1111111111111112, 1.2105263157894737, 1.1578947368421053, 1.2083333333333333, 1.2380952380952381, 1.1, 1.0, 1.0, 1.0, null], "today": [null, null, null, null, null, null, null, null, null, null, null, 1.0, null, null, null, null, null, null, null, null, null, null, null, null]}, "Butterworth": {"baseline": [1.0, 1.0, 1.0, null, 1.1666666666666667, 1.1333333333333333, 1.85, 1.2093023255813953, 1.3846153846153846, 1.72, 1.5, 1.434782608695652, 1.4, 1.564102564102564, 1.3333333333333333, 1.7169811320754718, 1.6333333333333333, 1.63013698630137, 1.4193548387096775, 1.32, 1.2222222222222223, null, 8.0, null], "baseline_730": [1.0, 1.0, 1.0, null, 1.1666666666666667, 1.1333333333333333, 1.85, 1.2093023255813953, 1.3846153846153846, 1.72, 1.5, 1.434782608695652, 1.4, 1.564102564102564, 1.3333333333333333, 1.7169811320754718, 1.6333333333333333, 1.63013698630137, 1.4193548387096775, 1.32, 1.2222222222222223, null, 8.0, null], "today": [null, null, null, null, null, 1.0, null, null, null, null, null, 1.0, 3.0, null, null, 1.0, null, 5.0, null, null, null, null, null, null]}, "Gurun": {"baseline": [null, null, null, null, null, 1.0, 1.2941176470588236, 1.0, 1.0, null, null, 1.4285714285714286, null, 1.7, 1.25, 1.0625, 2.6666666666666665, 1.0476190476190477, 1.0, 1.0, null, null, null, null], "baseline_730": [null, null, null, null, null, 1.0, 1.2941176470588236, 1.0, 1.0, null, null, 1.4285714285714286, null, 1.7, 1.25, 1.0625, 2.6666666666666665, 1.0476190476190477, 1.0, 1.0, null, null, null, null], "today": [null, null, null, null, null, null, null, null, null, null, null, null, null, null, null, null, null, 1.0, null, null, null, null, null, null]}, "Ipoh": {"baseline": [1.0909090909090908, 1.0, 1.0, 1.0, 1.1818181818181819, 1.0757575757575757, 2.840764331210191, 2.331034482758621, 2.0588235294117645, 1.7837837837837838, 2.253012048192771, 1.5254237288135593, 1.9333333333333333, 2.6666666666666665, 3.8412698412698414, 2.9078947368421053, 1.6065573770491803, 1.8585858585858586, 1.3181818181818181, 1.5, 1.4285714285714286, 1.0, 7.0, null], "baseline_730": [1.0909090909090908, 1.0, 1.0, 1.0, 1.1818181818181819, 1.0757575757575757, 2.840764331210191, 2.331034482758621, 2.0588235294117645, 1.7837837837837838, 2.253012048192771, 1.5254237288135593, 1.9333333333333333, 2.6666666666666665, 3.8412698412698414, 2.9078947368421053, 1.6065573770491803, 1.8585858585858586, 1.3181818181818181, 1.5, 1.4285714285714286, 1.0, 7.0, null], "today": [null, null, null, null, null, 1.0, 4.0, null, 1.0, null, 1.0, null, 2.0, 2.0, 1.0, 2.0, 2.0, null, 1.0, null, null, null, null, null]}, "Kamunting": {"baseline": [1.0, 1.0, 1.0, null, 1.0, 1.0, 1.2714285714285714, 1.1296296296296295, 1.1875, 1.1666666666666667, 1.3333333333333333, 1.206896551724138, 1.4, 1.393939393939394, 1.4285714285714286, 1.4324324324324325, 1.263157894736842, 1.4861111111111112, 1.1515151515151516, 1.8461538461538463, null, 2.0, 1.0, null], "baseline_730": [1.0, 1.0, 1.0, null, 1.0, 1.0, 1.2714285714285714, 1.1296296296296295, 1.1875, 1.1666666666666667, 1.3333333333333333, 1.206896551724138, 1.4, 1.393939393939394, 1.4285714285714286, 1.4324324324324325, 1.263157894736842, 1.4861111111111112, 1.1515151515151516, 1.8461538461538463, null, 2.0, 1.0, null], "today": [null, 1.0, null, null, null, null, null, null, null, 1.0, null, 1.0, null, null, null, null, null, null, null, null, null, null, null, null]},