{"service": "komuter_utara", "origin": "Padang Rengas", "latest_date": "2026-06-29", "destinations": {"Alor Setar": {"baseline": [2.0, 1.0, null, 1.0, 1.25, 1.25, 1.2105263157894737, 1.0, 1.3333333333333333, 1.2666666666666666, 1.8, 1.2727272727272727, 1.0, 1.0833333333333333, 1.1666666666666667, 1.2307692307692308, 1.6666666666666667, 1.2, 1.0769230769230769, 1.0, null, 1.0, 1.6666666666666667, 1.0], "baseline_730": [2.0, 1.0, null, 1.0, 1.25, 1.25, 1.2105263157894737, 1.0, 1.3333333333333333, 1.2666666666666666, 1.8, 1.2727272727272727, 1.0, 1.0833333333333333, 1.1666666666666667, 1.2307692307692308, 1.6666666666666667, 1.2, 1.0769230769230769, 1.0, null, 1.0, 1.6666666666666667, 1.0], "today": [null, null, null, null, null, null, 1.0, null, null, null, null, null, null, null, null, null, null, null, null, null, null, null, null, null]}, "Anak Bukit": {"baseline": [1.0, null, null, null, null, null, 1.1428571428571428, 1.1666666666666667, 1.0, 2.0, 1.0, 1.125, 1.5, 1.4285714285714286, 1.0, 1.1612903225806452, 1.25, 1.6, 1.2, 1.0, 1.0, null, 1.0, null], "baseline_730": [1.0, null, null, null, null, null, 1.1428571428571428, 1.1666666666666667, 1.0, 2.0, 1.0, 1.125, 1.5, 1.4285714285714286, 1.0, 1.1612903225806452, 1.25, 1.6, 1.2, 1.0, 1.0, null, 1.0, null], "today": [null, null, null, null, null, null, null, null, null, null, 2.0, null, null, null, null, null, null, null, null, null, null, null, null, null]}, "Arau": {"baseline": [1.0, null, null, 1.0, 1.5, 1.5714285714285714, 1.358974358974359, 1.25, 1.0909090909090908, 1.0, 1.2727272727272727, 1.2, 1.0, 1.3571428571428572, 1.4444444444444444, 1.2380952380952381, 1.2307692307692308, 1.1428571428571428, 1.05, 1.3333333333333333, 1.0, 1.0, null, null], "baseline_730": [1.0, null, null, 1.0, 1.5, 1.5714285714285714, 1.358974358974359, 1.25, 1.0909090909090908, 1.0, 1.2727272727272727, 1.2, 1.0, 1.3571428571428572, 1.4444444444444444, 1.2380952380952381, 1.2307692307692308, 1.1428571428571428, 1.05, 1.3333333333333333, 1.0, 1.0, null, null], "today": [null, null, null, null, null, 1.0, null, null, null, null, null, null, null, null, null, null, null, null, null, null, null, null, null, null]}, "Bagan Serai": {"baseline": [2.0, 1.0, null, null, null, 1.0, 1.1428571428571428, 1.3333333333333333, 1.0, 1.5, 1.2222222222222223, 1.875, 1.0, 1.3636363636363635, 1.6428571428571428, 1.1666666666666667, 1.25, 1.3125, 1.2666666666666666, 1.1666666666666667, 1.0, null, null, null], "baseline_730": [2.0, 1.0, null, null, null, 1.0, 1.1428571428571428, 1.3333333333333333, 1.0, 1.5, 1.2222222222222223, 1.875, 1.0, 1.3636363636363635, 1.6428571428571428, 1.1666666666666667, 1.25, 1.3125, 1.2666666666666666, 1.1666666666666667, 1.0, null, null, null], "today": [null, null, null, null, null, null, null, null, null, null, null, null, null, null, null, null, null, 2.0, null, null, null, null, null, null]}, "Bukit Ketri": {"baseline": [1.0, 1.0, null, null, null, 1.0, 1.6666666666666667, 1.5, 1.25, 1.0, 2.0, 1.0, 1.5, 1.5, 1.0, 1.2, 1.0, 1.0, 1.0, null, null, null, null, 1.0], "baseline_730": [1.0, 1.0, null, null, null, 1.0, 1.6666666666666667, 1.5, 1.25, 1.0, 2.0, 1.0, 1.5, 1.5, 1.0, 1.2, 1.0, 1.0, 1.0, null, null, null, null, 1.0], "today": [null, null, null, null, null, null, null, null, null, null, null, null, null, null, null, null, null, null, null, null, null, null, null, null]}, "Bukit Mertajam": {"baseline": [1.0, null, 1.5, 3.0, 1.0, 1.2, 2.2983870967741935, 1.4722222222222223, 1.268041237113402, 1.5909090909090908, 1.6666666666666667, 1.3137254901960784, 1.5666666666666667, 1.6956521739130435, 1.2037037037037037, 1.7105263157894737, 1.288888888888889, 1.4912280701754386, 1.5857142857142856, 1.3666666666666667, 1.1071428571428572, null, 4.0, null], "baseline_730": [1.0, null, 1.5, 3.0, 1.0, 1.2, 2.2983870967741935, 1.4722222222222223, 1.268041237113402, 1.5909090909090908, 1.6666666666666667, 1.3137254901960784, 1.5666666666666667, 1.6956521739130435, 1.2037037037037037, 1.7105263157894737, 1.288888888888889, 1.4912280701754386, 1.5857142857142856, 1.3666666666666667, 1.1071428571428572, null, 4.0, null], "today": [null, null, null, null, 1.0, null, 3.0, 2.0, 1.0, null, null, null, null, null, 1.0, null, null, null, 1.0, 2.0, 2.0, null, null, null]}, "Bukit Tengah": {"baseline": [null, null, null, null, 1.125, 1.0, 1.2307692307692308, 1.0, 1.0, 1.25, 1.1, 1.4333333333333333, 1.0, 1.0833333333333333, 1.1111111111111112, 1.2352941176470589, 1.1875, 1.2, 1.263157894736842, 1.1, 1.0, 1.0, 1.0, null], "baseline_730": [null, null, null, null, 1.125, 1.0, 1.2307692307692308, 1.0, 1.0, 1.25, 1.1, 1.4333333333333333, 1.0, 1.0833333333333333, 1.1111111111111112, 1.2352941176470589, 1.1875, 1.2, 1.263157894736842, 1.1, 1.0, 1.0, 1.0, null], "today": [null, null, null, null, null, null, null, null, null, null, null, null, 1.0, null, null, null, null, null, 1.0, null, null, null, null, null]}, "Butterworth": {"baseline": [1.0, 1.0, 1.0, null, 1.2222222222222223, 1.1395348837209303, 1.8888888888888888, 1.2195121951219512, 1.4042553191489362, 1.7173913043478262, 1.5555555555555556, 1.4193548387096775, 1.393939393939394, 1.5675675675675675, 1.3461538461538463, 1.702127659574468, 1.6333333333333333, 1.6515151515151516, 1.4545454545454546, 1.380952380952381, 1.0, null, 8.0, null], "baseline_730": [1.0, 1.0, 1.0, null, 1.2222222222222223, 1.1395348837209303, 1.8888888888888888, 1.2195121951219512, 1.4042553191489362, 1.7173913043478262, 1.5555555555555556, 1.4193548387096775, 1.393939393939394, 1.5675675675675675, 1.3461538461538463, 1.702127659574468, 1.6333333333333333, 1.6515151515151516, 1.4545454545454546, 1.380952380952381, 1.0, null, 8.0, null], "today": [null, null, null, null, null, null, 1.0, null, null, null, 1.0, null, null, null, null, 2.0, null, null, 2.0, null, null, null, null, null]}, "Gurun": {"baseline": [null, null, null, null, null, 1.0, 1.3125, 1.0, 1.0, null, null, 1.4285714285714286, null, 1.7, 1.3333333333333333, 1.0666666666666667, 2.6666666666666665, 1.0526315789473684, 1.0, 1.0, null, null, null, null], "baseline_730": [null, null, null, null, null, 1.0, 1.3125, 1.0, 1.0, null, null, 1.4285714285714286, null, 1.7, 1.3333333333333333, 1.0666666666666667, 2.6666666666666665, 1.0526315789473684, 1.0, 1.0, null, null, null, null], "today": [null, null, null, null, null, null, null, null, null, null, null, null, null, null, null, null, null, null, null, null, null, null, null, null]}, "Ipoh": {"baseline": [1.0909090909090908, 1.0, 1.0, 1.0, 1.2, 1.0892857142857142, 2.807142857142857, 2.33587786259542, 2.0786516853932584, 1.75, 2.1733333333333333, 1.5384615384615385, 2.0, 2.5844155844155843, 3.8392857142857144, 2.8309859154929575, 1.6603773584905661, 1.8795180722891567, 1.3620689655172413, 1.55, 1.4444444444444444, 1.0, 7.0, null], "baseline_730": [1.0909090909090908, 1.0, 1.0, 1.0, 1.2, 1.0892857142857142, 2.807142857142857, 2.33587786259542, 2.0786516853932584, 1.75, 2.1733333333333333, 1.5384615384615385, 2.0, 2.5844155844155843, 3.8392857142857144, 2.8309859154929575, 1.6603773584905661, 1.8795180722891567, 1.3620689655172413, 1.55, 1.4444444444444444, 1.0, 7.0, null], "today": [null, null, null, null, null, 1.0, 2.0, null, 1.0, null, null, 1.0, 1.0, null, null, null, null, 1.0, null, 1.0, null, null, null, null]}, "Kamunting": {"baseline": [1.0, 1.0, 1.0, null, 1.0, 1.0, 1.2456140350877194, 1.14, 1.2, 1.1797752808988764, 1.3636363636363635, 1.2244897959183674, 1.4444444444444444, 1.4, 1.4545454545454546, 1.457142857142857, 1.2666666666666666, 1.3859649122807018, 1.1666666666666667, 1.8461538461538463, null, 2.0, 1.0, null], "baseline_730": [1.0, 1.0, 1.0, null, 1.0, 1.0, 1.2456140350877194, 1.14, 1.2, 1.1797752808988764, 1.3636363636363635, 1.2244897959183674, 1.4444444444444444, 1.4, 1.4545454545454546, 1.457142857142857, 1.2666666666666666, 1.3859649122807018, 1.1666666666666667, 1.8461538461538463, null, 2.0, 1.0, null],