{"service": "komuter_utara", "origin": "Padang Rengas", "latest_date": "2026-07-08", "destinations": {"Alor Setar": {"baseline": [2.0, 1.0, null, 1.0, 1.25, 1.25, 1.1951219512195121, 1.0, 1.3333333333333333, 1.25, 1.8, 1.2727272727272727, 1.0, 1.0769230769230769, 1.1666666666666667, 1.2, 1.6666666666666667, 1.1904761904761905, 1.0769230769230769, 1.0, 1.0, 1.0, 1.5714285714285714, 1.0], "baseline_730": [2.0, 1.0, null, 1.0, 1.25, 1.25, 1.1951219512195121, 1.0, 1.3333333333333333, 1.25, 1.8, 1.2727272727272727, 1.0, 1.0769230769230769, 1.1666666666666667, 1.2, 1.6666666666666667, 1.1904761904761905, 1.0769230769230769, 1.0, 1.0, 1.0, 1.5714285714285714, 1.0], "today": [null, null, null, null, null, null, null, null, null, null, null, null, null, null, null, null, null, null, null, null, null, null, null, null]}, "Anak Bukit": {"baseline": [1.0, null, null, null, null, null, 1.125, 1.1666666666666667, 1.0769230769230769, 1.6, 1.2, 1.1818181818181819, 1.5, 1.4285714285714286, 1.0, 1.1666666666666667, 1.25, 1.5, 1.2, 1.0, 1.0, null, 1.0, null], "baseline_730": [1.0, null, null, null, null, null, 1.125, 1.1666666666666667, 1.0769230769230769, 1.6, 1.2, 1.1818181818181819, 1.5, 1.4285714285714286, 1.0, 1.1666666666666667, 1.25, 1.5, 1.2, 1.0, 1.0, null, 1.0, null], "today": [null, null, null, null, null, null, null, null, null, null, null, null, null, null, null, null, null, null, null, null, null, null, null, null]}, "Arau": {"baseline": [1.0, null, null, 1.0, 1.5, 1.5, 1.4, 1.1666666666666667, 1.25, 1.0, 1.25, 1.3157894736842106, 1.1, 1.3333333333333333, 1.4, 1.2173913043478262, 1.2307692307692308, 1.1363636363636365, 1.0454545454545454, 1.3333333333333333, 1.0, 1.0, null, null], "baseline_730": [1.0, null, null, 1.0, 1.5, 1.5, 1.4, 1.1666666666666667, 1.25, 1.0, 1.25, 1.3157894736842106, 1.1, 1.3333333333333333, 1.4, 1.2173913043478262, 1.2307692307692308, 1.1363636363636365, 1.0454545454545454, 1.3333333333333333, 1.0, 1.0, null, null], "today": [null, null, null, null, null, null, null, null, null, null, null, null, null, null, null, null, null, null, null, null, null, null, null, null]}, "Bagan Serai": {"baseline": [2.0, 1.0, null, null, null, 1.0, 1.1363636363636365, 1.25, 1.0, 1.4090909090909092, 1.4, 2.0, 1.0, 1.3333333333333333, 1.6, 1.2307692307692308, 1.2222222222222223, 1.4814814814814814, 1.368421052631579, 1.5, 1.0, null, null, null], "baseline_730": [2.0, 1.0, null, null, null, 1.0, 1.1363636363636365, 1.25, 1.0, 1.4090909090909092, 1.4, 2.0, 1.0, 1.3333333333333333, 1.6, 1.2307692307692308, 1.2222222222222223, 1.4814814814814814, 1.368421052631579, 1.5, 1.0, null, null, null], "today": [null, null, null, null, null, null, null, null, null, null, null, null, null, null, null, null, null, 2.0, null, null, null, null, null, null]}, "Bukit Ketri": {"baseline": [1.0, 1.0, null, null, null, 1.0, 1.5, 1.5, 1.25, 1.0, 2.0, 1.0, 1.5, 1.5, 1.0, 1.2, 1.0, 1.0, 1.0, null, null, null, null, 1.0], "baseline_730": [1.0, 1.0, null, null, null, 1.0, 1.5, 1.5, 1.25, 1.0, 2.0, 1.0, 1.5, 1.5, 1.0, 1.2, 1.0, 1.0, 1.0, null, null, null, null, 1.0], "today": [null, null, null, null, null, null, null, null, null, null, null, null, null, null, null, null, null, null, null, null, null, null, null, null]}, "Bukit Mertajam": {"baseline": [1.0, null, 1.5, 3.0, 1.0, 1.1818181818181819, 2.302158273381295, 1.4919354838709677, 1.2792792792792793, 1.653061224489796, 1.6538461538461537, 1.4137931034482758, 1.5454545454545454, 1.5925925925925926, 1.2, 1.675, 1.28, 1.4833333333333334, 1.5454545454545454, 1.3571428571428572, 1.25, null, 4.0, null], "baseline_730": [1.0, null, 1.5, 3.0, 1.0, 1.1818181818181819, 2.302158273381295, 1.4919354838709677, 1.2792792792792793, 1.653061224489796, 1.6538461538461537, 1.4137931034482758, 1.5454545454545454, 1.5925925925925926, 1.2, 1.675, 1.28, 1.4833333333333334, 1.5454545454545454, 1.3571428571428572, 1.25, null, 4.0, null], "today": [null, null, null, null, null, null, 2.0, 2.0, 1.0, null, null, null, null, null, 1.0, 1.0, null, null, null, 2.0, 1.0, null, null, null]}, "Bukit Tengah": {"baseline": [null, null, null, null, 1.125, 1.0, 1.2280701754385965, 1.0, 1.0, 1.2727272727272727, 1.1, 1.3658536585365855, 1.0, 1.1153846153846154, 1.1111111111111112, 1.2105263157894737, 1.1666666666666667, 1.2083333333333333, 1.2439024390243902, 1.1, 1.0, 1.0, 1.0, null], "baseline_730": [null, null, null, null, 1.125, 1.0, 1.2280701754385965, 1.0, 1.0, 1.2727272727272727, 1.1, 1.3658536585365855, 1.0, 1.1153846153846154, 1.1111111111111112, 1.2105263157894737, 1.1666666666666667, 1.2083333333333333, 1.2439024390243902, 1.1, 1.0, 1.0, 1.0, null], "today": [null, null, null, null, null, null, null, null, null, null, null, 1.0, null, null, null, null, 1.0, null, 1.0, null, null, null, null, null]}, "Butterworth": {"baseline": [1.0, 1.0, 1.0, null, 1.1666666666666667, 1.1333333333333333, 1.8585858585858586, 1.2093023255813953, 1.392156862745098, 1.72, 1.5, 1.4264705882352942, 1.4, 1.564102564102564, 1.3333333333333333, 1.7169811320754718, 1.6333333333333333, 1.6388888888888888, 1.4193548387096775, 1.3333333333333333, 1.2222222222222223, null, 8.0, null], "baseline_730": [1.0, 1.0, 1.0, null, 1.1666666666666667, 1.1333333333333333, 1.8585858585858586, 1.2093023255813953, 1.392156862745098, 1.72, 1.5, 1.4264705882352942, 1.4, 1.564102564102564, 1.3333333333333333, 1.7169811320754718, 1.6333333333333333, 1.6388888888888888, 1.4193548387096775, 1.3333333333333333, 1.2222222222222223, null, 8.0, null], "today": [null, null, null, null, null, null, 1.0, null, null, null, null, 2.0, null, null, null, null, null, null, null, 1.0, null, null, null, null]}, "Gurun": {"baseline": [null, null, null, null, null, 1.0, 1.2941176470588236, 1.0, 1.0, null, null, 1.4285714285714286, null, 1.7, 1.25, 1.0625, 2.6666666666666665, 1.0476190476190477, 1.0, 1.0, null, null, null, null], "baseline_730": [null, null, null, null, null, 1.0, 1.2941176470588236, 1.0, 1.0, null, null, 1.4285714285714286, null, 1.7, 1.25, 1.0625, 2.6666666666666665, 1.0476190476190477, 1.0, 1.0, null, null, null, null], "today": [null, null, null, null, null, null, null, null, null, null, null, null, null, null, null, null, null, null, null, null, null, null, null, null]}, "Ipoh": {"baseline": [1.0909090909090908, 1.0, 1.0, 1.0, 1.2, 1.0769230769230769, 2.8451612903225807, 2.3402777777777777, 2.06, 1.7837837837837838, 2.253012048192771, 1.5254237288135593, 1.9333333333333333, 2.6666666666666665, 3.8870967741935485, 2.933333333333333, 1.6065573770491803, 1.865979381443299, 1.3181818181818181, 1.5, 1.4285714285714286, 1.0, 7.0, null], "baseline_730": [1.0909090909090908, 1.0, 1.0, 1.0, 1.2, 1.0769230769230769, 2.8451612903225807, 2.3402777777777777, 2.06, 1.7837837837837838, 2.253012048192771, 1.5254237288135593, 1.9333333333333333, 2.6666666666666665, 3.8870967741935485, 2.933333333333333, 1.6065573770491803, 1.865979381443299, 1.3181818181818181, 1.5, 1.4285714285714286, 1.0, 7.0, null], "today": [null, 1.0, null, null, null, 1.0, 3.0, null, 2.0, null, null, null, null, null, null, null, null, 1.0, null, 2.0, null, null, null, null]}, "Kamunting": {"baseline": [1.0, 1.0, 1.0, null, 1.0, 1.0, 1.2794117647058822, 1.1320754716981132, 1.1935483870967742, 1.168421052631579, 1.3333333333333333, 1.2105263157894737, 1.4, 1.393939393939394, 1.4285714285714286, 1.4444444444444444, 1.263157894736842, 1.457142857142857, 1.1515151515151516, 1.8461538461538463, null, 2.0, 1.0, null], "baseline_730": [1.0, 1.0, 1.0, null, 1.0, 1.0, 1.2794117647058822, 1.1320754716981132, 1.1935483870967742, 1.168421052631579, 1.3333333333333333, 1.2105263157894737, 1.4, 1.393939393939394, 1.4285714285714286, 1.4444444444444444, 1.263157894736842, 1.457142857142857, 1.1515151515151516, 1.8461538461538463, null, 2.0, 1.0, null], "today": [null, null, null, null, null, null, 1.0, 1.0, 1.0, null, null, 1.0, null, null, null, null, null, 3.0, null, null, null, null, null, null]},