{"service": "komuter_utara", "origin": "Padang Rengas", "latest_date": "2026-07-05", "destinations": {"Alor Setar": {"baseline": [2.0, 1.0, null, 1.0, 1.25, 1.25, 1.2, 1.0, 1.3333333333333333, 1.2666666666666666, 1.8, 1.2727272727272727, 1.0, 1.0769230769230769, 1.1666666666666667, 1.2142857142857142, 1.6666666666666667, 1.1904761904761905, 1.0769230769230769, 1.0, 1.0, 1.0, 1.5714285714285714, 1.0], "baseline_730": [2.0, 1.0, null, 1.0, 1.25, 1.25, 1.2, 1.0, 1.3333333333333333, 1.2666666666666666, 1.8, 1.2727272727272727, 1.0, 1.0769230769230769, 1.1666666666666667, 1.2142857142857142, 1.6666666666666667, 1.1904761904761905, 1.0769230769230769, 1.0, 1.0, 1.0, 1.5714285714285714, 1.0], "today": [null, null, null, null, null, null, null, null, null, 1.0, null, null, null, null, null, null, null, null, null, null, null, null, null, null]}, "Anak Bukit": {"baseline": [1.0, null, null, null, null, null, 1.1333333333333333, 1.1666666666666667, 1.0769230769230769, 1.75, 1.2, 1.1, 1.5, 1.4285714285714286, 1.0, 1.1470588235294117, 1.25, 1.5, 1.2, 1.0, 1.0, null, 1.0, null], "baseline_730": [1.0, null, null, null, null, null, 1.1333333333333333, 1.1666666666666667, 1.0769230769230769, 1.75, 1.2, 1.1, 1.5, 1.4285714285714286, 1.0, 1.1470588235294117, 1.25, 1.5, 1.2, 1.0, 1.0, null, 1.0, null], "today": [null, null, null, null, null, null, 1.0, null, null, 1.0, null, null, null, null, null, 2.0, null, null, null, 1.0, null, null, null, null]}, "Arau": {"baseline": [1.0, null, null, 1.0, 1.5, 1.5, 1.3953488372093024, 1.1666666666666667, 1.25, 1.0, 1.25, 1.3333333333333333, 1.1111111111111112, 1.3571428571428572, 1.4, 1.2272727272727273, 1.2307692307692308, 1.1363636363636365, 1.0476190476190477, 1.3333333333333333, 1.0, 1.0, null, null], "baseline_730": [1.0, null, null, 1.0, 1.5, 1.5, 1.3953488372093024, 1.1666666666666667, 1.25, 1.0, 1.25, 1.3333333333333333, 1.1111111111111112, 1.3571428571428572, 1.4, 1.2272727272727273, 1.2307692307692308, 1.1363636363636365, 1.0476190476190477, 1.3333333333333333, 1.0, 1.0, null, null], "today": [null, null, null, null, null, null, null, null, null, 1.0, null, 1.0, 1.0, 1.0, null, 1.0, null, null, 1.0, null, null, null, null, null]}, "Bagan Serai": {"baseline": [2.0, 1.0, null, null, null, 1.0, 1.1363636363636365, 1.25, 1.0, 1.4285714285714286, 1.4, 2.111111111111111, 1.0, 1.3333333333333333, 1.6, 1.1666666666666667, 1.25, 1.48, 1.368421052631579, 1.5, 1.0, null, null, null], "baseline_730": [2.0, 1.0, null, null, null, 1.0, 1.1363636363636365, 1.25, 1.0, 1.4285714285714286, 1.4, 2.111111111111111, 1.0, 1.3333333333333333, 1.6, 1.1666666666666667, 1.25, 1.48, 1.368421052631579, 1.5, 1.0, null, null, null], "today": [null, null, null, null, null, null, null, null, null, null, null, null, null, null, null, 2.0, 1.0, null, null, null, null, null, null, null]}, "Bukit Ketri": {"baseline": [1.0, 1.0, null, null, null, 1.0, 1.5, 1.5, 1.25, 1.0, 2.0, 1.0, 1.5, 1.5, 1.0, 1.2, 1.0, 1.0, 1.0, null, null, null, null, 1.0], "baseline_730": [1.0, 1.0, null, null, null, 1.0, 1.5, 1.5, 1.25, 1.0, 2.0, 1.0, 1.5, 1.5, 1.0, 1.2, 1.0, 1.0, 1.0, null, null, null, null, 1.0], "today": [null, null, null, null, null, null, null, null, null, null, null, null, null, null, null, null, null, null, null, null, null, null, null, null]}, "Bukit Mertajam": {"baseline": [1.0, null, 1.5, 3.0, 1.0, 1.1818181818181819, 2.2992700729927007, 1.5, 1.2777777777777777, 1.574468085106383, 1.6538461538461537, 1.4107142857142858, 1.5625, 1.6153846153846154, 1.2063492063492063, 1.6923076923076923, 1.28, 1.4745762711864407, 1.56, 1.3623188405797102, 1.1176470588235294, null, 4.0, null], "baseline_730": [1.0, null, 1.5, 3.0, 1.0, 1.1818181818181819, 2.2992700729927007, 1.5, 1.2777777777777777, 1.574468085106383, 1.6538461538461537, 1.4107142857142858, 1.5625, 1.6153846153846154, 1.2063492063492063, 1.6923076923076923, 1.28, 1.4745762711864407, 1.56, 1.3623188405797102, 1.1176470588235294, null, 4.0, null], "today": [null, null, null, null, null, null, 3.0, null, 1.0, 4.0, null, 1.0, null, null, null, 1.0, null, null, 1.0, null, null, null, null, null]}, "Bukit Tengah": {"baseline": [null, null, null, null, 1.125, 1.0, 1.2181818181818183, 1.0, 1.0, 1.2727272727272727, 1.1, 1.375, 1.0, 1.08, 1.1111111111111112, 1.2222222222222223, 1.1764705882352942, 1.173913043478261, 1.2439024390243902, 1.1, 1.0, 1.0, 1.0, null], "baseline_730": [null, null, null, null, 1.125, 1.0, 1.2181818181818183, 1.0, 1.0, 1.2727272727272727, 1.1, 1.375, 1.0, 1.08, 1.1111111111111112, 1.2222222222222223, 1.1764705882352942, 1.173913043478261, 1.2439024390243902, 1.1, 1.0, 1.0, 1.0, null], "today": [null, null, null, null, null, null, 2.0, null, null, null, null, 1.0, null, 2.0, null, null, 1.0, 2.0, null, null, null, null, null, null]}, "Butterworth": {"baseline": [1.0, 1.0, 1.0, null, 1.1666666666666667, 1.1333333333333333, 1.8556701030927836, 1.2093023255813953, 1.38, 1.72, 1.4838709677419355, 1.4328358208955223, 1.3823529411764706, 1.564102564102564, 1.3333333333333333, 1.7115384615384615, 1.6333333333333333, 1.6571428571428573, 1.4262295081967213, 1.3333333333333333, 1.0, null, 8.0, null], "baseline_730": [1.0, 1.0, 1.0, null, 1.1666666666666667, 1.1333333333333333, 1.8556701030927836, 1.2093023255813953, 1.38, 1.72, 1.4838709677419355, 1.4328358208955223, 1.3823529411764706, 1.564102564102564, 1.3333333333333333, 1.7115384615384615, 1.6333333333333333, 1.6571428571428573, 1.4262295081967213, 1.3333333333333333, 1.0, null, 8.0, null], "today": [null, null, null, null, null, null, 3.0, null, null, null, null, null, 2.0, null, null, 2.0, null, 1.0, 1.0, null, 3.0, null, null, null]}, "Gurun": {"baseline": [null, null, null, null, null, 1.0, 1.2941176470588236, 1.0, 1.0, null, null, 1.4285714285714286, null, 1.7, 1.25, 1.0625, 2.6666666666666665, 1.0476190476190477, 1.0, 1.0, null, null, null, null], "baseline_730": [null, null, null, null, null, 1.0, 1.2941176470588236, 1.0, 1.0, null, null, 1.4285714285714286, null, 1.7, 1.25, 1.0625, 2.6666666666666665, 1.0476190476190477, 1.0, 1.0, null, null, null, null], "today": [null, null, null, null, null, null, null, null, null, null, null, null, null, null, null, null, null, null, null, null, null, null, null, null]}, "Ipoh": {"baseline": [1.0909090909090908, 1.0, 1.0, 1.0, 1.2, 1.0793650793650793, 2.8552631578947367, 2.3309859154929575, 2.061224489795918, 1.7397260273972603, 2.253012048192771, 1.5172413793103448, 1.9333333333333333, 2.6666666666666665, 3.8870967741935485, 2.933333333333333, 1.6166666666666667, 1.8842105263157896, 1.323076923076923, 1.5106382978723405, 1.45, 1.0, 7.0, null], "baseline_730": [1.0909090909090908, 1.0, 1.0, 1.0, 1.2, 1.0793650793650793, 2.8552631578947367, 2.3309859154929575, 2.061224489795918, 1.7397260273972603, 2.253012048192771, 1.5172413793103448, 1.9333333333333333, 2.6666666666666665, 3.8870967741935485, 2.933333333333333, 1.6166666666666667, 1.8842105263157896, 1.323076923076923, 1.5106382978723405, 1.45, 1.0, 7.0, null], "today": [null, null, null, null, null, null, 2.0, null, 3.0, 5.0, null, 2.0, null, null, null, null, null, 1.0, 1.0, 1.0, null, null, null, null]}, "Kamunting": {"baseline": [1.0, 1.0, 1.0, null, 1.0, 1.0, 1.2575757575757576, 1.1320754716981132, 1.1935483870967742, 1.1720430107526882, 1.3333333333333333, 1.1964285714285714, 1.4, 1.393939393939394, 1.4285714285714286, 1.4444444444444444, 1.263157894736842, 1.4411764705882353, 1.15625, 1.8461538461538463, null, 2.0, 1.0, null], "baseline_730": [1.0, 1.0, 1.0, null, 1.0, 1.0, 1.2575757575757576, 1.1320754716981132, 1.1935483870967742, 1.1720430107526882, 1.3333333333333333, 1.1964285714285714, 1.4, 1.393939393939394, 1.4285714285714286, 1.4444444444444444, 1.263157894736842, 1.4411764705882353, 1.15625, 1.8461538461538463, null, 2.0, 1.0, null], "today": [null, null, null, null, null, null, 1.0, null, null, 1.0, null, null, null, null, null, null, null, null, null, null, null, null, null, null]},