{"service": "komuter_utara", "origin": "Padang Rengas", "latest_date": "2026-07-23", "destinations": {"Alor Setar": {"baseline": [2.0, 1.0, null, 1.0, 1.25, 1.25, 1.1818181818181819, 1.0, 1.3333333333333333, 1.25, 1.6666666666666667, 1.25, 1.0, 1.0769230769230769, 1.1428571428571428, 1.2, 1.6666666666666667, 1.1904761904761905, 1.0714285714285714, 1.0, 1.0, 1.0, 1.5714285714285714, 1.0], "baseline_730": [2.0, 1.0, null, 1.0, 1.25, 1.25, 1.1818181818181819, 1.0, 1.3333333333333333, 1.25, 1.6666666666666667, 1.25, 1.0, 1.0769230769230769, 1.1428571428571428, 1.2, 1.6666666666666667, 1.1904761904761905, 1.0714285714285714, 1.0, 1.0, 1.0, 1.5714285714285714, 1.0], "today": [null, null, null, null, null, null, null, null, null, 1.0, null, null, null, null, null, null, null, null, null, null, null, null, null, null]}, "Anak Bukit": {"baseline": [1.0, null, null, null, null, null, 1.1176470588235294, 1.1666666666666667, 1.0769230769230769, 1.6, 1.2, 1.1818181818181819, 1.4, 1.4285714285714286, 1.1428571428571428, 1.1891891891891893, 1.3333333333333333, 1.5, 1.2, 1.0, 1.0, null, 1.0, null], "baseline_730": [1.0, null, null, null, null, null, 1.1176470588235294, 1.1666666666666667, 1.0769230769230769, 1.6, 1.2, 1.1818181818181819, 1.4, 1.4285714285714286, 1.1428571428571428, 1.1891891891891893, 1.3333333333333333, 1.5, 1.2, 1.0, 1.0, null, 1.0, null], "today": [null, null, null, null, null, null, null, null, null, null, null, null, null, null, null, null, null, null, null, null, null, null, null, null]}, "Arau": {"baseline": [1.0, null, null, 1.0, 1.5, 1.5, 1.391304347826087, 1.1666666666666667, 1.25, 1.0, 1.2307692307692308, 1.35, 1.0909090909090908, 1.3333333333333333, 1.4, 1.2173913043478262, 1.2307692307692308, 1.1363636363636365, 1.0454545454545454, 1.3333333333333333, 1.0, 1.0, null, null], "baseline_730": [1.0, null, null, 1.0, 1.5, 1.5, 1.391304347826087, 1.1666666666666667, 1.25, 1.0, 1.2307692307692308, 1.35, 1.0909090909090908, 1.3333333333333333, 1.4, 1.2173913043478262, 1.2307692307692308, 1.1363636363636365, 1.0454545454545454, 1.3333333333333333, 1.0, 1.0, null, null], "today": [null, null, null, null, null, null, null, null, null, null, null, null, null, null, null, null, null, null, null, null, null, null, null, null]}, "Bagan Serai": {"baseline": [2.0, 1.0, null, null, null, 1.0, 1.1304347826086956, 1.25, 1.0, 1.4090909090909092, 1.4, 1.9090909090909092, 1.0, 1.3846153846153846, 1.6, 1.2307692307692308, 1.2222222222222223, 1.5517241379310345, 1.380952380952381, 1.5, 1.0, null, null, null], "baseline_730": [2.0, 1.0, null, null, null, 1.0, 1.1304347826086956, 1.25, 1.0, 1.4090909090909092, 1.4, 1.9090909090909092, 1.0, 1.3846153846153846, 1.6, 1.2307692307692308, 1.2222222222222223, 1.5517241379310345, 1.380952380952381, 1.5, 1.0, null, null, null], "today": [null, null, null, null, null, null, null, null, null, null, null, null, null, null, null, null, null, null, null, null, null, null, null, null]}, "Bukit Ketri": {"baseline": [1.0, 1.0, null, null, null, 1.0, 1.5, 1.5, 1.25, 1.0, 2.0, 1.0, 1.5, 1.5, 1.0, 1.2, 1.0, 1.0, 1.0, null, null, null, null, 1.0], "baseline_730": [1.0, 1.0, null, null, null, 1.0, 1.5, 1.5, 1.25, 1.0, 2.0, 1.0, 1.5, 1.5, 1.0, 1.2, 1.0, 1.0, 1.0, null, null, null, null, 1.0], "today": [null, null, null, null, null, null, null, null, null, null, null, null, null, null, null, null, null, null, null, null, null, null, null, null]}, "Bukit Mertajam": {"baseline": [1.0, null, 1.5, 3.0, 1.0, 1.2, 2.335616438356164, 1.4921875, 1.2735042735042734, 1.6274509803921569, 1.6296296296296295, 1.4067796610169492, 1.5142857142857142, 1.5517241379310345, 1.1857142857142857, 1.6136363636363635, 1.2745098039215685, 1.4603174603174602, 1.5185185185185186, 1.356164383561644, 1.2820512820512822, null, 4.0, null], "baseline_730": [1.0, null, 1.5, 3.0, 1.0, 1.2, 2.335616438356164, 1.4921875, 1.2735042735042734, 1.6274509803921569, 1.6296296296296295, 1.4067796610169492, 1.5142857142857142, 1.5517241379310345, 1.1857142857142857, 1.6136363636363635, 1.2745098039215685, 1.4603174603174602, 1.5185185185185186, 1.356164383561644, 1.2820512820512822, null, 4.0, null], "today": [null, null, null, null, null, null, 4.0, 1.0, 3.0, null, null, null, null, null, 1.0, 1.0, null, null, 2.0, 1.0, 1.0, null, null, null]}, "Bukit Tengah": {"baseline": [null, null, null, null, 1.125, 1.0, 1.2333333333333334, 1.0, 1.0, 1.3043478260869565, 1.1, 1.326086956521739, 1.0, 1.1111111111111112, 1.1111111111111112, 1.25, 1.1578947368421053, 1.2083333333333333, 1.25, 1.1, 1.0, 1.0, 1.0, null], "baseline_730": [null, null, null, null, 1.125, 1.0, 1.2333333333333334, 1.0, 1.0, 1.3043478260869565, 1.1, 1.326086956521739, 1.0, 1.1111111111111112, 1.1111111111111112, 1.25, 1.1578947368421053, 1.2083333333333333, 1.25, 1.1, 1.0, 1.0, 1.0, null], "today": [null, null, null, null, null, null, null, 1.0, null, null, null, 1.0, null, null, null, null, null, null, null, null, null, null, null, null]}, "Butterworth": {"baseline": [1.0, 1.0, 1.0, null, 1.1666666666666667, 1.127659574468085, 1.8461538461538463, 1.2093023255813953, 1.3571428571428572, 1.7058823529411764, 1.6857142857142857, 1.4225352112676057, 1.4324324324324325, 1.55, 1.3214285714285714, 1.7454545454545454, 1.6333333333333333, 1.6578947368421053, 1.4285714285714286, 1.3461538461538463, 1.2222222222222223, null, 8.0, null], "baseline_730": [1.0, 1.0, 1.0, null, 1.1666666666666667, 1.127659574468085, 1.8461538461538463, 1.2093023255813953, 1.3571428571428572, 1.7058823529411764, 1.6857142857142857, 1.4225352112676057, 1.4324324324324325, 1.55, 1.3214285714285714, 1.7454545454545454, 1.6333333333333333, 1.6578947368421053, 1.4285714285714286, 1.3461538461538463, 1.2222222222222223, null, 8.0, null], "today": [null, null, null, null, null, null, null, null, null, null, null, 1.0, null, null, null, null, null, null, 2.0, null, null, null, null, null]}, "Gurun": {"baseline": [null, null, null, null, null, 1.0, 1.2941176470588236, 1.0, 1.0, 2.0, null, 1.4285714285714286, null, 1.7, 1.25, 1.0625, 2.6666666666666665, 1.0454545454545454, 1.0, 1.0, null, null, null, null], "baseline_730": [null, null, null, null, null, 1.0, 1.2941176470588236, 1.0, 1.0, 2.0, null, 1.4285714285714286, null, 1.7, 1.25, 1.0625, 2.6666666666666665, 1.0454545454545454, 1.0, 1.0, null, null, null, null], "today": [null, null, null, null, null, null, null, null, null, null, null, null, null, null, null, null, null, null, null, null, null, null, null, null]}, "Ipoh": {"baseline": [1.0909090909090908, 1.0, 1.1111111111111112, 1.0, 1.1818181818181819, 1.0735294117647058, 2.813664596273292, 2.3445945945945947, 2.0373831775700935, 1.763157894736842, 2.255813953488372, 1.5483870967741935, 1.9344262295081966, 2.63855421686747, 3.753846153846154, 2.871794871794872, 1.5757575757575757, 1.8514851485148516, 1.318840579710145, 1.5, 1.4285714285714286, 1.0, 7.0, null], "baseline_730": [1.0909090909090908, 1.0, 1.1111111111111112, 1.0, 1.1818181818181819, 1.0735294117647058, 2.813664596273292, 2.3445945945945947, 2.0373831775700935, 1.763157894736842, 2.255813953488372, 1.5483870967741935, 1.9344262295081966, 2.63855421686747, 3.753846153846154, 2.871794871794872, 1.5757575757575757, 1.8514851485148516, 1.318840579710145, 1.5, 1.4285714285714286, 1.0, 7.0, null], "today": [2.0, null, null, null, null, 1.0, 1.0, 2.0, 2.0, 1.0, 3.0, 1.0, null, null, 2.0, 1.0, 1.0, 2.0, null, null, null, null, null, null]}, "Kamunting": {"baseline": [1.0, 1.0, 1.0, null, 1.0, 1.0, 1.2702702702702702, 1.1272727272727272, 1.1875, 1.163265306122449, 1.3333333333333333, 1.2258064516129032, 1.4, 1.411764705882353, 1.4285714285714286, 1.4324324324324325, 1.263157894736842, 1.48, 1.1428571428571428, 1.8461538461538463, null, 2.0, 1.0, null],