{"service": "komuter_utara", "origin": "Padang Rengas", "latest_date": "2026-07-04", "destinations": {"Alor Setar": {"baseline": [2.0, 1.0, null, 1.0, 1.25, 1.25, 1.205128205128205, 1.0, 1.3333333333333333, 1.2666666666666666, 1.8, 1.2727272727272727, 1.0, 1.0833333333333333, 1.1666666666666667, 1.2307692307692308, 1.6666666666666667, 1.2, 1.0769230769230769, 1.0, null, 1.0, 1.5714285714285714, 1.0], "baseline_730": [2.0, 1.0, null, 1.0, 1.25, 1.25, 1.205128205128205, 1.0, 1.3333333333333333, 1.2666666666666666, 1.8, 1.2727272727272727, 1.0, 1.0833333333333333, 1.1666666666666667, 1.2307692307692308, 1.6666666666666667, 1.2, 1.0769230769230769, 1.0, null, 1.0, 1.5714285714285714, 1.0], "today": [null, null, null, null, null, null, null, 1.0, null, null, null, null, null, 1.0, null, null, null, null, null, null, null, null, null, null]}, "Anak Bukit": {"baseline": [1.0, null, null, null, null, null, 1.1428571428571428, 1.1666666666666667, 1.0, 2.0, 1.2, 1.125, 1.5, 1.4285714285714286, 1.0, 1.15625, 1.25, 1.6, 1.2, 1.0, 1.0, null, 1.0, null], "baseline_730": [1.0, null, null, null, null, null, 1.1428571428571428, 1.1666666666666667, 1.0, 2.0, 1.2, 1.125, 1.5, 1.4285714285714286, 1.0, 1.15625, 1.25, 1.6, 1.2, 1.0, 1.0, null, 1.0, null], "today": [null, null, null, null, null, null, null, null, 1.0, null, null, null, null, null, null, null, null, null, null, null, null, null, null, null]}, "Arau": {"baseline": [1.0, null, null, 1.0, 1.5, 1.5, 1.35, 1.25, 1.0909090909090908, 1.0, 1.25, 1.1875, 1.0, 1.3571428571428572, 1.4, 1.2272727272727273, 1.2307692307692308, 1.1428571428571428, 1.0476190476190477, 1.3333333333333333, 1.0, 1.0, null, null], "baseline_730": [1.0, null, null, 1.0, 1.5, 1.5, 1.35, 1.25, 1.0909090909090908, 1.0, 1.25, 1.1875, 1.0, 1.3571428571428572, 1.4, 1.2272727272727273, 1.2307692307692308, 1.1428571428571428, 1.0476190476190477, 1.3333333333333333, 1.0, 1.0, null, null], "today": [null, null, null, null, null, null, null, 1.0, null, null, null, null, 2.0, null, null, null, null, null, null, null, null, null, null, null]}, "Bagan Serai": {"baseline": [2.0, 1.0, null, null, null, 1.0, 1.1363636363636365, 1.3333333333333333, 1.0, 1.4736842105263157, 1.2222222222222223, 2.111111111111111, 1.0, 1.3333333333333333, 1.6, 1.1666666666666667, 1.25, 1.4, 1.3125, 1.1666666666666667, 1.0, null, null, null], "baseline_730": [2.0, 1.0, null, null, null, 1.0, 1.1363636363636365, 1.3333333333333333, 1.0, 1.4736842105263157, 1.2222222222222223, 2.111111111111111, 1.0, 1.3333333333333333, 1.6, 1.1666666666666667, 1.25, 1.4, 1.3125, 1.1666666666666667, 1.0, null, null, null], "today": [null, null, null, null, null, null, null, 1.0, null, null, null, null, null, null, null, null, null, null, null, null, null, null, null, null]}, "Bukit Ketri": {"baseline": [1.0, 1.0, null, null, null, 1.0, 1.6666666666666667, 1.5, 1.25, 1.0, 2.0, 1.0, 1.5, 1.5, 1.0, 1.2, 1.0, 1.0, 1.0, null, null, null, null, 1.0], "baseline_730": [1.0, 1.0, null, null, null, 1.0, 1.6666666666666667, 1.5, 1.25, 1.0, 2.0, 1.0, 1.5, 1.5, 1.0, 1.2, 1.0, 1.0, 1.0, null, null, null, null, 1.0], "today": [null, null, null, null, null, null, null, null, null, null, null, null, null, null, null, null, null, null, null, null, null, null, null, null]}, "Bukit Mertajam": {"baseline": [1.0, null, 1.5, 3.0, 1.0, 1.2, 2.3125, 1.4778761061946903, 1.2772277227722773, 1.5777777777777777, 1.64, 1.3269230769230769, 1.5666666666666667, 1.6666666666666667, 1.1929824561403508, 1.6923076923076923, 1.3043478260869565, 1.4827586206896552, 1.5616438356164384, 1.3650793650793651, 1.1290322580645162, null, 4.0, null], "baseline_730": [1.0, null, 1.5, 3.0, 1.0, 1.2, 2.3125, 1.4778761061946903, 1.2772277227722773, 1.5777777777777777, 1.64, 1.3269230769230769, 1.5666666666666667, 1.6666666666666667, 1.1929824561403508, 1.6923076923076923, 1.3043478260869565, 1.4827586206896552, 1.5616438356164384, 1.3650793650793651, 1.1290322580645162, null, 4.0, null], "today": [null, null, null, null, null, null, 1.0, 2.0, null, 2.0, 2.0, null, 1.0, null, null, null, 1.0, null, null, 1.0, null, null, null, null]}, "Bukit Tengah": {"baseline": [null, null, null, null, 1.125, 1.0, 1.2307692307692308, 1.0, 1.0, 1.25, 1.1, 1.4411764705882353, 1.0, 1.0833333333333333, 1.1111111111111112, 1.2352941176470589, 1.1764705882352942, 1.2, 1.25, 1.1, 1.0, 1.0, 1.0, null], "baseline_730": [null, null, null, null, 1.125, 1.0, 1.2307692307692308, 1.0, 1.0, 1.25, 1.1, 1.4411764705882353, 1.0, 1.0833333333333333, 1.1111111111111112, 1.2352941176470589, 1.1764705882352942, 1.2, 1.25, 1.1, 1.0, 1.0, 1.0, null], "today": [null, null, null, null, null, null, 1.0, null, null, 2.0, null, 1.0, null, null, null, null, null, null, null, null, null, null, null, null]}, "Butterworth": {"baseline": [1.0, 1.0, 1.0, null, 1.2, 1.1363636363636365, 1.8709677419354838, 1.2195121951219512, 1.3958333333333333, 1.75, 1.5, 1.4126984126984128, 1.393939393939394, 1.5526315789473684, 1.3461538461538463, 1.7346938775510203, 1.6333333333333333, 1.6567164179104477, 1.456140350877193, 1.380952380952381, 1.0, null, 8.0, null], "baseline_730": [1.0, 1.0, 1.0, null, 1.2, 1.1363636363636365, 1.8709677419354838, 1.2195121951219512, 1.3958333333333333, 1.75, 1.5, 1.4126984126984128, 1.393939393939394, 1.5526315789473684, 1.3461538461538463, 1.7346938775510203, 1.6333333333333333, 1.6567164179104477, 1.456140350877193, 1.380952380952381, 1.0, null, 8.0, null], "today": [null, null, null, null, null, null, null, null, null, null, null, null, 1.0, null, null, null, null, null, null, null, null, null, null, null]}, "Gurun": {"baseline": [null, null, null, null, null, 1.0, 1.2941176470588236, 1.0, 1.0, null, null, 1.4285714285714286, null, 1.7, 1.25, 1.0666666666666667, 2.6666666666666665, 1.05, 1.0, 1.0, null, null, null, null], "baseline_730": [null, null, null, null, null, 1.0, 1.2941176470588236, 1.0, 1.0, null, null, 1.4285714285714286, null, 1.7, 1.25, 1.0666666666666667, 2.6666666666666665, 1.05, 1.0, 1.0, null, null, null, null], "today": [null, null, null, null, null, null, null, null, null, null, null, null, null, null, null, null, null, null, null, null, null, null, null, null]}, "Ipoh": {"baseline": [1.0909090909090908, 1.0, 1.0, 1.0, 1.2, 1.0833333333333333, 2.8137931034482757, 2.328358208955224, 2.096774193548387, 1.7428571428571429, 2.217948717948718, 1.509090909090909, 1.9821428571428572, 2.6666666666666665, 3.9655172413793105, 2.9444444444444446, 1.6545454545454545, 1.8850574712643677, 1.3442622950819672, 1.5116279069767442, 1.4444444444444444, 1.0, 7.0, null], "baseline_730": [1.0909090909090908, 1.0, 1.0, 1.0, 1.2, 1.0833333333333333, 2.8137931034482757, 2.328358208955224, 2.096774193548387, 1.7428571428571429, 2.217948717948718, 1.509090909090909, 1.9821428571428572, 2.6666666666666665, 3.9655172413793105, 2.9444444444444446, 1.6545454545454545, 1.8850574712643677, 1.3442622950819672, 1.5116279069767442, 1.4444444444444444, 1.0, 7.0, null], "today": [null, null, null, null, null, null, null, 1.0, null, null, 8.0, null, null, null, null, 3.0, 1.0, null, null, null, null, null, null, null]}, "Kamunting": {"baseline": [1.0, 1.0, 1.0, null, 1.0, 1.0, 1.278688524590164, 1.1359223300970873, 1.2, 1.1777777777777778, 1.3636363636363635, 1.2115384615384615, 1.4210526315789473, 1.4193548387096775, 1.4166666666666667, 1.4444444444444444, 1.3125, 1.3870967741935485, 1.1612903225806452, 1.8461538461538463, null, 2.0, 1.0, null], "baseline_730": [1.0, 1.0, 1.0, null, 1.0, 1.0, 1.278688524590164, 1.1359223300970873, 1.2, 1.1777777777777778, 1.3636363636363635, 1.2115384615384615, 1.4210526315789473, 1.4193548387096775, 1.4166666666666667, 1.4444444444444444, 1.3125, 1.3870967741935485, 1.1612903225806452, 1.8461538461538463, null, 2.0, 1.0, null], "today": [null, null, null, null, null, null, null, null, null, null, null, null, null, null, null, null, null, null, null, null, null, null, null, null]},