{"service": "komuter_utara", "origin": "Padang Rengas", "latest_date": "2026-06-19", "destinations": {"Alor Setar": {"baseline": [2.0, 1.0, null, 1.0, 1.25, 1.25, 1.2105263157894737, 1.0, 1.3333333333333333, 1.2666666666666666, 1.8, 1.3, 1.0, 1.0833333333333333, 1.1666666666666667, 1.2307692307692308, 1.6666666666666667, 1.2, 1.0769230769230769, 1.0, null, 1.0, 1.6666666666666667, 1.0], "baseline_730": [2.0, 1.0, null, 1.0, 1.25, 1.25, 1.2105263157894737, 1.0, 1.3333333333333333, 1.2666666666666666, 1.8, 1.3, 1.0, 1.0833333333333333, 1.1666666666666667, 1.2307692307692308, 1.6666666666666667, 1.2, 1.0769230769230769, 1.0, null, 1.0, 1.6666666666666667, 1.0], "today": [null, null, null, null, null, null, null, null, null, null, null, null, null, null, null, null, null, null, null, null, null, null, null, null]}, "Anak Bukit": {"baseline": [1.0, null, null, null, null, null, 1.1428571428571428, 1.1666666666666667, 1.0, 2.0, 1.0, 1.125, 1.5, 1.4285714285714286, 1.0, 1.1, 1.25, 1.6, 1.2, 1.0, 1.0, null, 1.0, null], "baseline_730": [1.0, null, null, null, null, null, 1.1428571428571428, 1.1666666666666667, 1.0, 2.0, 1.0, 1.125, 1.5, 1.4285714285714286, 1.0, 1.1, 1.25, 1.6, 1.2, 1.0, 1.0, null, 1.0, null], "today": [null, null, null, null, null, null, null, null, 1.0, null, null, null, null, null, null, 3.0, null, null, null, null, 1.0, null, null, null]}, "Arau": {"baseline": [1.0, null, null, 1.0, 1.5, 1.5714285714285714, 1.358974358974359, 1.25, 1.0909090909090908, 1.0, 1.3, 1.2, 1.0, 1.3571428571428572, 1.4444444444444444, 1.25, 1.2307692307692308, 1.1578947368421053, 1.05, 1.3333333333333333, 1.0, 1.0, null, null], "baseline_730": [1.0, null, null, 1.0, 1.5, 1.5714285714285714, 1.358974358974359, 1.25, 1.0909090909090908, 1.0, 1.3, 1.2, 1.0, 1.3571428571428572, 1.4444444444444444, 1.25, 1.2307692307692308, 1.1578947368421053, 1.05, 1.3333333333333333, 1.0, 1.0, null, null], "today": [null, null, null, null, null, null, null, null, null, 1.0, null, null, null, null, null, null, null, null, null, null, null, null, null, null]}, "Bagan Serai": {"baseline": [2.0, 1.0, null, null, null, 1.0, 1.1, 1.3333333333333333, 1.0, 1.5, 1.2222222222222223, 1.875, 1.0, 1.2222222222222223, 1.6923076923076923, 1.0909090909090908, 1.2857142857142858, 1.3125, 1.2857142857142858, 1.1666666666666667, 1.0, null, null, null], "baseline_730": [2.0, 1.0, null, null, null, 1.0, 1.1, 1.3333333333333333, 1.0, 1.5, 1.2222222222222223, 1.875, 1.0, 1.2222222222222223, 1.6923076923076923, 1.0909090909090908, 1.2857142857142858, 1.3125, 1.2857142857142858, 1.1666666666666667, 1.0, null, null, null], "today": [null, null, null, null, null, null, null, null, null, null, null, null, null, 1.0, 1.0, 2.0, null, null, 1.0, null, null, null, null, null]}, "Bukit Ketri": {"baseline": [1.0, 1.0, null, null, null, 1.0, 1.6666666666666667, 1.5, 1.25, 1.0, 2.0, 1.0, 1.5, 1.5, 1.0, 1.2, 1.0, 1.0, 1.0, null, null, null, null, 1.0], "baseline_730": [1.0, 1.0, null, null, null, 1.0, 1.6666666666666667, 1.5, 1.25, 1.0, 2.0, 1.0, 1.5, 1.5, 1.0, 1.2, 1.0, 1.0, 1.0, null, null, null, null, 1.0], "today": [null, null, null, null, null, null, null, null, null, null, null, null, null, null, null, null, null, null, null, null, null, null, null, null]}, "Bukit Mertajam": {"baseline": [1.0, null, 1.5, 3.0, 1.0, 1.1724137931034482, 2.3057851239669422, 1.471698113207547, 1.2765957446808511, 1.6046511627906976, 1.6666666666666667, 1.3, 1.5862068965517242, 1.7272727272727273, 1.2075471698113207, 1.7297297297297298, 1.288888888888889, 1.4912280701754386, 1.588235294117647, 1.3559322033898304, 1.1071428571428572, null, 4.0, null], "baseline_730": [1.0, null, 1.5, 3.0, 1.0, 1.1724137931034482, 2.3057851239669422, 1.471698113207547, 1.2765957446808511, 1.6046511627906976, 1.6666666666666667, 1.3, 1.5862068965517242, 1.7272727272727273, 1.2075471698113207, 1.7297297297297298, 1.288888888888889, 1.4912280701754386, 1.588235294117647, 1.3559322033898304, 1.1071428571428572, null, 4.0, null], "today": [null, null, null, null, null, 2.0, 2.0, 2.0, 1.0, 1.0, null, null, 1.0, 1.0, null, 1.0, null, null, 1.0, 2.0, null, null, null, null]}, "Bukit Tengah": {"baseline": [null, null, null, null, 1.125, 1.0, 1.2352941176470589, 1.0, 1.0, 1.2105263157894737, 1.1111111111111112, 1.4285714285714286, 1.0, 1.0833333333333333, 1.1111111111111112, 1.25, 1.1875, 1.2, 1.2777777777777777, 1.1111111111111112, 1.0, 1.0, 1.0, null], "baseline_730": [null, null, null, null, 1.125, 1.0, 1.2352941176470589, 1.0, 1.0, 1.2105263157894737, 1.1111111111111112, 1.4285714285714286, 1.0, 1.0833333333333333, 1.1111111111111112, 1.25, 1.1875, 1.2, 1.2777777777777777, 1.1111111111111112, 1.0, 1.0, 1.0, null], "today": [null, null, null, null, null, null, 1.0, null, null, null, 1.0, 1.0, 1.0, null, null, 1.0, null, null, null, null, null, null, null, null]}, "Butterworth": {"baseline": [1.0, 1.0, 1.0, null, 1.2222222222222223, 1.1428571428571428, 1.898876404494382, 1.2, 1.4042553191489362, 1.7333333333333334, 1.5555555555555556, 1.4098360655737705, 1.393939393939394, 1.5833333333333333, 1.3461538461538463, 1.6888888888888889, 1.6333333333333333, 1.5873015873015872, 1.471698113207547, 1.380952380952381, 1.0, null, 8.0, null], "baseline_730": [1.0, 1.0, 1.0, null, 1.2222222222222223, 1.1428571428571428, 1.898876404494382, 1.2, 1.4042553191489362, 1.7333333333333334, 1.5555555555555556, 1.4098360655737705, 1.393939393939394, 1.5833333333333333, 1.3461538461538463, 1.6888888888888889, 1.6333333333333333, 1.5873015873015872, 1.471698113207547, 1.380952380952381, 1.0, null, 8.0, null], "today": [null, null, null, null, null, 1.0, 1.0, null, null, 1.0, null, null, null, null, null, 3.0, null, 3.0, 1.0, null, null, null, null, null]}, "Gurun": {"baseline": [null, null, null, null, null, 1.0, 1.3125, 1.0, 1.0, null, null, 1.4285714285714286, null, 1.7, 1.3333333333333333, 1.0714285714285714, 2.6666666666666665, 1.0526315789473684, 1.0, 1.0, null, null, null, null], "baseline_730": [null, null, null, null, null, 1.0, 1.3125, 1.0, 1.0, null, null, 1.4285714285714286, null, 1.7, 1.3333333333333333, 1.0714285714285714, 2.6666666666666665, 1.0526315789473684, 1.0, 1.0, null, null, null, null], "today": [null, null, null, null, null, null, null, null, null, null, null, null, null, null, null, null, null, null, null, null, null, null, null, null]}, "Ipoh": {"baseline": [1.0, 1.0, 1.0, 1.0, 1.2222222222222223, 1.0892857142857142, 2.789855072463768, 2.2713178294573644, 2.0344827586206895, 1.7575757575757576, 2.135135135135135, 1.5490196078431373, 1.9038461538461537, 2.5526315789473686, 3.690909090909091, 2.7142857142857144, 1.6538461538461537, 1.8518518518518519, 1.368421052631579, 1.55, 1.4444444444444444, 1.0, 7.0, null], "baseline_730": [1.0, 1.0, 1.0, 1.0, 1.2222222222222223, 1.0892857142857142, 2.789855072463768, 2.2713178294573644, 2.0344827586206895, 1.7575757575757576, 2.135135135135135, 1.5490196078431373, 1.9038461538461537, 2.5526315789473686, 3.690909090909091, 2.7142857142857144, 1.6538461538461537, 1.8518518518518519, 1.368421052631579, 1.55, 1.4444444444444444, 1.0, 7.0, null], "today": [null, null, null, null, 1.0, null, 6.0, 7.0, 4.0, 2.0, null, 1.0, 8.0, 5.0, 12.0, 11.0, 2.0, 5.0, 1.0, null, null, null, null, null]}, "Kamunting": {"baseline": [1.0, 1.0, 1.0, null, 1.0, 1.0, 1.2407407407407407, 1.14, 1.2, 1.1839080459770115, 1.3636363636363635, 1.1666666666666667, 1.5, 1.4, 1.4545454545454546, 1.457142857142857, 1.2666666666666666, 1.3859649122807018, 1.1666666666666667, 1.8461538461538463, null, 2.0, 1.0, null], "baseline_730": [1.0, 1.0, 1.0, null, 1.0, 1.0, 1.2407407407407407, 1.14, 1.2, 1.1839080459770115, 1.3636363636363635, 1.1666666666666667, 1.5, 1.4, 1.4545454545454546, 1.457142857142857, 1.2666666666666666, 1.3859649122807018, 1.1666666666666667, 1.8461538461538463, null, 2.0, 1.0, null], "today": [null, null, null, null, null, null, 2.0, null, null, 1.0, null, 4.0, 1.0, null, null, null, null, null, null, null, null, null, null, null]},