{"service": "komuter_utara", "origin": "Padang Rengas", "latest_date": "2026-07-14", "destinations": {"Alor Setar": {"baseline": [2.0, 1.0, null, 1.0, 1.25, 1.25, 1.1818181818181819, 1.0, 1.3333333333333333, 1.25, 1.8, 1.25, 1.0, 1.0769230769230769, 1.1428571428571428, 1.2, 1.6666666666666667, 1.1904761904761905, 1.0769230769230769, 1.0, 1.0, 1.0, 1.5714285714285714, 1.0], "baseline_730": [2.0, 1.0, null, 1.0, 1.25, 1.25, 1.1818181818181819, 1.0, 1.3333333333333333, 1.25, 1.8, 1.25, 1.0, 1.0769230769230769, 1.1428571428571428, 1.2, 1.6666666666666667, 1.1904761904761905, 1.0769230769230769, 1.0, 1.0, 1.0, 1.5714285714285714, 1.0], "today": [null, null, null, null, null, null, null, null, null, null, 1.0, null, null, null, null, null, null, null, 1.0, null, null, null, null, null]}, "Anak Bukit": {"baseline": [1.0, null, null, null, null, null, 1.1176470588235294, 1.1666666666666667, 1.0769230769230769, 1.6, 1.2, 1.1818181818181819, 1.4, 1.4285714285714286, 1.1428571428571428, 1.1891891891891893, 1.4, 1.5, 1.2, 1.0, 1.0, null, 1.0, null], "baseline_730": [1.0, null, null, null, null, null, 1.1176470588235294, 1.1666666666666667, 1.0769230769230769, 1.6, 1.2, 1.1818181818181819, 1.4, 1.4285714285714286, 1.1428571428571428, 1.1891891891891893, 1.4, 1.5, 1.2, 1.0, 1.0, null, 1.0, null], "today": [null, null, null, null, null, null, null, null, null, null, null, null, null, null, null, null, 1.0, null, null, null, null, null, null, null]}, "Arau": {"baseline": [1.0, null, null, 1.0, 1.5, 1.5, 1.391304347826087, 1.1666666666666667, 1.25, 1.0, 1.2307692307692308, 1.35, 1.0909090909090908, 1.3333333333333333, 1.4, 1.2173913043478262, 1.2307692307692308, 1.1363636363636365, 1.0454545454545454, 1.3333333333333333, 1.0, 1.0, null, null], "baseline_730": [1.0, null, null, 1.0, 1.5, 1.5, 1.391304347826087, 1.1666666666666667, 1.25, 1.0, 1.2307692307692308, 1.35, 1.0909090909090908, 1.3333333333333333, 1.4, 1.2173913043478262, 1.2307692307692308, 1.1363636363636365, 1.0454545454545454, 1.3333333333333333, 1.0, 1.0, null, null], "today": [null, null, null, null, null, null, null, null, null, null, null, null, null, null, null, null, null, null, null, null, null, null, null, null]}, "Bagan Serai": {"baseline": [2.0, 1.0, null, null, null, 1.0, 1.1304347826086956, 1.25, 1.0, 1.4090909090909092, 1.4, 1.9090909090909092, 1.0, 1.3846153846153846, 1.6, 1.2307692307692308, 1.2222222222222223, 1.5, 1.35, 1.5, 1.0, null, null, null], "baseline_730": [2.0, 1.0, null, null, null, 1.0, 1.1304347826086956, 1.25, 1.0, 1.4090909090909092, 1.4, 1.9090909090909092, 1.0, 1.3846153846153846, 1.6, 1.2307692307692308, 1.2222222222222223, 1.5, 1.35, 1.5, 1.0, null, null, null], "today": [null, null, null, null, null, null, null, null, null, null, null, null, null, null, null, null, null, null, 2.0, null, null, null, null, null]}, "Bukit Ketri": {"baseline": [1.0, 1.0, null, null, null, 1.0, 1.5, 1.5, 1.25, 1.0, 2.0, 1.0, 1.5, 1.5, 1.0, 1.2, 1.0, 1.0, 1.0, null, null, null, null, 1.0], "baseline_730": [1.0, 1.0, null, null, null, 1.0, 1.5, 1.5, 1.25, 1.0, 2.0, 1.0, 1.5, 1.5, 1.0, 1.2, 1.0, 1.0, 1.0, null, null, null, null, 1.0], "today": [null, null, null, null, null, null, null, null, null, null, null, null, null, null, null, null, null, null, null, null, null, null, null, null]}, "Bukit Mertajam": {"baseline": [1.0, null, 1.5, 3.0, 1.0, 1.2058823529411764, 2.3333333333333335, 1.4921875, 1.2695652173913043, 1.6274509803921569, 1.6296296296296295, 1.4067796610169492, 1.5142857142857142, 1.5714285714285714, 1.1911764705882353, 1.627906976744186, 1.2745098039215685, 1.4603174603174602, 1.5185185185185186, 1.3661971830985915, 1.2432432432432432, null, 4.0, null], "baseline_730": [1.0, null, 1.5, 3.0, 1.0, 1.2058823529411764, 2.3333333333333335, 1.4921875, 1.2695652173913043, 1.6274509803921569, 1.6296296296296295, 1.4067796610169492, 1.5142857142857142, 1.5714285714285714, 1.1911764705882353, 1.627906976744186, 1.2745098039215685, 1.4603174603174602, 1.5185185185185186, 1.3661971830985915, 1.2432432432432432, null, 4.0, null], "today": [null, null, null, null, null, 1.0, 3.0, null, 2.0, null, null, null, null, null, 1.0, null, null, null, null, 1.0, 2.0, null, null, null]}, "Bukit Tengah": {"baseline": [null, null, null, null, 1.125, 1.0, 1.2203389830508475, 1.0, 1.0, 1.3043478260869565, 1.1, 1.3333333333333333, 1.0, 1.1111111111111112, 1.1111111111111112, 1.25, 1.1578947368421053, 1.2083333333333333, 1.255813953488372, 1.1, 1.0, 1.0, 1.0, null], "baseline_730": [null, null, null, null, 1.125, 1.0, 1.2203389830508475, 1.0, 1.0, 1.3043478260869565, 1.1, 1.3333333333333333, 1.0, 1.1111111111111112, 1.1111111111111112, 1.25, 1.1578947368421053, 1.2083333333333333, 1.255813953488372, 1.1, 1.0, 1.0, 1.0, null], "today": [null, null, null, null, null, null, null, null, null, null, null, null, null, null, null, null, null, null, null, null, null, null, null, null]}, "Butterworth": {"baseline": [1.0, 1.0, 1.0, null, 1.1666666666666667, 1.1304347826086956, 1.8446601941747574, 1.2093023255813953, 1.3703703703703705, 1.72, 1.7058823529411764, 1.4285714285714286, 1.4324324324324325, 1.55, 1.3333333333333333, 1.7454545454545454, 1.6333333333333333, 1.6756756756756757, 1.4285714285714286, 1.3461538461538463, 1.2222222222222223, null, 8.0, null], "baseline_730": [1.0, 1.0, 1.0, null, 1.1666666666666667, 1.1304347826086956, 1.8446601941747574, 1.2093023255813953, 1.3703703703703705, 1.72, 1.7058823529411764, 1.4285714285714286, 1.4324324324324325, 1.55, 1.3333333333333333, 1.7454545454545454, 1.6333333333333333, 1.6756756756756757, 1.4285714285714286, 1.3461538461538463, 1.2222222222222223, null, 8.0, null], "today": [null, null, null, null, null, 1.0, 2.0, null, 1.0, null, null, 1.0, null, null, null, null, null, 1.0, null, null, null, null, null, null]}, "Gurun": {"baseline": [null, null, null, null, null, 1.0, 1.2941176470588236, 1.0, 1.0, 2.0, null, 1.4285714285714286, null, 1.7, 1.25, 1.0625, 2.6666666666666665, 1.0454545454545454, 1.0, 1.0, null, null, null, null], "baseline_730": [null, null, null, null, null, 1.0, 1.2941176470588236, 1.0, 1.0, 2.0, null, 1.4285714285714286, null, 1.7, 1.25, 1.0625, 2.6666666666666665, 1.0454545454545454, 1.0, 1.0, null, null, null, null], "today": [null, null, null, null, null, null, null, null, null, null, null, null, null, null, null, null, null, null, null, null, null, null, null, null]}, "Ipoh": {"baseline": [1.0909090909090908, 1.0, 1.0, 1.0, 1.1818181818181819, 1.0746268656716418, 2.825, 2.3219178082191783, 2.038095238095238, 1.7733333333333334, 2.255813953488372, 1.5573770491803278, 1.9344262295081966, 2.658536585365854, 3.796875, 2.871794871794872, 1.59375, 1.8585858585858586, 1.3088235294117647, 1.5, 1.4285714285714286, 1.0, 7.0, null], "baseline_730": [1.0909090909090908, 1.0, 1.0, 1.0, 1.1818181818181819, 1.0746268656716418, 2.825, 2.3219178082191783, 2.038095238095238, 1.7733333333333334, 2.255813953488372, 1.5573770491803278, 1.9344262295081966, 2.658536585365854, 3.796875, 2.871794871794872, 1.59375, 1.8585858585858586, 1.3088235294117647, 1.5, 1.4285714285714286, 1.0, 7.0, null], "today": [null, null, null, null, null, 1.0, null, 4.0, 2.0, null, null, null, null, null, null, null, 1.0, 2.0, 2.0, null, null, null, null, null]}, "Kamunting": {"baseline": [1.0, 1.0, 1.0, null, 1.0, 1.0, 1.2638888888888888, 1.1296296296296295, 1.1875, 1.163265306122449, 1.3333333333333333, 1.2166666666666666, 1.4, 1.411764705882353, 1.4285714285714286, 1.4324324324324325, 1.263157894736842, 1.4794520547945205, 1.1515151515151516, 1.8461538461538463, null, 2.0, 1.0, null], "baseline_730": [1.0, 1.0, 1.0, null, 1.0, 1.0, 1.2638888888888888, 1.1296296296296295, 1.1875, 1.163265306122449, 1.3333333333333333, 1.2166666666666666, 1.4, 1.411764705882353, 1.4285714285714286, 1.4324324324324325, 1.263157894736842, 1.4794520547945205, 1.1515151515151516, 1.8461538461538463, null, 2.0, 1.0, null],