{"service": "komuter_utara", "origin": "Padang Rengas", "latest_date": "2026-06-14", "destinations": {"Alor Setar": {"baseline": [2.0, 1.0, null, 1.0, 1.25, 1.25, 1.1081081081081081, 1.0, 1.3333333333333333, 1.2666666666666666, 1.8, 1.3, 1.0, 1.0833333333333333, 1.1666666666666667, 1.2307692307692308, 1.6666666666666667, 1.2, 1.0769230769230769, 1.0, null, 1.0, 1.6666666666666667, 1.0], "baseline_730": [2.0, 1.0, null, 1.0, 1.25, 1.25, 1.1081081081081081, 1.0, 1.3333333333333333, 1.2666666666666666, 1.8, 1.3, 1.0, 1.0833333333333333, 1.1666666666666667, 1.2307692307692308, 1.6666666666666667, 1.2, 1.0769230769230769, 1.0, null, 1.0, 1.6666666666666667, 1.0], "today": [null, null, null, null, null, null, null, null, null, null, null, null, null, null, null, null, null, null, null, null, null, null, null, null]}, "Anak Bukit": {"baseline": [1.0, null, null, null, null, null, 1.0769230769230769, 1.2, 1.0, 2.0, 1.0, 1.125, 1.5, 1.4285714285714286, 1.0, 1.103448275862069, 1.25, 1.75, 1.2, 1.0, 1.0, null, 1.0, null], "baseline_730": [1.0, null, null, null, null, null, 1.0769230769230769, 1.2, 1.0, 2.0, 1.0, 1.125, 1.5, 1.4285714285714286, 1.0, 1.103448275862069, 1.25, 1.75, 1.2, 1.0, 1.0, null, 1.0, null], "today": [null, null, null, null, null, null, null, 1.0, null, null, null, null, null, null, null, null, null, 1.0, null, null, null, null, null, null]}, "Arau": {"baseline": [1.0, null, null, 1.0, 1.5, 1.6666666666666667, 1.368421052631579, 1.25, 1.0909090909090908, 1.0, 1.3, 1.2, 1.0, 1.3571428571428572, 1.4444444444444444, 1.25, 1.2307692307692308, 1.1578947368421053, 1.0526315789473684, 1.3333333333333333, 1.0, 1.0, null, null], "baseline_730": [1.0, null, null, 1.0, 1.5, 1.6666666666666667, 1.368421052631579, 1.25, 1.0909090909090908, 1.0, 1.3, 1.2, 1.0, 1.3571428571428572, 1.4444444444444444, 1.25, 1.2307692307692308, 1.1578947368421053, 1.0526315789473684, 1.3333333333333333, 1.0, 1.0, null, null], "today": [null, null, null, null, null, null, null, null, null, 1.0, null, null, null, null, null, null, null, null, 1.0, null, null, null, null, null]}, "Bagan Serai": {"baseline": [2.0, 1.0, null, null, null, 1.0, 1.1, 1.3333333333333333, 1.0, 1.5294117647058822, 1.25, 1.875, 1.0, 1.25, 1.6923076923076923, 1.0909090909090908, 1.3333333333333333, 1.2857142857142858, 1.3076923076923077, 1.1666666666666667, 1.0, null, null, null], "baseline_730": [2.0, 1.0, null, null, null, 1.0, 1.1, 1.3333333333333333, 1.0, 1.5294117647058822, 1.25, 1.875, 1.0, 1.25, 1.6923076923076923, 1.0909090909090908, 1.3333333333333333, 1.2857142857142858, 1.3076923076923077, 1.1666666666666667, 1.0, null, null, null], "today": [null, null, null, null, null, null, null, null, null, null, 1.0, null, null, null, null, null, null, null, null, null, null, null, null, null]}, "Bukit Ketri": {"baseline": [1.0, 1.0, null, null, null, 1.0, 1.6666666666666667, 1.5, 1.25, 1.0, 2.0, 1.0, 1.5, 1.5, 1.0, 1.2, 1.0, 1.0, 1.0, null, null, null, null, 1.0], "baseline_730": [1.0, 1.0, null, null, null, 1.0, 1.6666666666666667, 1.5, 1.25, 1.0, 2.0, 1.0, 1.5, 1.5, 1.0, 1.2, 1.0, 1.0, 1.0, null, null, null, null, 1.0], "today": [null, null, null, null, null, null, null, null, null, null, null, null, null, null, null, null, null, null, null, null, null, null, null, null]}, "Bukit Mertajam": {"baseline": [1.0, null, 1.5, 3.0, 1.0, 1.1481481481481481, 2.299145299145299, 1.4807692307692308, 1.2666666666666666, 1.619047619047619, 1.6666666666666667, 1.2553191489361701, 1.6071428571428572, 1.7619047619047619, 1.196078431372549, 1.7714285714285714, 1.288888888888889, 1.4727272727272727, 1.6, 1.3571428571428572, 1.1071428571428572, null, 4.0, null], "baseline_730": [1.0, null, 1.5, 3.0, 1.0, 1.1481481481481481, 2.299145299145299, 1.4807692307692308, 1.2666666666666666, 1.619047619047619, 1.6666666666666667, 1.2553191489361701, 1.6071428571428572, 1.7619047619047619, 1.196078431372549, 1.7714285714285714, 1.288888888888889, 1.4727272727272727, 1.6, 1.3571428571428572, 1.1071428571428572, null, 4.0, null], "today": [null, null, null, null, null, null, null, null, 1.0, null, null, null, null, null, null, null, null, 3.0, 1.0, null, null, null, null, null]}, "Bukit Tengah": {"baseline": [null, null, null, null, 1.125, 1.0, 1.2448979591836735, 1.0, 1.0, 1.2222222222222223, 1.1111111111111112, 1.4615384615384615, 1.0, 1.0869565217391304, 1.125, 1.25, 1.1875, 1.2, 1.2777777777777777, 1.125, 1.0, 1.0, 1.0, null], "baseline_730": [null, null, null, null, 1.125, 1.0, 1.2448979591836735, 1.0, 1.0, 1.2222222222222223, 1.1111111111111112, 1.4615384615384615, 1.0, 1.0869565217391304, 1.125, 1.25, 1.1875, 1.2, 1.2777777777777777, 1.125, 1.0, 1.0, 1.0, null], "today": [null, null, null, null, null, null, null, null, null, null, null, null, null, 1.0, 1.0, null, null, null, null, null, null, null, null, null]}, "Butterworth": {"baseline": [1.0, 1.0, 1.0, null, 1.2222222222222223, 1.1428571428571428, 1.8837209302325582, 1.2, 1.4, 1.7333333333333334, 1.56, 1.4166666666666667, 1.393939393939394, 1.5714285714285714, 1.3461538461538463, 1.7045454545454546, 1.6333333333333333, 1.596774193548387, 1.42, 1.380952380952381, 1.0, null, 8.0, null], "baseline_730": [1.0, 1.0, 1.0, null, 1.2222222222222223, 1.1428571428571428, 1.8837209302325582, 1.2, 1.4, 1.7333333333333334, 1.56, 1.4166666666666667, 1.393939393939394, 1.5714285714285714, 1.3461538461538463, 1.7045454545454546, 1.6333333333333333, 1.596774193548387, 1.42, 1.380952380952381, 1.0, null, 8.0, null], "today": [null, null, null, null, null, null, null, null, null, null, 1.0, null, null, null, null, null, null, null, 2.0, null, null, null, null, null]}, "Gurun": {"baseline": [null, null, null, null, null, 1.0, 1.3125, 1.0, 1.0, null, null, 1.4285714285714286, null, 1.7, 1.3333333333333333, 1.0714285714285714, 2.6666666666666665, 1.0555555555555556, 1.0, 1.0, null, null, null, null], "baseline_730": [null, null, null, null, null, 1.0, 1.3125, 1.0, 1.0, null, null, 1.4285714285714286, null, 1.7, 1.3333333333333333, 1.0714285714285714, 2.6666666666666665, 1.0555555555555556, 1.0, 1.0, null, null, null, null], "today": [null, null, null, null, null, null, null, null, null, null, null, null, null, null, null, null, null, null, null, null, null, null, null, null]}, "Ipoh": {"baseline": [1.0, 1.0, 1.0, 1.0, 1.25, 1.0909090909090908, 2.827067669172932, 2.2698412698412698, 2.046511627906977, 1.7384615384615385, 2.138888888888889, 1.52, 1.9038461538461537, 2.5733333333333333, 3.740740740740741, 2.746268656716418, 1.68, 1.844155844155844, 1.3818181818181818, 1.5789473684210527, 1.4444444444444444, 1.0, 7.0, null], "baseline_730": [1.0, 1.0, 1.0, 1.0, 1.25, 1.0909090909090908, 2.827067669172932, 2.2698412698412698, 2.046511627906977, 1.7384615384615385, 2.138888888888889, 1.52, 1.9038461538461537, 2.5733333333333333, 3.740740740740741, 2.746268656716418, 1.68, 1.844155844155844, 1.3818181818181818, 1.5789473684210527, 1.4444444444444444, 1.0, 7.0, null], "today": [null, null, null, null, null, null, 2.0, null, null, null, 1.0, null, null, null, null, null, null, 1.0, 1.0, 1.0, null, null, null, null]}, "Kamunting": {"baseline": [1.0, 1.0, 1.0, null, 1.0, 1.0, 1.25, 1.1414141414141414, 1.1724137931034482, 1.1904761904761905, 1.3636363636363635, 1.173913043478261, 1.5714285714285714, 1.4, 1.4, 1.4705882352941178, 1.2666666666666666, 1.3396226415094339, 1.1379310344827587, 1.8461538461538463, null, 2.0, 1.0, null], "baseline_730": [1.0, 1.0, 1.0, null, 1.0, 1.0, 1.25, 1.1414141414141414, 1.1724137931034482, 1.1904761904761905, 1.3636363636363635, 1.173913043478261, 1.5714285714285714, 1.4, 1.4, 1.4705882352941178, 1.2666666666666666, 1.3396226415094339, 1.1379310344827587, 1.8461538461538463, null, 2.0, 1.0, null], "today": [null, null, null, null, null, null, 1.0, null, null, 1.0, null, null, 1.0, null, null, null, null, 1.0, null, null, null, null, null, null]},