{"service": "komuter_utara", "origin": "Padang Rengas", "latest_date": "2026-07-02", "destinations": {"Alor Setar": {"baseline": [2.0, 1.0, null, 1.0, 1.25, 1.25, 1.205128205128205, 1.0, 1.3333333333333333, 1.2666666666666666, 1.8, 1.2727272727272727, 1.0, 1.0833333333333333, 1.1666666666666667, 1.2307692307692308, 1.6666666666666667, 1.2, 1.0769230769230769, 1.0, null, 1.0, 1.6666666666666667, 1.0], "baseline_730": [2.0, 1.0, null, 1.0, 1.25, 1.25, 1.205128205128205, 1.0, 1.3333333333333333, 1.2666666666666666, 1.8, 1.2727272727272727, 1.0, 1.0833333333333333, 1.1666666666666667, 1.2307692307692308, 1.6666666666666667, 1.2, 1.0769230769230769, 1.0, null, 1.0, 1.6666666666666667, 1.0], "today": [null, null, null, null, null, null, null, null, null, null, null, null, null, null, null, null, null, null, null, null, null, null, null, null]}, "Anak Bukit": {"baseline": [1.0, null, null, null, null, null, 1.1428571428571428, 1.1666666666666667, 1.0, 2.0, 1.2, 1.125, 1.5, 1.4285714285714286, 1.0, 1.1612903225806452, 1.25, 1.6, 1.2, 1.0, 1.0, null, 1.0, null], "baseline_730": [1.0, null, null, null, null, null, 1.1428571428571428, 1.1666666666666667, 1.0, 2.0, 1.2, 1.125, 1.5, 1.4285714285714286, 1.0, 1.1612903225806452, 1.25, 1.6, 1.2, 1.0, 1.0, null, 1.0, null], "today": [null, null, null, null, null, null, null, null, null, null, null, null, null, null, null, 1.0, null, null, null, null, null, null, null, null]}, "Arau": {"baseline": [1.0, null, null, 1.0, 1.5, 1.5, 1.35, 1.25, 1.0909090909090908, 1.0, 1.25, 1.2, 1.0, 1.3571428571428572, 1.4, 1.2380952380952381, 1.2307692307692308, 1.1428571428571428, 1.0476190476190477, 1.3333333333333333, 1.0, 1.0, null, null], "baseline_730": [1.0, null, null, 1.0, 1.5, 1.5, 1.35, 1.25, 1.0909090909090908, 1.0, 1.25, 1.2, 1.0, 1.3571428571428572, 1.4, 1.2380952380952381, 1.2307692307692308, 1.1428571428571428, 1.0476190476190477, 1.3333333333333333, 1.0, 1.0, null, null], "today": [null, null, null, null, null, null, null, null, null, null, null, 1.0, null, null, null, null, null, null, null, null, null, null, null, null]}, "Bagan Serai": {"baseline": [2.0, 1.0, null, null, null, 1.0, 1.1428571428571428, 1.3333333333333333, 1.0, 1.4736842105263157, 1.2222222222222223, 1.875, 1.0, 1.3636363636363635, 1.6428571428571428, 1.1666666666666667, 1.25, 1.368421052631579, 1.2666666666666666, 1.1666666666666667, 1.0, null, null, null], "baseline_730": [2.0, 1.0, null, null, null, 1.0, 1.1428571428571428, 1.3333333333333333, 1.0, 1.4736842105263157, 1.2222222222222223, 1.875, 1.0, 1.3636363636363635, 1.6428571428571428, 1.1666666666666667, 1.25, 1.368421052631579, 1.2666666666666666, 1.1666666666666667, 1.0, null, null, null], "today": [null, null, null, null, null, null, null, null, null, null, null, null, null, null, null, null, null, null, 2.0, null, null, null, null, null]}, "Bukit Ketri": {"baseline": [1.0, 1.0, null, null, null, 1.0, 1.6666666666666667, 1.5, 1.25, 1.0, 2.0, 1.0, 1.5, 1.5, 1.0, 1.2, 1.0, 1.0, 1.0, null, null, null, null, 1.0], "baseline_730": [1.0, 1.0, null, null, null, 1.0, 1.6666666666666667, 1.5, 1.25, 1.0, 2.0, 1.0, 1.5, 1.5, 1.0, 1.2, 1.0, 1.0, 1.0, null, null, null, null, 1.0], "today": [null, null, null, null, null, null, null, null, null, null, null, null, null, null, null, null, null, null, null, null, null, null, null, null]}, "Bukit Mertajam": {"baseline": [1.0, null, 1.5, 3.0, 1.0, 1.2, 2.3015873015873014, 1.4684684684684686, 1.27, 1.5777777777777777, 1.6666666666666667, 1.3269230769230769, 1.5666666666666667, 1.6956521739130435, 1.1964285714285714, 1.7105263157894737, 1.3043478260869565, 1.4827586206896552, 1.5694444444444444, 1.3770491803278688, 1.1290322580645162, null, 4.0, null], "baseline_730": [1.0, null, 1.5, 3.0, 1.0, 1.2, 2.3015873015873014, 1.4684684684684686, 1.27, 1.5777777777777777, 1.6666666666666667, 1.3269230769230769, 1.5666666666666667, 1.6956521739130435, 1.1964285714285714, 1.7105263157894737, 1.3043478260869565, 1.4827586206896552, 1.5694444444444444, 1.3770491803278688, 1.1290322580645162, null, 4.0, null], "today": [null, null, null, null, null, null, 3.0, 2.0, 2.0, null, null, null, null, null, 1.0, 1.0, null, null, 1.0, 1.0, null, null, null, null]}, "Bukit Tengah": {"baseline": [null, null, null, null, 1.125, 1.0, 1.2307692307692308, 1.0, 1.0, 1.25, 1.1, 1.46875, 1.0, 1.0833333333333333, 1.1111111111111112, 1.2352941176470589, 1.1875, 1.2, 1.25, 1.1, 1.0, 1.0, 1.0, null], "baseline_730": [null, null, null, null, 1.125, 1.0, 1.2307692307692308, 1.0, 1.0, 1.25, 1.1, 1.46875, 1.0, 1.0833333333333333, 1.1111111111111112, 1.2352941176470589, 1.1875, 1.2, 1.25, 1.1, 1.0, 1.0, 1.0, null], "today": [null, null, null, null, null, null, null, null, null, null, null, 1.0, null, null, null, null, null, null, null, null, null, null, null, null]}, "Butterworth": {"baseline": [1.0, 1.0, 1.0, null, 1.2222222222222223, 1.1363636363636365, 1.8804347826086956, 1.2195121951219512, 1.4042553191489362, 1.7234042553191489, 1.5172413793103448, 1.4126984126984128, 1.393939393939394, 1.5526315789473684, 1.3461538461538463, 1.7083333333333333, 1.6333333333333333, 1.6515151515151516, 1.456140350877193, 1.380952380952381, 1.0, null, 8.0, null], "baseline_730": [1.0, 1.0, 1.0, null, 1.2222222222222223, 1.1363636363636365, 1.8804347826086956, 1.2195121951219512, 1.4042553191489362, 1.7234042553191489, 1.5172413793103448, 1.4126984126984128, 1.393939393939394, 1.5526315789473684, 1.3461538461538463, 1.7083333333333333, 1.6333333333333333, 1.6515151515151516, 1.456140350877193, 1.380952380952381, 1.0, null, 8.0, null], "today": [null, null, null, null, null, null, 1.0, null, null, null, null, null, null, null, null, null, null, null, null, null, null, null, null, null]}, "Gurun": {"baseline": [null, null, null, null, null, 1.0, 1.3125, 1.0, 1.0, null, null, 1.4285714285714286, null, 1.7, 1.3333333333333333, 1.0666666666666667, 2.6666666666666665, 1.0526315789473684, 1.0, 1.0, null, null, null, null], "baseline_730": [null, null, null, null, null, 1.0, 1.3125, 1.0, 1.0, null, null, 1.4285714285714286, null, 1.7, 1.3333333333333333, 1.0666666666666667, 2.6666666666666665, 1.0526315789473684, 1.0, 1.0, null, null, null, null], "today": [null, null, null, null, null, null, 1.0, null, null, null, null, null, null, null, null, null, null, null, null, null, null, null, null, null]}, "Ipoh": {"baseline": [1.0909090909090908, 1.0, 1.0, 1.0, 1.2, 1.0847457627118644, 2.804195804195804, 2.3233082706766917, 2.065934065934066, 1.75, 2.1842105263157894, 1.5185185185185186, 1.981818181818182, 2.5844155844155843, 3.8392857142857144, 2.8309859154929575, 1.6481481481481481, 1.8588235294117648, 1.35, 1.5238095238095237, 1.4444444444444444, 1.0, 7.0, null], "baseline_730": [1.0909090909090908, 1.0, 1.0, 1.0, 1.2, 1.0847457627118644, 2.804195804195804, 2.3233082706766917, 2.065934065934066, 1.75, 2.1842105263157894, 1.5185185185185186, 1.981818181818182, 2.5844155844155843, 3.8392857142857144, 2.8309859154929575, 1.6481481481481481, 1.8588235294117648, 1.35, 1.5238095238095237, 1.4444444444444444, 1.0, 7.0, null], "today": [null, null, null, null, null, 1.0, 4.0, null, 4.0, 1.0, 1.0, null, null, null, 1.0, null, null, 2.0, null, 1.0, null, null, null, null]}, "Kamunting": {"baseline": [1.0, 1.0, 1.0, null, 1.0, 1.0, 1.271186440677966, 1.1372549019607843, 1.2, 1.1797752808988764, 1.3636363636363635, 1.2156862745098038, 1.4444444444444444, 1.4, 1.4545454545454546, 1.457142857142857, 1.2666666666666666, 1.3833333333333333, 1.1612903225806452, 1.8461538461538463, null, 2.0, 1.0, null], "baseline_730": [1.0, 1.0, 1.0, null, 1.0, 1.0, 1.271186440677966, 1.1372549019607843, 1.2, 1.1797752808988764, 1.3636363636363635, 1.2156862745098038, 1.4444444444444444, 1.4, 1.4545454545454546, 1.457142857142857, 1.2666666666666666, 1.3833333333333333, 1.1612903225806452, 1.8461538461538463, null, 2.0, 1.0, null],