{"service": "komuter_utara", "origin": "Sungai Siput", "latest_date": "2026-07-23", "destinations": {"Alor Setar": {"baseline": [1.3333333333333333, null, 1.0, 1.0, 1.0909090909090908, 1.3, 1.72, 1.25, 1.45, 1.25, 1.4, 1.7222222222222223, 1.9130434782608696, 1.2105263157894737, 1.2, 1.45, 1.6363636363636365, 1.15625, 1.5, 1.0, 1.25, null, 1.5, null], "baseline_730": [1.3333333333333333, null, 1.0, 1.0, 1.0909090909090908, 1.3, 1.72, 1.25, 1.45, 1.25, 1.4, 1.7222222222222223, 1.9130434782608696, 1.2105263157894737, 1.2, 1.45, 1.6363636363636365, 1.15625, 1.5, 1.0, 1.25, null, 1.5, null], "today": [null, null, null, null, null, null, null, null, null, null, null, null, null, null, null, null, null, null, null, null, null, null, null, null]}, "Anak Bukit": {"baseline": [1.0, 1.0, 1.0, null, 1.1428571428571428, 1.1111111111111112, 1.55, 1.0, 1.1666666666666667, 1.3333333333333333, 1.25, 1.1111111111111112, 1.0909090909090908, 1.3333333333333333, 1.6153846153846154, 1.3333333333333333, 1.2790697674418605, 1.434782608695652, 1.5, null, 1.0, 1.0, 1.0, null], "baseline_730": [1.0, 1.0, 1.0, null, 1.1428571428571428, 1.1111111111111112, 1.55, 1.0, 1.1666666666666667, 1.3333333333333333, 1.25, 1.1111111111111112, 1.0909090909090908, 1.3333333333333333, 1.6153846153846154, 1.3333333333333333, 1.2790697674418605, 1.434782608695652, 1.5, null, 1.0, 1.0, 1.0, null], "today": [null, null, null, null, 1.0, null, null, null, null, null, null, null, null, null, null, null, null, null, null, null, null, null, null, null]}, "Arau": {"baseline": [1.8, 1.0, 1.0, 1.0, 1.2105263157894737, 1.2, 1.4647887323943662, 1.3333333333333333, 1.5576923076923077, 1.3666666666666667, 1.5344827586206897, 1.263157894736842, 1.3103448275862069, 1.08, 1.7058823529411764, 1.0833333333333333, 1.4, 1.2894736842105263, 1.0833333333333333, null, 1.5, 1.16, null, null], "baseline_730": [1.8, 1.0, 1.0, 1.0, 1.2105263157894737, 1.2, 1.4647887323943662, 1.3333333333333333, 1.5576923076923077, 1.3666666666666667, 1.5344827586206897, 1.263157894736842, 1.3103448275862069, 1.08, 1.7058823529411764, 1.0833333333333333, 1.4, 1.2894736842105263, 1.0833333333333333, null, 1.5, 1.16, null, null], "today": [null, null, null, null, null, null, null, null, 4.0, 1.0, 1.0, null, null, null, null, null, null, null, null, null, null, null, null, null]}, "Bagan Serai": {"baseline": [null, 4.0, null, null, null, 1.2, 1.24, 1.1025641025641026, 1.1428571428571428, 1.0909090909090908, 1.85, 1.1666666666666667, 1.8235294117647058, 1.125, 1.150943396226415, 1.0, 1.2222222222222223, 1.1428571428571428, 1.0714285714285714, 1.0, 1.0, 1.0, 1.0, null], "baseline_730": [null, 4.0, null, null, null, 1.2, 1.24, 1.1025641025641026, 1.1428571428571428, 1.0909090909090908, 1.85, 1.1666666666666667, 1.8235294117647058, 1.125, 1.150943396226415, 1.0, 1.2222222222222223, 1.1428571428571428, 1.0714285714285714, 1.0, 1.0, 1.0, 1.0, null], "today": [null, null, null, null, null, null, 1.0, null, null, null, null, null, null, null, 1.0, null, null, null, null, null, null, null, null, null]}, "Bukit Ketri": {"baseline": [null, null, null, null, 2.0, null, 2.0, 1.0, 1.4285714285714286, 1.0, 1.5, 1.6, 1.0869565217391304, 1.0, 1.3333333333333333, 1.0, 1.1428571428571428, 1.0, 1.0, null, 1.0, 1.4, null, null], "baseline_730": [null, null, null, null, 2.0, null, 2.0, 1.0, 1.4285714285714286, 1.0, 1.5, 1.6, 1.0869565217391304, 1.0, 1.3333333333333333, 1.0, 1.1428571428571428, 1.0, 1.0, null, 1.0, 1.4, null, null], "today": [1.0, null, null, null, null, null, null, null, 1.0, null, null, null, null, null, null, null, null, null, null, null, null, null, null, null]}, "Bukit Mertajam": {"baseline": [1.2666666666666666, 1.0, 1.0, 1.0, 1.736842105263158, 1.8181818181818181, 1.8518518518518519, 1.3888888888888888, 1.7698412698412698, 1.4489795918367347, 1.7415730337078652, 1.4, 1.7333333333333334, 1.8461538461538463, 1.9893617021276595, 1.619047619047619, 1.9793814432989691, 1.881188118811881, 1.7945205479452055, 1.4090909090909092, 1.2682926829268293, 2.0, 2.3333333333333335, 1.0], "baseline_730": [1.2666666666666666, 1.0, 1.0, 1.0, 1.736842105263158, 1.8181818181818181, 1.8518518518518519, 1.3888888888888888, 1.7698412698412698, 1.4489795918367347, 1.7415730337078652, 1.4, 1.7333333333333334, 1.8461538461538463, 1.9893617021276595, 1.619047619047619, 1.9793814432989691, 1.881188118811881, 1.7945205479452055, 1.4090909090909092, 1.2682926829268293, 2.0, 2.3333333333333335, 1.0], "today": [null, null, null, null, null, 1.0, null, null, 1.0, null, null, 2.0, null, 1.0, 1.0, null, null, null, null, null, 1.0, null, null, null]}, "Bukit Tengah": {"baseline": [1.0, null, null, null, 1.0, 1.45, 1.5952380952380953, 1.0888888888888888, 1.3333333333333333, 1.2352941176470589, 1.2439024390243902, 1.2222222222222223, 1.0869565217391304, 1.2, 1.1851851851851851, 1.5, 1.6896551724137931, 1.3714285714285714, 1.6875, 1.1818181818181819, 1.0769230769230769, 1.5, 3.0, 1.0], "baseline_730": [1.0, null, null, null, 1.0, 1.45, 1.5952380952380953, 1.0888888888888888, 1.3333333333333333, 1.2352941176470589, 1.2439024390243902, 1.2222222222222223, 1.0869565217391304, 1.2, 1.1851851851851851, 1.5, 1.6896551724137931, 1.3714285714285714, 1.6875, 1.1818181818181819, 1.0769230769230769, 1.5, 3.0, 1.0], "today": [null, null, null, null, null, 1.0, null, null, null, null, 1.0, null, null, null, null, null, null, null, null, null, null, null, null, null]}, "Butterworth": {"baseline": [1.3157894736842106, 1.15, 1.25, 1.2, 1.75, 1.8076923076923077, 2.9403973509933774, 1.7936507936507937, 2.8843537414965987, 1.8958333333333333, 2.1785714285714284, 1.7826086956521738, 2.0754716981132075, 1.8840579710144927, 2.272727272727273, 1.4262295081967213, 1.7840909090909092, 1.641304347826087, 1.8571428571428572, 1.1666666666666667, 1.2903225806451613, 1.0, 3.6, null], "baseline_730": [1.3157894736842106, 1.15, 1.25, 1.2, 1.75, 1.8076923076923077, 2.9403973509933774, 1.7936507936507937, 2.8843537414965987, 1.8958333333333333, 2.1785714285714284, 1.7826086956521738, 2.0754716981132075, 1.8840579710144927, 2.272727272727273, 1.4262295081967213, 1.7840909090909092, 1.641304347826087, 1.8571428571428572, 1.1666666666666667, 1.2903225806451613, 1.0, 3.6, null], "today": [2.0, null, null, null, null, 1.0, 2.0, null, 3.0, 1.0, 1.0, null, 1.0, null, null, null, 1.0, null, null, null, null, null, null, null]}, "Gurun": {"baseline": [1.0, 1.0, null, null, 1.0, 1.0, 1.0952380952380953, 1.0, 1.3, 1.0, 1.5, 1.0, 1.4, 1.25, 1.2857142857142858, 1.1176470588235294, 1.2, 1.2962962962962963, 1.2, 1.0, 1.0, 2.0, 2.0, null], "baseline_730": [1.0, 1.0, null, null, 1.0, 1.0, 1.0952380952380953, 1.0, 1.3, 1.0, 1.5, 1.0, 1.4, 1.25, 1.2857142857142858, 1.1176470588235294, 1.2, 1.2962962962962963, 1.2, 1.0, 1.0, 2.0, 2.0, null], "today": [null, null, null, null, null, null, null, null, null, null, null, null, null, null, null, null, null, null, null, null, null, null, null, null]}, "Ipoh": {"baseline": [1.7428571428571429, 1.5, 1.25, 1.0, 1.0, 1.5416666666666667, 6.4804469273743015, 8.122994652406417, 7.3138297872340425, 2.5037037037037035, 3.719298245614035, 2.3435582822085887, 1.8032786885245902, 3.1739130434782608, 1.896551724137931, 2.018018018018018, 1.5949367088607596, 1.9401709401709402, 1.859504132231405, 1.6666666666666667, 1.1612903225806452, 1.2857142857142858, 8.0, null], "baseline_730": [1.7428571428571429, 1.5, 1.25, 1.0, 1.0, 1.5416666666666667, 6.4804469273743015, 8.122994652406417, 7.3138297872340425, 2.5037037037037035, 3.719298245614035, 2.3435582822085887, 1.8032786885245902, 3.1739130434782608, 1.896551724137931, 2.018018018018018, 1.5949367088607596, 1.9401709401709402, 1.859504132231405, 1.6666666666666667, 1.1612903225806452, 1.2857142857142858, 8.0, null], "today": [null, 2.0, null, null, null, null, 9.0, 13.0, 9.0, null, 1.0, 2.0, null, 2.0, 1.0, null, 3.0, null, null, null, null, null, null, null]},