{"service": "komuter_utara", "origin": "Sungai Siput", "latest_date": "2026-06-29", "destinations": {"Alor Setar": {"baseline": [1.2, null, 1.0, 1.0, 1.0952380952380953, 1.3, 1.75, 1.2727272727272727, 1.4736842105263157, 1.25, 1.3888888888888888, 1.7647058823529411, 1.9545454545454546, 1.2105263157894737, 1.2272727272727273, 1.0666666666666667, 1.5714285714285714, 1.1724137931034482, 1.5, 1.0, 1.0, null, 2.0, null], "baseline_730": [1.2, null, 1.0, 1.0, 1.0952380952380953, 1.3, 1.75, 1.2727272727272727, 1.4736842105263157, 1.25, 1.3888888888888888, 1.7647058823529411, 1.9545454545454546, 1.2105263157894737, 1.2272727272727273, 1.0666666666666667, 1.5714285714285714, 1.1724137931034482, 1.5, 1.0, 1.0, null, 2.0, null], "today": [null, null, null, null, null, null, null, null, null, null, null, null, null, null, null, null, null, 1.0, null, null, null, null, null, null]}, "Anak Bukit": {"baseline": [1.0, 1.0, 1.0, null, 1.1666666666666667, 1.1111111111111112, 1.5625, 1.0, 1.125, 1.3333333333333333, 1.3, 1.1111111111111112, 1.0909090909090908, 1.3333333333333333, 1.64, 1.4, 1.2972972972972974, 1.4210526315789473, 1.3333333333333333, null, 1.0, 1.0, 1.0, null], "baseline_730": [1.0, 1.0, 1.0, null, 1.1666666666666667, 1.1111111111111112, 1.5625, 1.0, 1.125, 1.3333333333333333, 1.3, 1.1111111111111112, 1.0909090909090908, 1.3333333333333333, 1.64, 1.4, 1.2972972972972974, 1.4210526315789473, 1.3333333333333333, null, 1.0, 1.0, 1.0, null], "today": [null, null, null, null, null, null, null, 1.0, null, null, null, null, null, null, null, null, null, null, null, null, null, null, null, null]}, "Arau": {"baseline": [1.8888888888888888, 1.0, 1.0, 1.0, 1.1875, 1.173913043478261, 1.453125, 1.3529411764705883, 1.574468085106383, 1.44, 1.6122448979591837, 1.303030303030303, 1.3137254901960784, 1.0869565217391304, 1.7017543859649122, 1.0909090909090908, 1.4285714285714286, 1.3333333333333333, 1.1, null, 1.5, 1.1904761904761905, null, null], "baseline_730": [1.8888888888888888, 1.0, 1.0, 1.0, 1.1875, 1.173913043478261, 1.453125, 1.3529411764705883, 1.574468085106383, 1.44, 1.6122448979591837, 1.303030303030303, 1.3137254901960784, 1.0869565217391304, 1.7017543859649122, 1.0909090909090908, 1.4285714285714286, 1.3333333333333333, 1.1, null, 1.5, 1.1904761904761905, null, null], "today": [null, null, null, null, 1.0, null, 3.0, null, null, null, null, null, null, null, null, null, null, null, null, null, null, null, null, null]}, "Bagan Serai": {"baseline": [null, 4.0, null, null, null, 1.0, 1.1904761904761905, 1.105263157894737, 1.1666666666666667, 1.1111111111111112, 1.894736842105263, 1.2, 1.875, 1.1428571428571428, 1.1382978723404256, 1.0, 1.2727272727272727, 1.1666666666666667, 1.0833333333333333, 1.0, 1.0, 1.0, 1.0, null], "baseline_730": [null, 4.0, null, null, null, 1.0, 1.1904761904761905, 1.105263157894737, 1.1666666666666667, 1.1111111111111112, 1.894736842105263, 1.2, 1.875, 1.1428571428571428, 1.1382978723404256, 1.0, 1.2727272727272727, 1.1666666666666667, 1.0833333333333333, 1.0, 1.0, 1.0, 1.0, null], "today": [null, null, null, null, null, null, null, null, null, null, null, null, null, null, null, null, null, null, null, null, null, null, null, null]}, "Bukit Ketri": {"baseline": [null, null, null, null, 2.0, null, 2.0, 1.0, 1.4285714285714286, 1.0, 1.5, 1.5, 1.0952380952380953, 1.0, 1.4, 1.0, 1.0526315789473684, 1.0, 1.0, null, 1.0, 1.4, null, null], "baseline_730": [null, null, null, null, 2.0, null, 2.0, 1.0, 1.4285714285714286, 1.0, 1.5, 1.5, 1.0952380952380953, 1.0, 1.4, 1.0, 1.0526315789473684, 1.0, 1.0, null, 1.0, 1.4, null, null], "today": [null, null, null, null, null, null, null, null, null, null, null, 2.0, null, 1.0, null, null, null, null, null, null, null, null, null, null]}, "Bukit Mertajam": {"baseline": [1.2142857142857142, 1.0, 1.0, 1.0, 1.75, 1.6666666666666667, 1.7157894736842105, 1.446808510638298, 1.7387387387387387, 1.5, 1.7125, 1.3818181818181818, 1.7377049180327868, 1.8484848484848484, 1.9759036144578312, 1.5, 1.9397590361445782, 1.9069767441860466, 1.8360655737704918, 1.4736842105263157, 1.3103448275862069, 2.0, 3.0, 1.0], "baseline_730": [1.2142857142857142, 1.0, 1.0, 1.0, 1.75, 1.6666666666666667, 1.7157894736842105, 1.446808510638298, 1.7387387387387387, 1.5, 1.7125, 1.3818181818181818, 1.7377049180327868, 1.8484848484848484, 1.9759036144578312, 1.5, 1.9397590361445782, 1.9069767441860466, 1.8360655737704918, 1.4736842105263157, 1.3103448275862069, 2.0, 3.0, 1.0], "today": [null, null, null, null, null, null, 3.0, null, 1.0, null, 2.0, null, 1.0, null, null, 1.0, 2.0, null, null, null, 2.0, null, null, null]}, "Bukit Tengah": {"baseline": [1.0, null, null, null, 1.0, 1.45, 1.5694444444444444, 1.1, 1.3636363636363635, 1.2352941176470589, 1.2571428571428571, 1.15, 1.1, 1.1428571428571428, 1.2, 1.55, 1.64, 1.2903225806451613, 1.7241379310344827, 1.2222222222222223, 1.0869565217391304, 1.5, 3.0, 1.0], "baseline_730": [1.0, null, null, null, 1.0, 1.45, 1.5694444444444444, 1.1, 1.3636363636363635, 1.2352941176470589, 1.2571428571428571, 1.15, 1.1, 1.1428571428571428, 1.2, 1.55, 1.64, 1.2903225806451613, 1.7241379310344827, 1.2222222222222223, 1.0869565217391304, 1.5, 3.0, 1.0], "today": [null, null, null, null, null, null, 2.0, 1.0, 1.0, null, null, null, null, null, null, null, null, null, null, null, null, null, null, null]}, "Butterworth": {"baseline": [1.3125, 1.1176470588235294, 1.2857142857142858, 1.1538461538461537, 1.7272727272727273, 1.7575757575757576, 3.0, 1.8103448275862069, 2.937007874015748, 1.9101123595505618, 2.2395833333333335, 1.8181818181818181, 2.131868131868132, 1.9523809523809523, 2.2448979591836733, 1.4528301886792452, 1.8076923076923077, 1.6493506493506493, 1.8974358974358974, 1.186046511627907, 1.32, null, 3.6, null], "baseline_730": [1.3125, 1.1176470588235294, 1.2857142857142858, 1.1538461538461537, 1.7272727272727273, 1.7575757575757576, 3.0, 1.8103448275862069, 2.937007874015748, 1.9101123595505618, 2.2395833333333335, 1.8181818181818181, 2.131868131868132, 1.9523809523809523, 2.2448979591836733, 1.4528301886792452, 1.8076923076923077, 1.6493506493506493, 1.8974358974358974, 1.186046511627907, 1.32, null, 3.6, null], "today": [1.0, null, null, null, null, null, 1.0, null, 3.0, null, 1.0, 1.0, 3.0, null, null, null, null, 4.0, null, null, null, null, null, null]}, "Gurun": {"baseline": [1.0, 1.0, null, null, 1.0, 1.0, 1.0588235294117647, 1.0, 1.3333333333333333, 1.0, 1.5454545454545454, 1.0, 1.3636363636363635, 1.25, 1.2727272727272727, 1.0769230769230769, 1.2222222222222223, 1.3478260869565217, 1.3333333333333333, 1.0, 1.0, null, 2.0, null], "baseline_730": [1.0, 1.0, null, null, 1.0, 1.0, 1.0588235294117647, 1.0, 1.3333333333333333, 1.0, 1.5454545454545454, 1.0, 1.3636363636363635, 1.25, 1.2727272727272727, 1.0769230769230769, 1.2222222222222223, 1.3478260869565217, 1.3333333333333333, 1.0, 1.0, null, 2.0, null], "today": [null, null, null, null, null, null, null, null, null, null, null, null, null, null, null, null, null, null, null, null, null, null, null, null]}, "Ipoh": {"baseline": [1.8125, 1.5714285714285714, 1.3333333333333333, 1.0, 1.0, 1.5714285714285714, 6.187096774193549, 7.9937888198757765, 7.012345679012346, 2.413793103448276, 3.8133333333333335, 2.3741007194244603, 1.7659574468085106, 3.235294117647059, 1.8775510204081634, 2.032258064516129, 1.621212121212121, 1.9489795918367347, 1.8584905660377358, 1.6842105263157894, 1.2083333333333333, 1.2857142857142858, 8.0, null], "baseline_730": [1.8125, 1.5714285714285714, 1.3333333333333333, 1.0, 1.0, 1.5714285714285714, 6.187096774193549, 7.9937888198757765, 7.012345679012346, 2.413793103448276, 3.8133333333333335, 2.3741007194244603, 1.7659574468085106, 3.235294117647059, 1.8775510204081634, 2.032258064516129, 1.621212121212121, 1.9489795918367347, 1.8584905660377358, 1.6842105263157894, 1.2083333333333333, 1.2857142857142858, 8.0, null],