{"service": "komuter_utara", "origin": "Sungai Siput", "latest_date": "2026-07-13", "destinations": {"Alor Setar": {"baseline": [1.3333333333333333, null, 1.0, 1.0, 1.0909090909090908, 1.3, 1.72, 1.25, 1.45, 1.25, 1.4, 1.7222222222222223, 1.9130434782608696, 1.2105263157894737, 1.2, 1.45, 1.6363636363636365, 1.15625, 1.5, 1.0, 1.25, null, 2.0, null], "baseline_730": [1.3333333333333333, null, 1.0, 1.0, 1.0909090909090908, 1.3, 1.72, 1.25, 1.45, 1.25, 1.4, 1.7222222222222223, 1.9130434782608696, 1.2105263157894737, 1.2, 1.45, 1.6363636363636365, 1.15625, 1.5, 1.0, 1.25, null, 2.0, null], "today": [null, null, null, null, null, null, null, null, null, null, null, null, null, null, null, null, null, null, null, null, null, null, 1.0, null]}, "Anak Bukit": {"baseline": [1.0, 1.0, 1.0, null, 1.1428571428571428, 1.1111111111111112, 1.55, 1.0, 1.1764705882352942, 1.3333333333333333, 1.25, 1.1111111111111112, 1.0909090909090908, 1.3333333333333333, 1.6153846153846154, 1.3333333333333333, 1.2790697674418605, 1.434782608695652, 1.5, null, 1.0, 1.0, 1.0, null], "baseline_730": [1.0, 1.0, 1.0, null, 1.1428571428571428, 1.1111111111111112, 1.55, 1.0, 1.1764705882352942, 1.3333333333333333, 1.25, 1.1111111111111112, 1.0909090909090908, 1.3333333333333333, 1.6153846153846154, 1.3333333333333333, 1.2790697674418605, 1.434782608695652, 1.5, null, 1.0, 1.0, 1.0, null], "today": [null, null, null, null, null, null, null, null, 1.0, null, null, null, null, null, null, null, null, null, null, null, null, null, null, null]}, "Arau": {"baseline": [1.8, 1.0, 1.0, 1.0, 1.2105263157894737, 1.2, 1.457142857142857, 1.3333333333333333, 1.5686274509803921, 1.3666666666666667, 1.5344827586206897, 1.263157894736842, 1.3103448275862069, 1.08, 1.7164179104477613, 1.0833333333333333, 1.3846153846153846, 1.2972972972972974, 1.0833333333333333, null, 1.5, 1.1666666666666667, null, null], "baseline_730": [1.8, 1.0, 1.0, 1.0, 1.2105263157894737, 1.2, 1.457142857142857, 1.3333333333333333, 1.5686274509803921, 1.3666666666666667, 1.5344827586206897, 1.263157894736842, 1.3103448275862069, 1.08, 1.7164179104477613, 1.0833333333333333, 1.3846153846153846, 1.2972972972972974, 1.0833333333333333, null, 1.5, 1.1666666666666667, null, null], "today": [null, null, null, null, null, null, 2.0, null, 1.0, null, null, null, null, null, null, null, null, 1.0, null, null, null, null, null, null]}, "Bagan Serai": {"baseline": [null, 4.0, null, null, null, 1.0, 1.24, 1.105263157894737, 1.1428571428571428, 1.0909090909090908, 1.85, 1.1666666666666667, 1.8235294117647058, 1.125, 1.1442307692307692, 1.0, 1.2307692307692308, 1.1428571428571428, 1.0714285714285714, 1.0, 1.0, 1.0, 1.0, null], "baseline_730": [null, 4.0, null, null, null, 1.0, 1.24, 1.105263157894737, 1.1428571428571428, 1.0909090909090908, 1.85, 1.1666666666666667, 1.8235294117647058, 1.125, 1.1442307692307692, 1.0, 1.2307692307692308, 1.1428571428571428, 1.0714285714285714, 1.0, 1.0, 1.0, 1.0, null], "today": [null, null, null, null, null, 2.0, null, null, null, null, null, null, null, null, null, null, 1.0, null, null, null, null, null, null, null]}, "Bukit Ketri": {"baseline": [null, null, null, null, 2.0, null, 2.0, 1.0, 1.4285714285714286, 1.0, 1.5, 1.6, 1.0869565217391304, 1.0, 1.3333333333333333, 1.0, 1.1428571428571428, 1.0, 1.0, null, 1.0, 1.4, null, null], "baseline_730": [null, null, null, null, 2.0, null, 2.0, 1.0, 1.4285714285714286, 1.0, 1.5, 1.6, 1.0869565217391304, 1.0, 1.3333333333333333, 1.0, 1.1428571428571428, 1.0, 1.0, null, 1.0, 1.4, null, null], "today": [null, null, null, null, null, null, null, null, null, null, null, null, null, null, null, null, null, null, null, null, null, null, null, null]}, "Bukit Mertajam": {"baseline": [1.2666666666666666, 1.0, 1.0, 1.0, 1.7777777777777777, 1.8181818181818181, 1.7830188679245282, 1.4038461538461537, 1.768, 1.4583333333333333, 1.6931818181818181, 1.40625, 1.7297297297297298, 1.763157894736842, 2.0, 1.619047619047619, 1.9574468085106382, 1.878787878787879, 1.8055555555555556, 1.4090909090909092, 1.2820512820512822, 2.0, 2.3333333333333335, 1.0], "baseline_730": [1.2666666666666666, 1.0, 1.0, 1.0, 1.7777777777777777, 1.8181818181818181, 1.7830188679245282, 1.4038461538461537, 1.768, 1.4583333333333333, 1.6931818181818181, 1.40625, 1.7297297297297298, 1.763157894736842, 2.0, 1.619047619047619, 1.9574468085106382, 1.878787878787879, 1.8055555555555556, 1.4090909090909092, 1.2820512820512822, 2.0, 2.3333333333333335, 1.0], "today": [null, null, null, null, 1.0, null, 4.0, null, 2.0, 1.0, 6.0, null, 2.0, 5.0, 1.0, null, 1.0, 3.0, null, null, null, null, null, null]}, "Bukit Tengah": {"baseline": [1.0, null, null, null, 1.0, 1.45, 1.5609756097560976, 1.0909090909090908, 1.3333333333333333, 1.2352941176470589, 1.2564102564102564, 1.1538461538461537, 1.0869565217391304, 1.1428571428571428, 1.1851851851851851, 1.5, 1.6896551724137931, 1.3714285714285714, 1.6875, 1.2, 1.0769230769230769, 1.5, 3.0, 1.0], "baseline_730": [1.0, null, null, null, 1.0, 1.45, 1.5609756097560976, 1.0909090909090908, 1.3333333333333333, 1.2352941176470589, 1.2564102564102564, 1.1538461538461537, 1.0869565217391304, 1.1428571428571428, 1.1851851851851851, 1.5, 1.6896551724137931, 1.3714285714285714, 1.6875, 1.2, 1.0769230769230769, 1.5, 3.0, 1.0], "today": [null, null, null, null, null, null, 3.0, 1.0, null, null, 1.0, 3.0, null, 2.0, null, null, null, null, null, null, null, null, null, null]}, "Butterworth": {"baseline": [1.3157894736842106, 1.15, 1.25, 1.1428571428571428, 1.7627118644067796, 1.8157894736842106, 2.959731543624161, 1.7936507936507937, 2.8958333333333335, 1.8842105263157896, 2.18018018018018, 1.7964601769911503, 2.0754716981132075, 1.8970588235294117, 2.2710280373831777, 1.4262295081967213, 1.793103448275862, 1.6333333333333333, 1.8764044943820224, 1.1702127659574468, 1.2903225806451613, 1.0, 3.6, null], "baseline_730": [1.3157894736842106, 1.15, 1.25, 1.1428571428571428, 1.7627118644067796, 1.8157894736842106, 2.959731543624161, 1.7936507936507937, 2.8958333333333335, 1.8842105263157896, 2.18018018018018, 1.7964601769911503, 2.0754716981132075, 1.8970588235294117, 2.2710280373831777, 1.4262295081967213, 1.793103448275862, 1.6333333333333333, 1.8764044943820224, 1.1702127659574468, 1.2903225806451613, 1.0, 3.6, null], "today": [null, null, null, 2.0, 1.0, null, 1.0, null, 1.0, null, null, 1.0, null, null, 5.0, null, 1.0, null, 1.0, null, null, null, null, null]}, "Gurun": {"baseline": [1.0, 1.0, null, null, 1.0, 1.0, 1.1, 1.0, 1.3, 1.0, 1.5, 1.0, 1.4, 1.25, 1.2857142857142858, 1.1176470588235294, 1.2, 1.2962962962962963, 1.2, 1.0, 1.0, 2.0, 2.0, null], "baseline_730": [1.0, 1.0, null, null, 1.0, 1.0, 1.1, 1.0, 1.3, 1.0, 1.5, 1.0, 1.4, 1.25, 1.2857142857142858, 1.1176470588235294, 1.2, 1.2962962962962963, 1.2, 1.0, 1.0, 2.0, 2.0, null], "today": [null, null, null, null, null, null, 1.0, null, null, null, null, null, null, null, null, null, null, null, null, null, null, null, null, null]}, "Ipoh": {"baseline": [1.7428571428571429, 1.5, 1.25, 1.0, 1.0, 1.5909090909090908, 6.3522727272727275, 8.097826086956522, 7.243243243243243, 2.518796992481203, 3.6964285714285716, 2.3375, 1.8166666666666667, 3.1838235294117645, 1.8859649122807018, 2.036697247706422, 1.6103896103896105, 1.9565217391304348, 1.88135593220339, 1.6666666666666667, 1.1612903225806452, 1.2857142857142858, 8.0, null], "baseline_730": [1.7428571428571429, 1.5, 1.25, 1.0, 1.0, 1.5909090909090908, 6.3522727272727275, 8.097826086956522, 7.243243243243243, 2.518796992481203, 3.6964285714285716, 2.3375, 1.8166666666666667, 3.1838235294117645, 1.8859649122807018, 2.036697247706422, 1.6103896103896105, 1.9565217391304348, 1.88135593220339, 1.6666666666666667, 1.1612903225806452, 1.2857142857142858, 8.0, null], "today": [null, null, null, null, null, 1.0, 9.0, 11.0, 10.0, 2.0, 7.0, 3.0, null, 2.0, 4.0, 1.0, null, null, 1.0, null, null, null, null, null]},