{"service": "komuter_utara", "origin": "Sungai Siput", "latest_date": "2026-07-06", "destinations": {"Alor Setar": {"baseline": [1.3333333333333333, null, 1.0, 1.0, 1.0952380952380953, 1.3, 1.72, 1.25, 1.45, 1.25, 1.3888888888888888, 1.7222222222222223, 1.9545454545454546, 1.2105263157894737, 1.2, 1.1666666666666667, 1.6363636363636365, 1.1612903225806452, 1.5, 1.0, 1.25, null, 2.0, null], "baseline_730": [1.3333333333333333, null, 1.0, 1.0, 1.0952380952380953, 1.3, 1.72, 1.25, 1.45, 1.25, 1.3888888888888888, 1.7222222222222223, 1.9545454545454546, 1.2105263157894737, 1.2, 1.1666666666666667, 1.6363636363636365, 1.1612903225806452, 1.5, 1.0, 1.25, null, 2.0, null], "today": [null, null, null, null, 1.0, null, null, null, null, null, 1.0, null, null, null, null, 5.0, null, null, null, null, null, null, null, null]}, "Anak Bukit": {"baseline": [1.0, 1.0, 1.0, null, 1.1666666666666667, 1.1111111111111112, 1.6111111111111112, 1.0, 1.1764705882352942, 1.3333333333333333, 1.3, 1.1111111111111112, 1.0909090909090908, 1.3333333333333333, 1.6153846153846154, 1.375, 1.2682926829268293, 1.4285714285714286, 1.3333333333333333, null, 1.0, 1.0, 1.0, null], "baseline_730": [1.0, 1.0, 1.0, null, 1.1666666666666667, 1.1111111111111112, 1.6111111111111112, 1.0, 1.1764705882352942, 1.3333333333333333, 1.3, 1.1111111111111112, 1.0909090909090908, 1.3333333333333333, 1.6153846153846154, 1.375, 1.2682926829268293, 1.4285714285714286, 1.3333333333333333, null, 1.0, 1.0, 1.0, null], "today": [null, null, null, null, null, null, null, null, null, null, 1.0, null, null, null, null, null, null, 1.0, null, null, null, null, null, null]}, "Arau": {"baseline": [1.8, 1.0, 1.0, 1.0, 1.2105263157894737, 1.2, 1.4558823529411764, 1.3529411764705883, 1.56, 1.3928571428571428, 1.5535714285714286, 1.2702702702702702, 1.2982456140350878, 1.08, 1.703125, 1.0909090909090908, 1.394736842105263, 1.3055555555555556, 1.1, null, 1.5, 1.1666666666666667, null, null], "baseline_730": [1.8, 1.0, 1.0, 1.0, 1.2105263157894737, 1.2, 1.4558823529411764, 1.3529411764705883, 1.56, 1.3928571428571428, 1.5535714285714286, 1.2702702702702702, 1.2982456140350878, 1.08, 1.703125, 1.0909090909090908, 1.394736842105263, 1.3055555555555556, 1.1, null, 1.5, 1.1666666666666667, null, null], "today": [null, null, null, null, null, null, 1.0, null, 2.0, null, null, null, null, null, null, null, null, null, null, null, null, null, null, null]}, "Bagan Serai": {"baseline": [null, 4.0, null, null, null, 1.0, 1.2608695652173914, 1.105263157894737, 1.1578947368421053, 1.1, 1.894736842105263, 1.2, 1.875, 1.1428571428571428, 1.14, 1.0, 1.2608695652173914, 1.1428571428571428, 1.0714285714285714, 1.0, 1.0, 1.0, 1.0, null], "baseline_730": [null, 4.0, null, null, null, 1.0, 1.2608695652173914, 1.105263157894737, 1.1578947368421053, 1.1, 1.894736842105263, 1.2, 1.875, 1.1428571428571428, 1.14, 1.0, 1.2608695652173914, 1.1428571428571428, 1.0714285714285714, 1.0, 1.0, 1.0, 1.0, null], "today": [null, null, null, null, null, null, 1.0, null, 1.0, null, null, null, null, null, null, null, null, null, null, null, null, null, null, null]}, "Bukit Ketri": {"baseline": [null, null, null, null, 2.0, null, 2.0, 1.0, 1.4285714285714286, 1.0, 1.5, 1.6, 1.0952380952380953, 1.0, 1.3333333333333333, 1.0, 1.0526315789473684, 1.0, 1.0, null, 1.0, 1.4, null, null], "baseline_730": [null, null, null, null, 2.0, null, 2.0, 1.0, 1.4285714285714286, 1.0, 1.5, 1.6, 1.0952380952380953, 1.0, 1.3333333333333333, 1.0, 1.0526315789473684, 1.0, 1.0, null, 1.0, 1.4, null, null], "today": [null, null, null, null, null, null, null, null, null, null, null, null, 1.0, null, null, null, null, null, null, null, null, null, null, null]}, "Bukit Mertajam": {"baseline": [1.2666666666666666, 1.0, 1.0, 1.0, 1.7142857142857142, 1.8181818181818181, 1.7450980392156863, 1.42, 1.7768595041322315, 1.4666666666666666, 1.697674418604651, 1.4098360655737705, 1.7246376811594204, 1.7777777777777777, 2.0, 1.619047619047619, 1.9230769230769231, 1.89247311827957, 1.8059701492537314, 1.45, 1.3055555555555556, 2.0, 2.3333333333333335, 1.0], "baseline_730": [1.2666666666666666, 1.0, 1.0, 1.0, 1.7142857142857142, 1.8181818181818181, 1.7450980392156863, 1.42, 1.7768595041322315, 1.4666666666666666, 1.697674418604651, 1.4098360655737705, 1.7246376811594204, 1.7777777777777777, 2.0, 1.619047619047619, 1.9230769230769231, 1.89247311827957, 1.8059701492537314, 1.45, 1.3055555555555556, 2.0, 2.3333333333333335, 1.0], "today": [null, null, null, null, 1.0, null, 2.0, 1.0, 1.0, 1.0, null, null, 2.0, null, null, null, null, 2.0, null, null, null, null, null, null]}, "Bukit Tengah": {"baseline": [1.0, null, null, null, 1.0, 1.45, 1.5555555555555556, 1.0930232558139534, 1.3478260869565217, 1.2352941176470589, 1.2702702702702702, 1.125, 1.0909090909090908, 1.1428571428571428, 1.1851851851851851, 1.5238095238095237, 1.7142857142857142, 1.3636363636363635, 1.6774193548387097, 1.2, 1.08, 1.5, 3.0, 1.0], "baseline_730": [1.0, null, null, null, 1.0, 1.45, 1.5555555555555556, 1.0930232558139534, 1.3478260869565217, 1.2352941176470589, 1.2702702702702702, 1.125, 1.0909090909090908, 1.1428571428571428, 1.1851851851851851, 1.5238095238095237, 1.7142857142857142, 1.3636363636363635, 1.6774193548387097, 1.2, 1.08, 1.5, 3.0, 1.0], "today": [null, null, null, null, 1.0, null, 2.0, null, null, null, null, 2.0, null, null, null, null, null, null, null, null, null, null, null, null]}, "Butterworth": {"baseline": [1.3243243243243243, 1.15, 1.2857142857142858, 1.1538461538461537, 1.7627118644067796, 1.7638888888888888, 2.9655172413793105, 1.7868852459016393, 2.898550724637681, 1.9021739130434783, 2.19811320754717, 1.8035714285714286, 2.0792079207920793, 1.9242424242424243, 2.2211538461538463, 1.456140350877193, 1.7857142857142858, 1.6352941176470588, 1.872093023255814, 1.173913043478261, 1.3103448275862069, 1.0, 3.6, null], "baseline_730": [1.3243243243243243, 1.15, 1.2857142857142858, 1.1538461538461537, 1.7627118644067796, 1.7638888888888888, 2.9655172413793105, 1.7868852459016393, 2.898550724637681, 1.9021739130434783, 2.19811320754717, 1.8035714285714286, 2.0792079207920793, 1.9242424242424243, 2.2211538461538463, 1.456140350877193, 1.7857142857142858, 1.6352941176470588, 1.872093023255814, 1.173913043478261, 1.3103448275862069, 1.0, 3.6, null], "today": [null, null, null, 1.0, null, 3.0, 4.0, null, 2.0, 1.0, 3.0, null, null, null, null, null, 2.0, 2.0, null, null, null, null, null, null]}, "Gurun": {"baseline": [1.0, 1.0, null, null, 1.0, 1.0, 1.105263157894737, 1.0, 1.3, 1.0, 1.5, 1.0, 1.4285714285714286, 1.25, 1.3076923076923077, 1.1176470588235294, 1.2105263157894737, 1.3333333333333333, 1.2, 1.0, 1.0, 2.0, 2.0, null], "baseline_730": [1.0, 1.0, null, null, 1.0, 1.0, 1.105263157894737, 1.0, 1.3, 1.0, 1.5, 1.0, 1.4285714285714286, 1.25, 1.3076923076923077, 1.1176470588235294, 1.2105263157894737, 1.3333333333333333, 1.2, 1.0, 1.0, 2.0, 2.0, null], "today": [null, null, null, null, null, null, null, null, null, null, null, null, null, null, null, null, null, null, null, null, null, null, null, null]}, "Ipoh": {"baseline": [1.7647058823529411, 1.5, 1.3333333333333333, 1.0, 1.0, 1.5714285714285714, 6.218934911242603, 8.062146892655367, 7.129213483146067, 2.46875, 3.7453416149068324, 2.3376623376623376, 1.8113207547169812, 3.2, 1.8703703703703705, 2.0, 1.6081081081081081, 1.9636363636363636, 1.8584070796460177, 1.65625, 1.1785714285714286, 1.2857142857142858, 8.0, null], "baseline_730": [1.7647058823529411, 1.5, 1.3333333333333333, 1.0, 1.0, 1.5714285714285714, 6.218934911242603, 8.062146892655367, 7.129213483146067, 2.46875, 3.7453416149068324, 2.3376623376623376, 1.8113207547169812, 3.2, 1.8703703703703705, 2.0, 1.6081081081081081, 1.9636363636363636, 1.8584070796460177, 1.65625, 1.1785714285714286, 1.2857142857142858, 8.0, null], "today": [null, null, null, null, null, null, 2.0, 9.0, 17.0, 3.0, 1.0, 1.0, 3.0, 2.0, 3.0, 1.0, null, null, null, null, null, null, null, null]},