{"service": "komuter_utara", "origin": "Sungai Siput", "latest_date": "2026-07-04", "destinations": {"Alor Setar": {"baseline": [1.2, null, 1.0, 1.0, 1.0952380952380953, 1.3, 1.72, 1.2727272727272727, 1.4736842105263157, 1.25, 1.3888888888888888, 1.7647058823529411, 1.9545454545454546, 1.2105263157894737, 1.2173913043478262, 1.0666666666666667, 1.5714285714285714, 1.1666666666666667, 1.5, 1.0, 1.0, null, 2.0, null], "baseline_730": [1.2, null, 1.0, 1.0, 1.0952380952380953, 1.3, 1.72, 1.2727272727272727, 1.4736842105263157, 1.25, 1.3888888888888888, 1.7647058823529411, 1.9545454545454546, 1.2105263157894737, 1.2173913043478262, 1.0666666666666667, 1.5714285714285714, 1.1666666666666667, 1.5, 1.0, 1.0, null, 2.0, null], "today": [null, null, null, null, null, null, null, 1.0, null, null, null, null, null, null, null, null, null, null, null, null, null, null, null, null]}, "Anak Bukit": {"baseline": [1.0, 1.0, 1.0, null, 1.1666666666666667, 1.1111111111111112, 1.6111111111111112, 1.0, 1.125, 1.3333333333333333, 1.3, 1.1111111111111112, 1.0909090909090908, 1.3333333333333333, 1.64, 1.4, 1.2894736842105263, 1.45, 1.3333333333333333, null, 1.0, 1.0, 1.0, null], "baseline_730": [1.0, 1.0, 1.0, null, 1.1666666666666667, 1.1111111111111112, 1.6111111111111112, 1.0, 1.125, 1.3333333333333333, 1.3, 1.1111111111111112, 1.0909090909090908, 1.3333333333333333, 1.64, 1.4, 1.2894736842105263, 1.45, 1.3333333333333333, null, 1.0, 1.0, 1.0, null], "today": [null, null, null, null, null, null, null, null, 2.0, null, null, null, null, null, null, null, null, null, null, null, null, null, null, null]}, "Arau": {"baseline": [1.8, 1.0, 1.0, 1.0, 1.1764705882352942, 1.2083333333333333, 1.4696969696969697, 1.3529411764705883, 1.574468085106383, 1.4074074074074074, 1.6, 1.2777777777777777, 1.3148148148148149, 1.0833333333333333, 1.6779661016949152, 1.0909090909090908, 1.4285714285714286, 1.3235294117647058, 1.1, null, 1.5, 1.1904761904761905, null, null], "baseline_730": [1.8, 1.0, 1.0, 1.0, 1.1764705882352942, 1.2083333333333333, 1.4696969696969697, 1.3529411764705883, 1.574468085106383, 1.4074074074074074, 1.6, 1.2777777777777777, 1.3148148148148149, 1.0833333333333333, 1.6779661016949152, 1.0909090909090908, 1.4285714285714286, 1.3235294117647058, 1.1, null, 1.5, 1.1904761904761905, null, null], "today": [null, null, null, null, 2.0, null, null, null, null, null, 1.0, null, 1.0, null, null, null, null, null, null, null, null, null, null, null]}, "Bagan Serai": {"baseline": [null, 4.0, null, null, null, 1.0, 1.1904761904761905, 1.105263157894737, 1.1666666666666667, 1.1111111111111112, 1.894736842105263, 1.2, 1.875, 1.1428571428571428, 1.1458333333333333, 1.0, 1.2727272727272727, 1.1666666666666667, 1.0714285714285714, 1.0, 1.0, 1.0, 1.0, null], "baseline_730": [null, 4.0, null, null, null, 1.0, 1.1904761904761905, 1.105263157894737, 1.1666666666666667, 1.1111111111111112, 1.894736842105263, 1.2, 1.875, 1.1428571428571428, 1.1458333333333333, 1.0, 1.2727272727272727, 1.1666666666666667, 1.0714285714285714, 1.0, 1.0, 1.0, 1.0, null], "today": [null, null, null, null, null, null, 2.0, null, 1.0, 1.0, null, null, null, null, 1.0, null, null, null, null, 1.0, null, null, null, null]}, "Bukit Ketri": {"baseline": [null, null, null, null, 2.0, null, 2.0, 1.0, 1.4285714285714286, 1.0, 1.5, 1.6, 1.0952380952380953, 1.0, 1.3333333333333333, 1.0, 1.0526315789473684, 1.0, 1.0, null, 1.0, 1.4, null, null], "baseline_730": [null, null, null, null, 2.0, null, 2.0, 1.0, 1.4285714285714286, 1.0, 1.5, 1.6, 1.0952380952380953, 1.0, 1.3333333333333333, 1.0, 1.0526315789473684, 1.0, 1.0, null, 1.0, 1.4, null, null], "today": [null, null, null, null, null, null, null, null, null, null, null, null, null, null, null, null, null, null, null, null, null, null, null, null]}, "Bukit Mertajam": {"baseline": [1.2142857142857142, 1.0, 1.0, 1.0, 1.75, 1.9473684210526316, 1.7142857142857142, 1.446808510638298, 1.7256637168141593, 1.4883720930232558, 1.7160493827160495, 1.4107142857142858, 1.7142857142857142, 1.8484848484848484, 1.9885057471264367, 1.625, 1.9404761904761905, 1.8977272727272727, 1.8360655737704918, 1.4736842105263157, 1.3125, 2.0, 3.0, 1.0], "baseline_730": [1.2142857142857142, 1.0, 1.0, 1.0, 1.75, 1.9473684210526316, 1.7142857142857142, 1.446808510638298, 1.7256637168141593, 1.4883720930232558, 1.7160493827160495, 1.4107142857142858, 1.7142857142857142, 1.8484848484848484, 1.9885057471264367, 1.625, 1.9404761904761905, 1.8977272727272727, 1.8360655737704918, 1.4736842105263157, 1.3125, 2.0, 3.0, 1.0], "today": [null, null, null, null, 2.0, null, 2.0, null, 5.0, 1.0, null, null, null, null, null, null, 2.0, 1.0, null, 1.0, null, null, null, null]}, "Bukit Tengah": {"baseline": [1.0, null, null, null, 1.0, 1.45, 1.5733333333333333, 1.0952380952380953, 1.3478260869565217, 1.2352941176470589, 1.2571428571428571, 1.1363636363636365, 1.0952380952380953, 1.1428571428571428, 1.2, 1.55, 1.64, 1.2903225806451613, 1.7241379310344827, 1.2222222222222223, 1.0869565217391304, 1.5, 3.0, 1.0], "baseline_730": [1.0, null, null, null, 1.0, 1.45, 1.5733333333333333, 1.0952380952380953, 1.3478260869565217, 1.2352941176470589, 1.2571428571428571, 1.1363636363636365, 1.0952380952380953, 1.1428571428571428, 1.2, 1.55, 1.64, 1.2903225806451613, 1.7241379310344827, 1.2222222222222223, 1.0869565217391304, 1.5, 3.0, 1.0], "today": [null, null, null, null, 1.0, null, null, 1.0, null, null, null, null, null, null, null, null, null, null, 1.0, null, null, null, null, null]}, "Butterworth": {"baseline": [1.3235294117647058, 1.1176470588235294, 1.2857142857142858, 1.1538461538461537, 1.7272727272727273, 1.7611940298507462, 2.9565217391304346, 1.8103448275862069, 2.9083969465648853, 1.9, 2.22, 1.7864077669902914, 2.117021276595745, 1.9375, 2.2323232323232323, 1.4528301886792452, 1.8125, 1.6625, 1.8987341772151898, 1.1818181818181819, 1.32, 1.0, 3.6, null], "baseline_730": [1.3235294117647058, 1.1176470588235294, 1.2857142857142858, 1.1538461538461537, 1.7272727272727273, 1.7611940298507462, 2.9565217391304346, 1.8103448275862069, 2.9083969465648853, 1.9, 2.22, 1.7864077669902914, 2.117021276595745, 1.9375, 2.2323232323232323, 1.4528301886792452, 1.8125, 1.6625, 1.8987341772151898, 1.1818181818181819, 1.32, 1.0, 3.6, null], "today": [null, 2.0, null, null, null, 1.0, 5.0, null, 5.0, null, 1.0, 1.0, 3.0, null, 1.0, 2.0, null, null, null, 1.0, 1.0, null, null, null]}, "Gurun": {"baseline": [1.0, 1.0, null, null, 1.0, 1.0, 1.105263157894737, 1.0, 1.3333333333333333, 1.0, 1.5454545454545454, 1.0, 1.3846153846153846, 1.25, 1.2727272727272727, 1.0714285714285714, 1.2222222222222223, 1.3478260869565217, 1.25, 1.0, 1.0, null, 2.0, null], "baseline_730": [1.0, 1.0, null, null, 1.0, 1.0, 1.105263157894737, 1.0, 1.3333333333333333, 1.0, 1.5454545454545454, 1.0, 1.3846153846153846, 1.25, 1.2727272727272727, 1.0714285714285714, 1.2222222222222223, 1.3478260869565217, 1.25, 1.0, 1.0, null, 2.0, null], "today": [null, null, null, null, null, null, null, null, null, null, null, null, null, null, null, null, null, null, null, null, null, null, null, null]}, "Ipoh": {"baseline": [1.7647058823529411, 1.5, 1.3333333333333333, 1.0, 1.0, 1.5714285714285714, 6.2875, 8.096385542168674, 7.089820359281437, 2.3949579831932772, 3.7973856209150325, 2.375, 1.8, 3.239669421487603, 1.8613861386138615, 2.0103092783505154, 1.6029411764705883, 1.9207920792079207, 1.8504672897196262, 1.694915254237288, 1.2, 1.2857142857142858, 8.0, null], "baseline_730": [1.7647058823529411, 1.5, 1.3333333333333333, 1.0, 1.0, 1.5714285714285714, 6.2875, 8.096385542168674, 7.089820359281437, 2.3949579831932772, 3.7973856209150325, 2.375, 1.8, 3.239669421487603, 1.8613861386138615, 2.0103092783505154, 1.6029411764705883, 1.9207920792079207, 1.8504672897196262, 1.694915254237288, 1.2, 1.2857142857142858, 8.0, null], "today": [null, null, null, null, null, null, null, 8.0, 4.0, null, 2.0, 3.0, 2.0, 5.0, null, null, 1.0, 5.0, null, 2.0, 1.0, null, null, null]},