{"service": "komuter_utara", "origin": "Sungai Petani", "latest_date": "2025-12-31", "destinations": {"Alor Setar": {"baseline": [1.798913043478261, 1.4112903225806452, 1.3026315789473684, 1.2340425531914894, 1.4724409448818898, 7.224137931034483, 34.49586776859504, 36.23626373626374, 34.81868131868132, 11.673076923076923, 18.28846153846154, 11.436813186813186, 17.425824175824175, 10.030219780219781, 16.596153846153847, 19.315934065934066, 17.928571428571427, 21.178571428571427, 21.20054945054945, 15.991758241758241, 5.858333333333333, 8.090909090909092, 2.5264900662251657, 2.2758620689655173], "today": [null, null, null, null, null, 6.0, 60.0, 41.0, 46.0, 8.0, 10.0, 17.0, 17.0, 5.0, 17.0, 34.0, 20.0, 20.0, 30.0, 17.0, 4.0, 13.0, 1.0, null]}, "Anak Bukit": {"baseline": [1.53125, 1.2982456140350878, 1.380952380952381, 1.2, 1.1730769230769231, 3.419642857142857, 19.516483516483518, 22.96418732782369, 14.955922865013774, 4.818181818181818, 7.365650969529086, 4.726495726495727, 7.6143250688705235, 5.084057971014492, 9.130555555555556, 10.209366391184574, 11.413223140495868, 13.016528925619834, 13.82967032967033, 9.506887052341598, 4.401734104046243, 4.910112359550562, 1.9453781512605042, 1.4727272727272727], "today": [1.0, null, null, null, null, 1.0, 26.0, 17.0, 21.0, 6.0, 2.0, 2.0, 10.0, 4.0, 15.0, 10.0, 11.0, 16.0, 13.0, 13.0, 3.0, 4.0, 2.0, null]}, "Arau": {"baseline": [1.769736842105263, 1.36, 1.373134328358209, 1.2380952380952381, 1.5255474452554745, 8.302521008403362, 21.36813186813187, 16.23901098901099, 16.104683195592287, 6.966666666666667, 14.24793388429752, 6.155172413793103, 13.878787878787879, 6.113960113960114, 15.030303030303031, 14.930939226519337, 15.256198347107437, 14.069060773480663, 13.56353591160221, 13.869444444444444, 5.27456647398844, 8.767313019390581, 1.6830985915492958, 1.8991228070175439], "today": [3.0, 1.0, null, null, 1.0, 13.0, 28.0, 20.0, 29.0, 10.0, 6.0, 8.0, 9.0, 8.0, 9.0, 11.0, 16.0, 11.0, 4.0, 8.0, 4.0, 3.0, 6.0, null]}, "Bagan Serai": {"baseline": [1.1, 1.0, 1.0, 1.0, 1.0, 1.1666666666666667, 1.3708609271523178, 1.4824561403508771, 1.8091603053435115, 1.4691358024691359, 1.625, 1.5506329113924051, 1.52, 1.8206896551724139, 1.4426229508196722, 1.9776536312849162, 1.7243589743589745, 1.8222996515679442, 1.411764705882353, 1.2695652173913043, 1.2222222222222223, 1.2, 1.0, 1.0], "today": [null, null, null, null, null, null, 2.0, null, null, null, null, null, 1.0, 1.0, null, 1.0, null, null, null, null, null, null, null, null]}, "Bukit Ketri": {"baseline": [1.4705882352941178, 1.4444444444444444, 1.0, 1.1666666666666667, 1.1764705882352942, 1.4577114427860696, 2.5813148788927336, 2.766101694915254, 2.6455696202531644, 1.801762114537445, 2.3736263736263736, 1.8137254901960784, 2.389705882352941, 1.8773006134969326, 2.717241379310345, 2.6666666666666665, 3.0630914826498423, 2.8481848184818483, 3.366863905325444, 3.2857142857142856, 1.8657407407407407, 2.7421602787456445, 1.1025641025641026, 1.375], "today": [null, null, null, null, null, null, 2.0, null, 1.0, 2.0, 2.0, null, null, 1.0, 1.0, null, null, 2.0, 3.0, 5.0, 1.0, null, null, null]}, "Bukit Mertajam": {"baseline": [1.4285714285714286, 1.2839506172839505, 1.1481481481481481, 1.0909090909090908, 1.3333333333333333, 2.4785714285714286, 18.3489010989011, 33.002747252747255, 19.363636363636363, 15.445054945054945, 7.486111111111111, 9.876373626373626, 5.777777777777778, 7.597222222222222, 5.031609195402299, 8.430939226519337, 9.740331491712707, 8.886426592797784, 9.192837465564738, 7.253443526170799, 6.806629834254144, 2.2218181818181817, 2.824915824915825, 1.4631578947368422], "today": [3.0, null, 1.0, null, null, 2.0, 24.0, 37.0, 24.0, 18.0, 11.0, 21.0, 4.0, 14.0, 9.0, 16.0, 22.0, 15.0, 10.0, 11.0, 6.0, 1.0, 1.0, 2.0]}, "Bukit Tengah": {"baseline": [1.0833333333333333, 1.0606060606060606, 1.0625, 1.0, 1.2727272727272727, 1.6174863387978142, 8.840909090909092, 14.838068181818182, 5.1531791907514455, 2.819935691318328, 2.0405405405405403, 3.2698412698412698, 2.1747967479674797, 2.7586206896551726, 2.385767790262172, 3.6807817589576546, 4.105263157894737, 3.7868338557993733, 3.926900584795322, 3.3742138364779874, 3.1059602649006623, 1.5274725274725274, 1.7578947368421052, 1.206896551724138], "today": [2.0, null, null, null, null, 1.0, 11.0, 17.0, 5.0, 3.0, 1.0, 10.0, 3.0, 6.0, 4.0, 3.0, 3.0, 5.0, 2.0, 8.0, 2.0, 2.0, null, null]}, "Butterworth": {"baseline": [1.9875776397515528, 1.6701030927835052, 1.5522388059701493, 1.2448979591836735, 1.2463768115942029, 2.9326923076923075, 22.12947658402204, 24.925824175824175, 20.07967032967033, 19.873626373626372, 9.989010989010989, 17.442307692307693, 8.694214876033058, 14.142857142857142, 7.753462603878116, 13.923076923076923, 14.456043956043956, 11.71900826446281, 9.62534435261708, 7.351123595505618, 6.022222222222222, 2.47766323024055, 2.330739299610895, 1.3580246913580247], "today": [5.0, null, 1.0, null, null, 2.0, 27.0, 35.0, 55.0, 52.0, 13.0, 23.0, 10.0, 40.0, 13.0, 15.0, 32.0, 31.0, 13.0, 20.0, 14.0, 4.0, 2.0, 1.0]}, "Gurun": {"baseline": [1.4705882352941178, 1.2666666666666666, 1.2666666666666666, 1.4, 1.4453781512605042, 2.434931506849315, 3.227692307692308, 3.0443037974683542, 2.7351190476190474, 1.6954314720812182, 2.5214007782101167, 2.1703703703703705, 2.6132404181184667, 2.641304347826087, 4.091194968553459, 4.589887640449438, 4.183431952662722, 4.661971830985915, 5.470914127423823, 3.7607361963190185, 2.0833333333333335, 2.309734513274336, 1.6533333333333333, 1.25], "today": [null, null, null, null, 1.0, 2.0, 6.0, 2.0, 1.0, 1.0, 2.0, null, 3.0, 2.0, null, 3.0, 5.0, 3.0, 3.0, 7.0, 3.0, 7.0, 1.0, null]}, "Ipoh": {"baseline": [1.7244094488188977, 1.3896103896103895, 1.1428571428571428, 1.1142857142857143, 1.3225806451612903, 1.9090909090909092, 4.051515151515152, 3.4083044982698962, 5.488636363636363, 2.8204225352112675, 3.1228668941979523, 5.552706552706553, 3.1010452961672472, 5.071428571428571, 3.9139072847682117, 5.612426035502959, 4.491176470588235, 3.9841772151898733, 3.39672131147541, 1.4639639639639639, 1.4736842105263157, 1.4838709677419355, 1.5, 1.0], "today": [1.0, null, null, null, null, 2.0, 4.0, 5.0, 10.0, 2.0, 1.0, 3.0, 3.0, 3.0, 5.0, 9.0, 8.0, 1.0, 1.0, null, 1.0, 2.0, null, null]}, "Kamunting": {"baseline": [1.1176470588235294, 1.1, 1.0, 1.0, 1.0, 1.1470588235294117, 1.9822064056939501, 1.4903846153846154, 1.56, 1.4583333333333333, 1.5408163265306123, 1.6766467065868262, 1.3255813953488371, 1.7763975155279503, 1.5392156862745099, 1.7450980392156863, 1.6428571428571428, 1.5226130653266332, 1.6, 1.1818181818181819, 1.0, 2.0, 1.0, null], "today": [null, null, null, null, null, null, 2.0, 2.0, 1.0, null, null, null, 1.0, 2.0, null, null, 1.0, 1.0, null, null, null, null, null, null]}, "Kobah": {"baseline": [1.1724137931034482, 1.4375, 1.1, 1.1428571428571428, 1.2372881355932204, 1.6857142857142857, 3.946107784431138, 4.746438746438747, 3.1185410334346506, 1.9453781512605042, 2.9755244755244754, 2.362549800796813, 3.015974440894569, 2.3321554770318023, 3.80188679245283, 4.198813056379822, 4.839887640449438, 6.78393351800554, 6.344444444444444, 4.775862068965517, 2.571884984025559, 2.257936507936508, 1.4365482233502538, 1.9], "today": [null, null, null, null, null, 2.0, 5.0, 8.0, 3.0, 1.0, null, null, 1.0, 1.0, 3.0, 3.0, 7.0, 8.0, 8.0, 8.0, 4.0, 3.0, null, null]}, "Kodiang": {"baseline": [1.1428571428571428, 1.0, 1.2352941176470589, 1.1818181818181819, 1.0555555555555556, 1.8127490039840637, 2.9529780564263324, 2.702341137123746, 2.707317073170732, 2.1715686274509802, 3.1067961165048543, 2.1953488372093024, 3.3777777777777778, 2.560747663551402, 3.9056603773584904, 4.324159021406728, 4.331360946745562, 4.594202898550725, 3.696048632218845, 3.4496644295302015, 2.0448979591836736, 2.9298892988929888, 1.5, 1.2553191489361701], "today": [1.0, null, null, null, 2.0, 2.0, 5.0, 15.0, 1.0, 1.0, 2.0, 2.0, 2.0, null, 4.0, 3.0, 3.0, 8.0, 5.0, 2.0, 1.0, 1.0, null, 1.0]},