{"service": "komuter_utara", "origin": "Sungai Siput", "latest_date": "2026-07-03", "destinations": {"Alor Setar": {"baseline": [1.2, null, 1.0, 1.0, 1.0952380952380953, 1.3, 1.72, 1.2727272727272727, 1.4736842105263157, 1.25, 1.3888888888888888, 1.7647058823529411, 1.9545454545454546, 1.2105263157894737, 1.2272727272727273, 1.0666666666666667, 1.5714285714285714, 1.1666666666666667, 1.5, 1.0, 1.0, null, 2.0, null], "baseline_730": [1.2, null, 1.0, 1.0, 1.0952380952380953, 1.3, 1.72, 1.2727272727272727, 1.4736842105263157, 1.25, 1.3888888888888888, 1.7647058823529411, 1.9545454545454546, 1.2105263157894737, 1.2272727272727273, 1.0666666666666667, 1.5714285714285714, 1.1666666666666667, 1.5, 1.0, 1.0, null, 2.0, null], "today": [null, null, null, null, null, null, null, null, null, null, null, null, null, null, 1.0, null, null, null, null, null, null, null, null, null]}, "Anak Bukit": {"baseline": [1.0, 1.0, 1.0, null, 1.1666666666666667, 1.1111111111111112, 1.5294117647058822, 1.0, 1.125, 1.3333333333333333, 1.3, 1.1111111111111112, 1.0909090909090908, 1.3333333333333333, 1.64, 1.4, 1.2894736842105263, 1.4210526315789473, 1.3333333333333333, null, 1.0, 1.0, 1.0, null], "baseline_730": [1.0, 1.0, 1.0, null, 1.1666666666666667, 1.1111111111111112, 1.5294117647058822, 1.0, 1.125, 1.3333333333333333, 1.3, 1.1111111111111112, 1.0909090909090908, 1.3333333333333333, 1.64, 1.4, 1.2894736842105263, 1.4210526315789473, 1.3333333333333333, null, 1.0, 1.0, 1.0, null], "today": [null, null, null, null, null, null, 3.0, null, null, null, null, null, null, null, null, null, null, 2.0, null, null, null, null, null, null]}, "Arau": {"baseline": [1.8, 1.0, 1.0, 1.0, 1.1764705882352942, 1.173913043478261, 1.4696969696969697, 1.3529411764705883, 1.574468085106383, 1.4074074074074074, 1.6, 1.2857142857142858, 1.3018867924528301, 1.0833333333333333, 1.6896551724137931, 1.0909090909090908, 1.4285714285714286, 1.3333333333333333, 1.1, null, 1.5, 1.1904761904761905, null, null], "baseline_730": [1.8, 1.0, 1.0, 1.0, 1.1764705882352942, 1.173913043478261, 1.4696969696969697, 1.3529411764705883, 1.574468085106383, 1.4074074074074074, 1.6, 1.2857142857142858, 1.3018867924528301, 1.0833333333333333, 1.6896551724137931, 1.0909090909090908, 1.4285714285714286, 1.3333333333333333, 1.1, null, 1.5, 1.1904761904761905, null, null], "today": [null, null, null, null, null, 2.0, null, null, null, null, null, 1.0, 2.0, null, 1.0, null, null, 1.0, null, null, null, null, null, null]}, "Bagan Serai": {"baseline": [null, 4.0, null, null, null, 1.0, 1.1904761904761905, 1.105263157894737, 1.1666666666666667, 1.1111111111111112, 1.894736842105263, 1.2, 1.875, 1.1428571428571428, 1.1368421052631579, 1.0, 1.2727272727272727, 1.1666666666666667, 1.0714285714285714, 1.0, 1.0, 1.0, 1.0, null], "baseline_730": [null, 4.0, null, null, null, 1.0, 1.1904761904761905, 1.105263157894737, 1.1666666666666667, 1.1111111111111112, 1.894736842105263, 1.2, 1.875, 1.1428571428571428, 1.1368421052631579, 1.0, 1.2727272727272727, 1.1666666666666667, 1.0714285714285714, 1.0, 1.0, 1.0, 1.0, null], "today": [null, null, null, null, null, null, null, null, null, null, null, null, null, null, 2.0, null, null, null, null, null, null, null, null, null]}, "Bukit Ketri": {"baseline": [null, null, null, null, 2.0, null, 2.0, 1.0, 1.4285714285714286, 1.0, 1.5, 1.6, 1.0952380952380953, 1.0, 1.3333333333333333, 1.0, 1.0526315789473684, 1.0, 1.0, null, 1.0, 1.4, null, null], "baseline_730": [null, null, null, null, 2.0, null, 2.0, 1.0, 1.4285714285714286, 1.0, 1.5, 1.6, 1.0952380952380953, 1.0, 1.3333333333333333, 1.0, 1.0526315789473684, 1.0, 1.0, null, 1.0, 1.4, null, null], "today": [null, null, null, null, null, null, null, null, null, null, null, null, null, null, null, null, null, null, null, null, null, null, null, null]}, "Bukit Mertajam": {"baseline": [1.2142857142857142, 1.0, 1.0, 1.0, 1.75, 1.9473684210526316, 1.7216494845360826, 1.446808510638298, 1.7256637168141593, 1.5, 1.7160493827160495, 1.3818181818181818, 1.7258064516129032, 1.8484848484848484, 2.0, 1.4871794871794872, 1.9404761904761905, 1.896551724137931, 1.8360655737704918, 1.4736842105263157, 1.3125, 2.0, 3.0, 1.0], "baseline_730": [1.2142857142857142, 1.0, 1.0, 1.0, 1.75, 1.9473684210526316, 1.7216494845360826, 1.446808510638298, 1.7256637168141593, 1.5, 1.7160493827160495, 1.3818181818181818, 1.7258064516129032, 1.8484848484848484, 2.0, 1.4871794871794872, 1.9404761904761905, 1.896551724137931, 1.8360655737704918, 1.4736842105263157, 1.3125, 2.0, 3.0, 1.0], "today": [null, null, null, null, null, null, 1.0, null, null, 1.0, null, 3.0, 1.0, null, 1.0, 7.0, null, 2.0, null, null, null, null, null, null]}, "Bukit Tengah": {"baseline": [1.0, null, null, null, 1.0, 1.45, 1.5810810810810811, 1.0952380952380953, 1.3478260869565217, 1.2352941176470589, 1.2571428571428571, 1.1363636363636365, 1.0952380952380953, 1.1428571428571428, 1.2, 1.55, 1.64, 1.2903225806451613, 1.7241379310344827, 1.2222222222222223, 1.0869565217391304, 1.5, 3.0, 1.0], "baseline_730": [1.0, null, null, null, 1.0, 1.45, 1.5810810810810811, 1.0952380952380953, 1.3478260869565217, 1.2352941176470589, 1.2571428571428571, 1.1363636363636365, 1.0952380952380953, 1.1428571428571428, 1.2, 1.55, 1.64, 1.2903225806451613, 1.7241379310344827, 1.2222222222222223, 1.0869565217391304, 1.5, 3.0, 1.0], "today": [null, null, null, null, null, null, 1.0, null, null, null, null, null, null, null, null, null, null, null, null, null, null, null, null, null]}, "Butterworth": {"baseline": [1.3235294117647058, 1.1176470588235294, 1.2857142857142858, 1.1538461538461537, 1.7272727272727273, 1.7611940298507462, 2.9565217391304346, 1.8103448275862069, 2.9153846153846152, 1.9, 2.2323232323232323, 1.7941176470588236, 2.129032258064516, 1.9375, 2.2448979591836733, 1.4528301886792452, 1.8101265822784811, 1.6625, 1.8974358974358974, 1.186046511627907, 1.32, null, 3.6, null], "baseline_730": [1.3235294117647058, 1.1176470588235294, 1.2857142857142858, 1.1538461538461537, 1.7272727272727273, 1.7611940298507462, 2.9565217391304346, 1.8103448275862069, 2.9153846153846152, 1.9, 2.2323232323232323, 1.7941176470588236, 2.129032258064516, 1.9375, 2.2448979591836733, 1.4528301886792452, 1.8101265822784811, 1.6625, 1.8974358974358974, 1.186046511627907, 1.32, null, 3.6, null], "today": [null, null, null, null, null, null, null, null, 2.0, null, 1.0, 1.0, 1.0, null, 1.0, null, 2.0, null, 2.0, 1.0, null, 1.0, null, null]}, "Gurun": {"baseline": [1.0, 1.0, null, null, 1.0, 1.0, 1.1111111111111112, 1.0, 1.3333333333333333, 1.0, 1.5454545454545454, 1.0, 1.3333333333333333, 1.25, 1.2727272727272727, 1.0714285714285714, 1.2222222222222223, 1.3478260869565217, 1.25, 1.0, 1.0, null, 2.0, null], "baseline_730": [1.0, 1.0, null, null, 1.0, 1.0, 1.1111111111111112, 1.0, 1.3333333333333333, 1.0, 1.5454545454545454, 1.0, 1.3333333333333333, 1.25, 1.2727272727272727, 1.0714285714285714, 1.2222222222222223, 1.3478260869565217, 1.25, 1.0, 1.0, null, 2.0, null], "today": [null, null, null, null, null, null, 1.0, null, null, null, null, null, 2.0, null, null, null, null, null, null, null, null, null, null, null]}, "Ipoh": {"baseline": [1.7878787878787878, 1.5, 1.3333333333333333, 1.0, 1.0, 1.5714285714285714, 6.264150943396227, 8.072727272727272, 7.066265060240964, 2.3983050847457625, 3.8026315789473686, 2.3846153846153846, 1.7346938775510203, 3.216666666666667, 1.8613861386138615, 2.0104166666666665, 1.6119402985074627, 1.93, 1.8504672897196262, 1.6724137931034482, 1.2, 1.2857142857142858, 8.0, null], "baseline_730": [1.7878787878787878, 1.5, 1.3333333333333333, 1.0, 1.0, 1.5714285714285714, 6.264150943396227, 8.072727272727272, 7.066265060240964, 2.3983050847457625, 3.8026315789473686, 2.3846153846153846, 1.7346938775510203, 3.216666666666667, 1.8613861386138615, 2.0104166666666665, 1.6119402985074627, 1.93, 1.8504672897196262, 1.6724137931034482, 1.2, 1.2857142857142858, 8.0, null],