{"service": "komuter_utara", "origin": "Sungai Siput", "latest_date": "2026-07-08", "destinations": {"Alor Setar": {"baseline": [1.3333333333333333, null, 1.0, 1.0, 1.0909090909090908, 1.3, 1.72, 1.25, 1.45, 1.25, 1.368421052631579, 1.7222222222222223, 1.9545454545454546, 1.2105263157894737, 1.2, 1.368421052631579, 1.6363636363636365, 1.1612903225806452, 1.5, 1.0, 1.25, null, 2.0, null], "baseline_730": [1.3333333333333333, null, 1.0, 1.0, 1.0909090909090908, 1.3, 1.72, 1.25, 1.45, 1.25, 1.368421052631579, 1.7222222222222223, 1.9545454545454546, 1.2105263157894737, 1.2, 1.368421052631579, 1.6363636363636365, 1.1612903225806452, 1.5, 1.0, 1.25, null, 2.0, null], "today": [null, null, null, null, null, null, null, null, null, null, null, null, null, null, null, 3.0, null, 1.0, null, null, null, null, null, null]}, "Anak Bukit": {"baseline": [1.0, 1.0, 1.0, null, 1.1666666666666667, 1.1111111111111112, 1.6111111111111112, 1.0, 1.1764705882352942, 1.3333333333333333, 1.25, 1.1111111111111112, 1.0909090909090908, 1.3333333333333333, 1.6153846153846154, 1.375, 1.2682926829268293, 1.4090909090909092, 1.3333333333333333, null, 1.0, 1.0, 1.0, null], "baseline_730": [1.0, 1.0, 1.0, null, 1.1666666666666667, 1.1111111111111112, 1.6111111111111112, 1.0, 1.1764705882352942, 1.3333333333333333, 1.25, 1.1111111111111112, 1.0909090909090908, 1.3333333333333333, 1.6153846153846154, 1.375, 1.2682926829268293, 1.4090909090909092, 1.3333333333333333, null, 1.0, 1.0, 1.0, null], "today": [null, null, null, null, null, null, 1.0, null, null, null, null, null, null, null, null, null, null, null, null, null, null, null, null, null]}, "Arau": {"baseline": [1.8, 1.0, 1.0, 1.0, 1.2105263157894737, 1.2, 1.457142857142857, 1.3529411764705883, 1.5686274509803921, 1.3793103448275863, 1.5535714285714286, 1.2702702702702702, 1.2982456140350878, 1.08, 1.7076923076923076, 1.0909090909090908, 1.394736842105263, 1.3055555555555556, 1.1, null, 1.5, 1.1666666666666667, null, null], "baseline_730": [1.8, 1.0, 1.0, 1.0, 1.2105263157894737, 1.2, 1.457142857142857, 1.3529411764705883, 1.5686274509803921, 1.3793103448275863, 1.5535714285714286, 1.2702702702702702, 1.2982456140350878, 1.08, 1.7076923076923076, 1.0909090909090908, 1.394736842105263, 1.3055555555555556, 1.1, null, 1.5, 1.1666666666666667, null, null], "today": [null, null, null, null, null, null, null, null, null, null, 1.0, null, null, null, 1.0, null, null, 1.0, 1.0, null, null, null, null, null]}, "Bagan Serai": {"baseline": [null, 4.0, null, null, null, 1.0, 1.25, 1.105263157894737, 1.15, 1.1, 1.894736842105263, 1.1818181818181819, 1.875, 1.1428571428571428, 1.1386138613861385, 1.0, 1.25, 1.1428571428571428, 1.0714285714285714, 1.0, 1.0, 1.0, 1.0, null], "baseline_730": [null, 4.0, null, null, null, 1.0, 1.25, 1.105263157894737, 1.15, 1.1, 1.894736842105263, 1.1818181818181819, 1.875, 1.1428571428571428, 1.1386138613861385, 1.0, 1.25, 1.1428571428571428, 1.0714285714285714, 1.0, 1.0, 1.0, 1.0, null], "today": [null, null, null, null, null, null, null, null, null, null, null, null, 1.0, null, null, null, 1.0, null, null, null, null, null, null, null]}, "Bukit Ketri": {"baseline": [null, null, null, null, 2.0, null, 2.0, 1.0, 1.4285714285714286, 1.0, 1.5, 1.6, 1.0909090909090908, 1.0, 1.3333333333333333, 1.0, 1.15, 1.0, 1.0, null, 1.0, 1.4, null, null], "baseline_730": [null, null, null, null, 2.0, null, 2.0, 1.0, 1.4285714285714286, 1.0, 1.5, 1.6, 1.0909090909090908, 1.0, 1.3333333333333333, 1.0, 1.15, 1.0, 1.0, null, 1.0, 1.4, null, null], "today": [null, null, null, null, null, null, null, null, null, null, null, null, null, null, null, null, null, null, null, null, null, null, null, null]}, "Bukit Mertajam": {"baseline": [1.2666666666666666, 1.0, 1.0, 1.0, 1.875, 1.8181818181818181, 1.7596153846153846, 1.411764705882353, 1.7642276422764227, 1.4565217391304348, 1.697674418604651, 1.4193548387096775, 1.7183098591549295, 1.7837837837837838, 2.0, 1.619047619047619, 1.9230769230769231, 1.8842105263157896, 1.7941176470588236, 1.4285714285714286, 1.3055555555555556, 2.0, 2.3333333333333335, 1.0], "baseline_730": [1.2666666666666666, 1.0, 1.0, 1.0, 1.875, 1.8181818181818181, 1.7596153846153846, 1.411764705882353, 1.7642276422764227, 1.4565217391304348, 1.697674418604651, 1.4193548387096775, 1.7183098591549295, 1.7837837837837838, 2.0, 1.619047619047619, 1.9230769230769231, 1.8842105263157896, 1.7941176470588236, 1.4285714285714286, 1.3055555555555556, 2.0, 2.3333333333333335, 1.0], "today": [null, null, null, 1.0, 1.0, null, null, null, 3.0, 1.0, null, null, null, null, null, null, 6.0, null, null, null, 1.0, null, null, null]}, "Bukit Tengah": {"baseline": [1.0, null, null, null, 1.0, 1.45, 1.5609756097560976, 1.0930232558139534, 1.3478260869565217, 1.2352941176470589, 1.263157894736842, 1.16, 1.0909090909090908, 1.1428571428571428, 1.1851851851851851, 1.5238095238095237, 1.7142857142857142, 1.3636363636363635, 1.6774193548387097, 1.2, 1.08, 1.5, 3.0, 1.0], "baseline_730": [1.0, null, null, null, 1.0, 1.45, 1.5609756097560976, 1.0930232558139534, 1.3478260869565217, 1.2352941176470589, 1.263157894736842, 1.16, 1.0909090909090908, 1.1428571428571428, 1.1851851851851851, 1.5238095238095237, 1.7142857142857142, 1.3636363636363635, 1.6774193548387097, 1.2, 1.08, 1.5, 3.0, 1.0], "today": [1.0, null, null, null, null, null, null, 1.0, null, null, null, null, null, null, null, null, null, null, null, null, null, null, null, null]}, "Butterworth": {"baseline": [1.3243243243243243, 1.15, 1.2857142857142858, 1.1428571428571428, 1.7627118644067796, 1.837837837837838, 2.9659863945578233, 1.7868852459016393, 2.8920863309352516, 1.8829787234042554, 2.205607476635514, 1.8035714285714286, 2.088235294117647, 1.9242424242424243, 2.219047619047619, 1.456140350877193, 1.7882352941176471, 1.632183908045977, 1.872093023255814, 1.173913043478261, 1.3, 1.0, 3.6, null], "baseline_730": [1.3243243243243243, 1.15, 1.2857142857142858, 1.1428571428571428, 1.7627118644067796, 1.837837837837838, 2.9659863945578233, 1.7868852459016393, 2.8920863309352516, 1.8829787234042554, 2.205607476635514, 1.8035714285714286, 2.088235294117647, 1.9242424242424243, 2.219047619047619, 1.456140350877193, 1.7882352941176471, 1.632183908045977, 1.872093023255814, 1.173913043478261, 1.3, 1.0, 3.6, null], "today": [null, null, null, null, null, null, null, null, 2.0, null, 1.0, 1.0, null, null, 2.0, 1.0, 1.0, 1.0, 1.0, null, null, null, null, null]}, "Gurun": {"baseline": [1.0, 1.0, null, null, 1.0, 1.0, 1.105263157894737, 1.0, 1.3, 1.0, 1.5, 1.0, 1.4285714285714286, 1.25, 1.3076923076923077, 1.1176470588235294, 1.2105263157894737, 1.3333333333333333, 1.2, 1.0, 1.0, 2.0, 2.0, null], "baseline_730": [1.0, 1.0, null, null, 1.0, 1.0, 1.105263157894737, 1.0, 1.3, 1.0, 1.5, 1.0, 1.4285714285714286, 1.25, 1.3076923076923077, 1.1176470588235294, 1.2105263157894737, 1.3333333333333333, 1.2, 1.0, 1.0, 2.0, 2.0, null], "today": [null, null, null, null, null, null, null, null, null, null, null, null, null, null, null, null, null, 1.0, null, null, null, null, null, null]}, "Ipoh": {"baseline": [1.7647058823529411, 1.5, 1.3333333333333333, 1.0, 1.0, 1.5714285714285714, 6.257309941520468, 8.083798882681565, 7.194444444444445, 2.4728682170542635, 3.7116564417177913, 2.326923076923077, 1.8181818181818181, 3.1818181818181817, 1.8818181818181818, 2.0, 1.6081081081081081, 1.9639639639639639, 1.8508771929824561, 1.65625, 1.1724137931034482, 1.2857142857142858, 8.0, null], "baseline_730": [1.7647058823529411, 1.5, 1.3333333333333333, 1.0, 1.0, 1.5714285714285714, 6.257309941520468, 8.083798882681565, 7.194444444444445, 2.4728682170542635, 3.7116564417177913, 2.326923076923077, 1.8181818181818181, 3.1818181818181817, 1.8818181818181818, 2.0, 1.6081081081081081, 1.9639639639639639, 1.8508771929824561, 1.65625, 1.1724137931034482, 1.2857142857142858, 8.0, null],