{"service": "komuter_utara", "origin": "Sungai Siput", "latest_date": "2026-07-07", "destinations": {"Alor Setar": {"baseline": [1.3333333333333333, null, 1.0, 1.0, 1.0909090909090908, 1.3, 1.72, 1.25, 1.45, 1.25, 1.368421052631579, 1.7222222222222223, 1.9545454545454546, 1.2105263157894737, 1.2, 1.368421052631579, 1.6363636363636365, 1.1612903225806452, 1.5, 1.0, 1.25, null, 2.0, null], "baseline_730": [1.3333333333333333, null, 1.0, 1.0, 1.0909090909090908, 1.3, 1.72, 1.25, 1.45, 1.25, 1.368421052631579, 1.7222222222222223, 1.9545454545454546, 1.2105263157894737, 1.2, 1.368421052631579, 1.6363636363636365, 1.1612903225806452, 1.5, 1.0, 1.25, null, 2.0, null], "today": [null, null, null, null, null, null, null, null, null, null, null, null, null, null, null, null, null, null, null, null, null, null, null, null]}, "Anak Bukit": {"baseline": [1.0, 1.0, 1.0, null, 1.1666666666666667, 1.1111111111111112, 1.6111111111111112, 1.0, 1.1764705882352942, 1.3333333333333333, 1.2727272727272727, 1.1111111111111112, 1.0909090909090908, 1.3333333333333333, 1.6153846153846154, 1.375, 1.2682926829268293, 1.4090909090909092, 1.3333333333333333, null, 1.0, 1.0, 1.0, null], "baseline_730": [1.0, 1.0, 1.0, null, 1.1666666666666667, 1.1111111111111112, 1.6111111111111112, 1.0, 1.1764705882352942, 1.3333333333333333, 1.2727272727272727, 1.1111111111111112, 1.0909090909090908, 1.3333333333333333, 1.6153846153846154, 1.375, 1.2682926829268293, 1.4090909090909092, 1.3333333333333333, null, 1.0, 1.0, 1.0, null], "today": [null, null, null, null, null, null, null, null, null, null, 1.0, null, null, null, null, null, null, null, null, null, null, null, null, null]}, "Arau": {"baseline": [1.8, 1.0, 1.0, 1.0, 1.2105263157894737, 1.2, 1.4492753623188406, 1.3529411764705883, 1.5686274509803921, 1.3928571428571428, 1.5535714285714286, 1.2702702702702702, 1.2982456140350878, 1.08, 1.703125, 1.0909090909090908, 1.394736842105263, 1.3055555555555556, 1.1, null, 1.5, 1.1666666666666667, null, null], "baseline_730": [1.8, 1.0, 1.0, 1.0, 1.2105263157894737, 1.2, 1.4492753623188406, 1.3529411764705883, 1.5686274509803921, 1.3928571428571428, 1.5535714285714286, 1.2702702702702702, 1.2982456140350878, 1.08, 1.703125, 1.0909090909090908, 1.394736842105263, 1.3055555555555556, 1.1, null, 1.5, 1.1666666666666667, null, null], "today": [null, null, null, null, null, null, 2.0, null, null, 1.0, null, null, null, null, 2.0, null, null, null, null, null, null, null, null, null]}, "Bagan Serai": {"baseline": [null, 4.0, null, null, null, 1.0, 1.25, 1.105263157894737, 1.15, 1.1, 1.894736842105263, 1.2, 1.875, 1.1428571428571428, 1.14, 1.0, 1.2608695652173914, 1.1428571428571428, 1.0714285714285714, 1.0, 1.0, 1.0, 1.0, null], "baseline_730": [null, 4.0, null, null, null, 1.0, 1.25, 1.105263157894737, 1.15, 1.1, 1.894736842105263, 1.2, 1.875, 1.1428571428571428, 1.14, 1.0, 1.2608695652173914, 1.1428571428571428, 1.0714285714285714, 1.0, 1.0, 1.0, 1.0, null], "today": [null, null, null, null, null, null, null, null, null, null, null, 1.0, null, null, 1.0, null, 1.0, null, null, null, null, null, null, null]}, "Bukit Ketri": {"baseline": [null, null, null, null, 2.0, null, 2.0, 1.0, 1.4285714285714286, 1.0, 1.5, 1.6, 1.0909090909090908, 1.0, 1.3333333333333333, 1.0, 1.0526315789473684, 1.0, 1.0, null, 1.0, 1.4, null, null], "baseline_730": [null, null, null, null, 2.0, null, 2.0, 1.0, 1.4285714285714286, 1.0, 1.5, 1.6, 1.0909090909090908, 1.0, 1.3333333333333333, 1.0, 1.0526315789473684, 1.0, 1.0, null, 1.0, 1.4, null, null], "today": [null, null, null, null, null, null, null, null, null, null, null, null, null, null, null, null, 3.0, null, null, null, null, null, null, null]}, "Bukit Mertajam": {"baseline": [1.2666666666666666, 1.0, 1.0, 1.0, 1.6666666666666667, 1.8181818181818181, 1.7475728155339805, 1.411764705882353, 1.7704918032786885, 1.4565217391304348, 1.697674418604651, 1.4098360655737705, 1.7285714285714286, 1.7777777777777777, 2.0, 1.619047619047619, 1.9230769230769231, 1.8936170212765957, 1.8059701492537314, 1.45, 1.3055555555555556, 2.0, 2.3333333333333335, 1.0], "baseline_730": [1.2666666666666666, 1.0, 1.0, 1.0, 1.6666666666666667, 1.8181818181818181, 1.7475728155339805, 1.411764705882353, 1.7704918032786885, 1.4565217391304348, 1.697674418604651, 1.4098360655737705, 1.7285714285714286, 1.7777777777777777, 2.0, 1.619047619047619, 1.9230769230769231, 1.8936170212765957, 1.8059701492537314, 1.45, 1.3055555555555556, 2.0, 2.3333333333333335, 1.0], "today": [null, null, null, null, 5.0, null, 3.0, null, 1.0, null, null, 2.0, 1.0, 2.0, null, null, null, 1.0, 1.0, 1.0, null, null, null, null]}, "Bukit Tengah": {"baseline": [1.0, null, null, null, 1.0, 1.45, 1.5609756097560976, 1.0930232558139534, 1.3478260869565217, 1.2352941176470589, 1.2702702702702702, 1.16, 1.0909090909090908, 1.1428571428571428, 1.1851851851851851, 1.5238095238095237, 1.7142857142857142, 1.3636363636363635, 1.6774193548387097, 1.2, 1.08, 1.5, 3.0, 1.0], "baseline_730": [1.0, null, null, null, 1.0, 1.45, 1.5609756097560976, 1.0930232558139534, 1.3478260869565217, 1.2352941176470589, 1.2702702702702702, 1.16, 1.0909090909090908, 1.1428571428571428, 1.1851851851851851, 1.5238095238095237, 1.7142857142857142, 1.3636363636363635, 1.6774193548387097, 1.2, 1.08, 1.5, 3.0, 1.0], "today": [null, null, null, null, null, null, null, null, null, null, 1.0, null, null, null, null, null, null, null, null, null, null, null, null, null]}, "Butterworth": {"baseline": [1.3243243243243243, 1.15, 1.2857142857142858, 1.1428571428571428, 1.7627118644067796, 1.7808219178082192, 2.9726027397260273, 1.7868852459016393, 2.8920863309352516, 1.89247311827957, 2.205607476635514, 1.8035714285714286, 2.0792079207920793, 1.9242424242424243, 2.2211538461538463, 1.456140350877193, 1.7882352941176471, 1.6395348837209303, 1.872093023255814, 1.173913043478261, 1.3103448275862069, 1.0, 3.6, null], "baseline_730": [1.3243243243243243, 1.15, 1.2857142857142858, 1.1428571428571428, 1.7627118644067796, 1.7808219178082192, 2.9726027397260273, 1.7868852459016393, 2.8920863309352516, 1.89247311827957, 2.205607476635514, 1.8035714285714286, 2.0792079207920793, 1.9242424242424243, 2.2211538461538463, 1.456140350877193, 1.7882352941176471, 1.6395348837209303, 1.872093023255814, 1.173913043478261, 1.3103448275862069, 1.0, 3.6, null], "today": [null, null, null, null, null, 6.0, 2.0, null, null, 1.0, null, null, 3.0, null, 2.0, null, null, 1.0, null, null, 1.0, null, null, null]}, "Gurun": {"baseline": [1.0, 1.0, null, null, 1.0, 1.0, 1.105263157894737, 1.0, 1.3, 1.0, 1.5, 1.0, 1.4285714285714286, 1.25, 1.3076923076923077, 1.1176470588235294, 1.2105263157894737, 1.3333333333333333, 1.2, 1.0, 1.0, 2.0, 2.0, null], "baseline_730": [1.0, 1.0, null, null, 1.0, 1.0, 1.105263157894737, 1.0, 1.3, 1.0, 1.5, 1.0, 1.4285714285714286, 1.25, 1.3076923076923077, 1.1176470588235294, 1.2105263157894737, 1.3333333333333333, 1.2, 1.0, 1.0, 2.0, 2.0, null], "today": [null, null, null, null, null, null, null, null, null, null, null, null, null, null, null, null, null, null, null, null, null, null, null, null]}, "Ipoh": {"baseline": [1.7647058823529411, 1.5, 1.3333333333333333, 1.0, 1.0, 1.5714285714285714, 6.194117647058824, 8.067415730337078, 7.184357541899441, 2.4728682170542635, 3.728395061728395, 2.329032258064516, 1.8333333333333333, 3.1908396946564888, 1.8807339449541285, 1.990566037735849, 1.6081081081081081, 1.9636363636363636, 1.8584070796460177, 1.65625, 1.1785714285714286, 1.2857142857142858, 8.0, null], "baseline_730": [1.7647058823529411, 1.5, 1.3333333333333333, 1.0, 1.0, 1.5714285714285714, 6.194117647058824, 8.067415730337078, 7.184357541899441, 2.4728682170542635, 3.728395061728395, 2.329032258064516, 1.8333333333333333, 3.1908396946564888, 1.8807339449541285, 1.990566037735849, 1.6081081081081081, 1.9636363636363636, 1.8584070796460177, 1.65625, 1.1785714285714286, 1.2857142857142858, 8.0, null],