{"service": "komuter_utara", "origin": "Sungai Siput", "latest_date": "2026-06-20", "destinations": {"Alor Setar": {"baseline": [1.2, null, 1.0, 1.0, 1.1, 1.3, 1.75, 1.2727272727272727, 1.4736842105263157, 1.25, 1.3888888888888888, 1.7647058823529411, 2.0, 1.2105263157894737, 1.2272727272727273, 1.0666666666666667, 1.5714285714285714, 1.1724137931034482, 1.5, 1.0, 1.0, null, 2.0, null], "baseline_730": [1.2, null, 1.0, 1.0, 1.1, 1.3, 1.75, 1.2727272727272727, 1.4736842105263157, 1.25, 1.3888888888888888, 1.7647058823529411, 2.0, 1.2105263157894737, 1.2272727272727273, 1.0666666666666667, 1.5714285714285714, 1.1724137931034482, 1.5, 1.0, 1.0, null, 2.0, null], "today": [null, null, null, null, null, null, null, null, null, null, null, null, 1.0, null, null, null, null, null, null, null, null, null, null, null]}, "Anak Bukit": {"baseline": [1.0, 1.0, 1.0, null, 1.1666666666666667, 1.1111111111111112, 1.5625, 1.0, 1.125, 1.3333333333333333, 1.3, 1.1111111111111112, 1.0909090909090908, 1.3333333333333333, 1.64, 1.4, 1.3055555555555556, 1.4210526315789473, 1.3333333333333333, null, 1.0, 1.0, 1.0, null], "baseline_730": [1.0, 1.0, 1.0, null, 1.1666666666666667, 1.1111111111111112, 1.5625, 1.0, 1.125, 1.3333333333333333, 1.3, 1.1111111111111112, 1.0909090909090908, 1.3333333333333333, 1.64, 1.4, 1.3055555555555556, 1.4210526315789473, 1.3333333333333333, null, 1.0, 1.0, 1.0, null], "today": [null, null, null, null, null, null, null, null, null, null, null, null, null, null, null, null, null, null, null, null, null, null, null, null]}, "Arau": {"baseline": [1.8888888888888888, 1.0, 1.0, 1.0, 1.2142857142857142, 1.173913043478261, 1.4444444444444444, 1.3529411764705883, 1.5869565217391304, 1.4782608695652173, 1.625, 1.3125, 1.3061224489795917, 1.0909090909090908, 1.6428571428571428, 1.0909090909090908, 1.411764705882353, 1.3333333333333333, 1.1, null, 1.2, 1.1904761904761905, null, null], "baseline_730": [1.8888888888888888, 1.0, 1.0, 1.0, 1.2142857142857142, 1.173913043478261, 1.4444444444444444, 1.3529411764705883, 1.5869565217391304, 1.4782608695652173, 1.625, 1.3125, 1.3061224489795917, 1.0909090909090908, 1.6428571428571428, 1.0909090909090908, 1.411764705882353, 1.3333333333333333, 1.1, null, 1.2, 1.1904761904761905, null, null], "today": [null, null, null, null, 1.0, null, null, null, null, 1.0, null, 1.0, 1.0, 1.0, null, null, null, null, null, null, 3.0, null, null, null]}, "Bagan Serai": {"baseline": [null, 4.0, null, null, null, 1.0, 1.2, 1.105263157894737, 1.1666666666666667, 1.1111111111111112, 1.7222222222222223, 1.2, 1.875, 1.1428571428571428, 1.1195652173913044, 1.0, 1.2857142857142858, 1.1666666666666667, 1.0833333333333333, 1.0, 1.0, 1.0, 1.0, null], "baseline_730": [null, 4.0, null, null, null, 1.0, 1.2, 1.105263157894737, 1.1666666666666667, 1.1111111111111112, 1.7222222222222223, 1.2, 1.875, 1.1428571428571428, 1.1195652173913044, 1.0, 1.2857142857142858, 1.1666666666666667, 1.0833333333333333, 1.0, 1.0, 1.0, 1.0, null], "today": [null, null, null, null, null, null, null, null, null, null, 5.0, null, null, null, 1.0, null, null, null, null, null, null, null, null, null]}, "Bukit Ketri": {"baseline": [null, null, null, null, 2.0, null, 2.0, 1.0, 1.4285714285714286, 1.0, 1.5, 1.5, 1.1, 1.0, 1.4, 1.0, 1.0555555555555556, 1.0, 1.0, null, 1.0, 1.4, null, null], "baseline_730": [null, null, null, null, 2.0, null, 2.0, 1.0, 1.4285714285714286, 1.0, 1.5, 1.5, 1.1, 1.0, 1.4, 1.0, 1.0555555555555556, 1.0, 1.0, null, 1.0, 1.4, null, null], "today": [null, null, null, null, null, null, null, null, null, 1.0, null, null, 1.0, null, null, null, 1.0, null, null, null, null, null, null, null]}, "Bukit Mertajam": {"baseline": [1.2307692307692308, 1.0, 1.0, 1.0, 1.75, 1.7058823529411764, 1.6989247311827957, 1.4565217391304348, 1.7387387387387387, 1.5121951219512195, 1.7088607594936709, 1.3703703703703705, 1.7377049180327868, 1.875, 1.9634146341463414, 1.5, 1.9390243902439024, 1.9058823529411764, 1.85, 1.4444444444444444, 1.3103448275862069, 2.0, 3.0, 1.0], "baseline_730": [1.2307692307692308, 1.0, 1.0, 1.0, 1.75, 1.7058823529411764, 1.6989247311827957, 1.4565217391304348, 1.7387387387387387, 1.5121951219512195, 1.7088607594936709, 1.3703703703703705, 1.7377049180327868, 1.875, 1.9634146341463414, 1.5, 1.9390243902439024, 1.9058823529411764, 1.85, 1.4444444444444444, 1.3103448275862069, 2.0, 3.0, 1.0], "today": [null, null, null, null, null, null, 3.0, null, null, null, 2.0, 2.0, null, 1.0, null, null, null, null, null, null, null, null, null, null]}, "Bukit Tengah": {"baseline": [1.0, null, null, null, 1.0, 1.45, 1.5694444444444444, 1.1, 1.3636363636363635, 1.2352941176470589, 1.2571428571428571, 1.15, 1.1, 1.1428571428571428, 1.2, 1.55, 1.5833333333333333, 1.2666666666666666, 1.7241379310344827, 1.2222222222222223, 1.0869565217391304, 1.5, 3.0, 1.0], "baseline_730": [1.0, null, null, null, 1.0, 1.45, 1.5694444444444444, 1.1, 1.3636363636363635, 1.2352941176470589, 1.2571428571428571, 1.15, 1.1, 1.1428571428571428, 1.2, 1.55, 1.5833333333333333, 1.2666666666666666, 1.7241379310344827, 1.2222222222222223, 1.0869565217391304, 1.5, 3.0, 1.0], "today": [null, null, null, null, null, null, null, null, null, null, null, null, null, null, null, null, null, 2.0, null, null, null, null, null, null]}, "Butterworth": {"baseline": [1.3125, 1.0625, 1.2857142857142858, 1.1538461538461537, 1.7272727272727273, 1.7538461538461538, 2.9849624060150375, 1.8214285714285714, 2.952, 1.9090909090909092, 2.2526315789473683, 1.816326530612245, 2.1444444444444444, 1.967741935483871, 2.216494845360825, 1.4615384615384615, 1.8181818181818181, 1.6578947368421053, 1.8571428571428572, 1.1951219512195121, 1.1666666666666667, null, 3.6, null], "baseline_730": [1.3125, 1.0625, 1.2857142857142858, 1.1538461538461537, 1.7272727272727273, 1.7538461538461538, 2.9849624060150375, 1.8214285714285714, 2.952, 1.9090909090909092, 2.2526315789473683, 1.816326530612245, 2.1444444444444444, 1.967741935483871, 2.216494845360825, 1.4615384615384615, 1.8181818181818181, 1.6578947368421053, 1.8571428571428572, 1.1951219512195121, 1.1666666666666667, null, 3.6, null], "today": [null, null, null, null, null, 2.0, 7.0, 2.0, 2.0, 2.0, 1.0, 2.0, 1.0, null, null, null, 1.0, null, null, 1.0, null, null, null, null]}, "Gurun": {"baseline": [1.0, 1.0, null, null, 1.0, 1.0, 1.0588235294117647, 1.0, 1.3333333333333333, 1.0, 1.5454545454545454, 1.0, 1.3636363636363635, 1.25, 1.2727272727272727, 1.0769230769230769, 1.2222222222222223, 1.3478260869565217, 1.3333333333333333, 1.0, 1.0, null, 2.0, null], "baseline_730": [1.0, 1.0, null, null, 1.0, 1.0, 1.0588235294117647, 1.0, 1.3333333333333333, 1.0, 1.5454545454545454, 1.0, 1.3636363636363635, 1.25, 1.2727272727272727, 1.0769230769230769, 1.2222222222222223, 1.3478260869565217, 1.3333333333333333, 1.0, 1.0, null, 2.0, null], "today": [null, null, null, null, null, null, null, null, null, null, null, null, null, null, null, null, null, null, null, null, null, null, null, null]}, "Ipoh": {"baseline": [1.8125, 1.5714285714285714, 1.3333333333333333, 1.0, 1.0, 1.5714285714285714, 6.187096774193549, 8.031446540880504, 7.0375, 2.3947368421052633, 3.8175675675675675, 2.3649635036496353, 1.7659574468085106, 3.2051282051282053, 1.8762886597938144, 2.032258064516129, 1.621212121212121, 1.96875, 1.8584905660377358, 1.709090909090909, 1.2083333333333333, 1.2857142857142858, 8.0, null], "baseline_730": [1.8125, 1.5714285714285714, 1.3333333333333333, 1.0, 1.0, 1.5714285714285714, 6.187096774193549, 8.031446540880504, 7.0375, 2.3947368421052633, 3.8175675675675675, 2.3649635036496353, 1.7659574468085106, 3.2051282051282053, 1.8762886597938144, 2.032258064516129, 1.621212121212121, 1.96875, 1.8584905660377358, 1.709090909090909, 1.2083333333333333, 1.2857142857142858, 8.0, null], "today": [null, null, null, null, null, null, null, 7.0, 4.0, 6.0, 6.0, 4.0, null, 6.0, 2.0, null, null, 1.0, null, 1.0, null, null, null, null]},