{"service": "komuter_utara", "origin": "Sungai Siput", "latest_date": "2026-07-11", "destinations": {"Alor Setar": {"baseline": [1.3333333333333333, null, 1.0, 1.0, 1.0909090909090908, 1.3, 1.72, 1.25, 1.45, 1.25, 1.4, 1.7222222222222223, 1.9545454545454546, 1.2105263157894737, 1.2, 1.45, 1.6363636363636365, 1.15625, 1.5, 1.0, 1.25, null, 2.0, null], "baseline_730": [1.3333333333333333, null, 1.0, 1.0, 1.0909090909090908, 1.3, 1.72, 1.25, 1.45, 1.25, 1.4, 1.7222222222222223, 1.9545454545454546, 1.2105263157894737, 1.2, 1.45, 1.6363636363636365, 1.15625, 1.5, 1.0, 1.25, null, 2.0, null], "today": [null, null, null, null, null, null, null, null, null, null, null, null, 1.0, null, null, null, null, null, null, null, null, null, null, null]}, "Anak Bukit": {"baseline": [1.0, 1.0, 1.0, null, 1.1666666666666667, 1.1111111111111112, 1.5789473684210527, 1.0, 1.1764705882352942, 1.3333333333333333, 1.25, 1.1111111111111112, 1.0909090909090908, 1.3333333333333333, 1.6153846153846154, 1.375, 1.2682926829268293, 1.4090909090909092, 1.3333333333333333, null, 1.0, 1.0, 1.0, null], "baseline_730": [1.0, 1.0, 1.0, null, 1.1666666666666667, 1.1111111111111112, 1.5789473684210527, 1.0, 1.1764705882352942, 1.3333333333333333, 1.25, 1.1111111111111112, 1.0909090909090908, 1.3333333333333333, 1.6153846153846154, 1.375, 1.2682926829268293, 1.4090909090909092, 1.3333333333333333, null, 1.0, 1.0, 1.0, null], "today": [null, null, null, null, null, null, 1.0, null, null, null, null, null, null, null, null, 1.0, 2.0, 2.0, 2.0, null, null, null, null, null]}, "Arau": {"baseline": [1.8, 1.0, 1.0, 1.0, 1.2105263157894737, 1.2, 1.457142857142857, 1.3333333333333333, 1.5686274509803921, 1.3666666666666667, 1.543859649122807, 1.2702702702702702, 1.3103448275862069, 1.08, 1.696969696969697, 1.0833333333333333, 1.394736842105263, 1.2972972972972974, 1.0909090909090908, null, 1.5, 1.1666666666666667, null, null], "baseline_730": [1.8, 1.0, 1.0, 1.0, 1.2105263157894737, 1.2, 1.457142857142857, 1.3333333333333333, 1.5686274509803921, 1.3666666666666667, 1.543859649122807, 1.2702702702702702, 1.3103448275862069, 1.08, 1.696969696969697, 1.0833333333333333, 1.394736842105263, 1.2972972972972974, 1.0909090909090908, null, 1.5, 1.1666666666666667, null, null], "today": [null, null, null, null, null, null, null, null, null, null, null, null, null, null, null, null, null, null, 1.0, null, null, null, null, null]}, "Bagan Serai": {"baseline": [null, 4.0, null, null, null, 1.0, 1.25, 1.105263157894737, 1.15, 1.1, 1.85, 1.1818181818181819, 1.8235294117647058, 1.1428571428571428, 1.145631067961165, 1.0, 1.24, 1.1428571428571428, 1.0714285714285714, 1.0, 1.0, 1.0, 1.0, null], "baseline_730": [null, 4.0, null, null, null, 1.0, 1.25, 1.105263157894737, 1.15, 1.1, 1.85, 1.1818181818181819, 1.8235294117647058, 1.1428571428571428, 1.145631067961165, 1.0, 1.24, 1.1428571428571428, 1.0714285714285714, 1.0, 1.0, 1.0, 1.0, null], "today": [null, null, null, null, null, null, 1.0, null, 1.0, null, null, 1.0, null, 1.0, null, null, 1.0, null, null, null, null, null, null, null]}, "Bukit Ketri": {"baseline": [null, null, null, null, 2.0, null, 2.0, 1.0, 1.4285714285714286, 1.0, 1.5, 1.6, 1.0869565217391304, 1.0, 1.3333333333333333, 1.0, 1.15, 1.0, 1.0, null, 1.0, 1.4, null, null], "baseline_730": [null, null, null, null, 2.0, null, 2.0, 1.0, 1.4285714285714286, 1.0, 1.5, 1.6, 1.0869565217391304, 1.0, 1.3333333333333333, 1.0, 1.15, 1.0, 1.0, null, 1.0, 1.4, null, null], "today": [null, null, null, null, null, null, null, null, null, null, null, null, null, null, null, null, 1.0, null, null, null, null, null, null, null]}, "Bukit Mertajam": {"baseline": [1.2666666666666666, 1.0, 1.0, 1.0, 1.8235294117647058, 1.8181818181818181, 1.7596153846153846, 1.411764705882353, 1.768, 1.446808510638298, 1.6896551724137931, 1.40625, 1.7083333333333333, 1.7837837837837838, 2.0, 1.619047619047619, 1.9673913043478262, 1.8762886597938144, 1.7714285714285714, 1.4285714285714286, 1.2894736842105263, 2.0, 2.3333333333333335, 1.0], "baseline_730": [1.2666666666666666, 1.0, 1.0, 1.0, 1.8235294117647058, 1.8181818181818181, 1.7596153846153846, 1.411764705882353, 1.768, 1.446808510638298, 1.6896551724137931, 1.40625, 1.7083333333333333, 1.7837837837837838, 2.0, 1.619047619047619, 1.9673913043478262, 1.8762886597938144, 1.7714285714285714, 1.4285714285714286, 1.2894736842105263, 2.0, 2.3333333333333335, 1.0], "today": [null, null, null, null, null, null, 2.0, 1.0, null, 2.0, null, null, 3.0, null, null, null, 1.0, 2.0, 3.0, null, null, null, null, null]}, "Bukit Tengah": {"baseline": [1.0, null, null, null, 1.0, 1.45, 1.5609756097560976, 1.0909090909090908, 1.3333333333333333, 1.2352941176470589, 1.2564102564102564, 1.16, 1.0909090909090908, 1.1428571428571428, 1.1851851851851851, 1.5238095238095237, 1.7142857142857142, 1.3529411764705883, 1.6774193548387097, 1.2, 1.0769230769230769, 1.5, 3.0, 1.0], "baseline_730": [1.0, null, null, null, 1.0, 1.45, 1.5609756097560976, 1.0909090909090908, 1.3333333333333333, 1.2352941176470589, 1.2564102564102564, 1.16, 1.0909090909090908, 1.1428571428571428, 1.1851851851851851, 1.5238095238095237, 1.7142857142857142, 1.3529411764705883, 1.6774193548387097, 1.2, 1.0769230769230769, 1.5, 3.0, 1.0], "today": [null, null, null, null, null, null, null, null, null, null, null, null, null, null, null, null, null, null, null, null, null, null, null, null]}, "Butterworth": {"baseline": [1.3243243243243243, 1.15, 1.25, 1.1428571428571428, 1.7627118644067796, 1.8266666666666667, 2.9659863945578233, 1.7868852459016393, 2.859154929577465, 1.8829787234042554, 2.1818181818181817, 1.7964601769911503, 2.0673076923076925, 1.9104477611940298, 2.2169811320754715, 1.4333333333333333, 1.7790697674418605, 1.6179775280898876, 1.8620689655172413, 1.173913043478261, 1.3, 1.0, 3.6, null], "baseline_730": [1.3243243243243243, 1.15, 1.25, 1.1428571428571428, 1.7627118644067796, 1.8266666666666667, 2.9659863945578233, 1.7868852459016393, 2.859154929577465, 1.8829787234042554, 2.1818181818181817, 1.7964601769911503, 2.0673076923076925, 1.9104477611940298, 2.2169811320754715, 1.4333333333333333, 1.7790697674418605, 1.6179775280898876, 1.8620689655172413, 1.173913043478261, 1.3, 1.0, 3.6, null], "today": [null, null, null, null, null, 1.0, 4.0, 3.0, 9.0, 2.0, null, null, 2.0, null, null, 1.0, null, null, 1.0, 1.0, null, null, null, null]}, "Gurun": {"baseline": [1.0, 1.0, null, null, 1.0, 1.0, 1.1, 1.0, 1.3, 1.0, 1.5, 1.0, 1.4, 1.25, 1.3076923076923077, 1.1176470588235294, 1.2, 1.2962962962962963, 1.2, 1.0, 1.0, 2.0, 2.0, null], "baseline_730": [1.0, 1.0, null, null, 1.0, 1.0, 1.1, 1.0, 1.3, 1.0, 1.5, 1.0, 1.4, 1.25, 1.3076923076923077, 1.1176470588235294, 1.2, 1.2962962962962963, 1.2, 1.0, 1.0, 2.0, 2.0, null], "today": [null, null, null, null, null, null, null, null, null, null, null, null, null, null, null, null, null, null, null, null, null, null, null, null]}, "Ipoh": {"baseline": [1.7428571428571429, 1.5, 1.25, 1.0, 1.0, 1.5714285714285714, 6.339080459770115, 8.131868131868131, 7.2349726775956285, 2.4732824427480917, 3.674698795180723, 2.3354430379746836, 1.7758620689655173, 3.1555555555555554, 1.875, 2.009259259259259, 1.6, 1.9649122807017543, 1.8793103448275863, 1.65625, 1.1666666666666667, 1.2857142857142858, 8.0, null], "baseline_730": [1.7428571428571429, 1.5, 1.25, 1.0, 1.0, 1.5714285714285714, 6.339080459770115, 8.131868131868131, 7.2349726775956285, 2.4732824427480917, 3.674698795180723, 2.3354430379746836, 1.7758620689655173, 3.1555555555555554, 1.875, 2.009259259259259, 1.6, 1.9649122807017543, 1.8793103448275863, 1.65625, 1.1666666666666667, 1.2857142857142858, 8.0, null], "today": [null, null, null, null, null, null, 7.0, 4.0, 9.0, 2.0, 8.0, 2.0, 2.0, 7.0, 1.0, null, 1.0, null, 2.0, 3.0, null, null, null, null]},