{"service": "komuter_utara", "origin": "Sungai Siput", "latest_date": "2026-06-19", "destinations": {"Alor Setar": {"baseline": [1.2, null, 1.0, 1.0, 1.1, 1.3, 1.75, 1.2727272727272727, 1.4736842105263157, 1.25, 1.3888888888888888, 1.8125, 2.0, 1.2105263157894737, 1.2272727272727273, 1.0666666666666667, 1.5714285714285714, 1.1724137931034482, 1.5, 1.0, 1.0, null, 2.0, null], "baseline_730": [1.2, null, 1.0, 1.0, 1.1, 1.3, 1.75, 1.2727272727272727, 1.4736842105263157, 1.25, 1.3888888888888888, 1.8125, 2.0, 1.2105263157894737, 1.2272727272727273, 1.0666666666666667, 1.5714285714285714, 1.1724137931034482, 1.5, 1.0, 1.0, null, 2.0, null], "today": [null, null, null, null, null, null, null, null, null, null, null, 1.0, null, null, null, null, null, null, null, null, null, null, null, null]}, "Anak Bukit": {"baseline": [1.0, 1.0, 1.0, null, 1.1666666666666667, 1.1111111111111112, 1.5625, 1.0, 1.125, 1.3333333333333333, 1.3, 1.1111111111111112, 1.0909090909090908, 1.3333333333333333, 1.64, 1.4, 1.3055555555555556, 1.4444444444444444, 1.3333333333333333, null, 1.0, 1.0, 1.0, null], "baseline_730": [1.0, 1.0, 1.0, null, 1.1666666666666667, 1.1111111111111112, 1.5625, 1.0, 1.125, 1.3333333333333333, 1.3, 1.1111111111111112, 1.0909090909090908, 1.3333333333333333, 1.64, 1.4, 1.3055555555555556, 1.4444444444444444, 1.3333333333333333, null, 1.0, 1.0, 1.0, null], "today": [null, null, null, null, null, null, null, null, null, null, null, null, null, null, null, null, null, 1.0, null, null, null, null, null, null]}, "Arau": {"baseline": [1.8888888888888888, 1.0, 1.0, 1.0, 1.2142857142857142, 1.173913043478261, 1.4444444444444444, 1.3529411764705883, 1.5869565217391304, 1.4782608695652173, 1.625, 1.3125, 1.3061224489795917, 1.0909090909090908, 1.6545454545454545, 1.0909090909090908, 1.411764705882353, 1.3333333333333333, 1.1, null, 1.2, 1.1904761904761905, null, null], "baseline_730": [1.8888888888888888, 1.0, 1.0, 1.0, 1.2142857142857142, 1.173913043478261, 1.4444444444444444, 1.3529411764705883, 1.5869565217391304, 1.4782608695652173, 1.625, 1.3125, 1.3061224489795917, 1.0909090909090908, 1.6545454545454545, 1.0909090909090908, 1.411764705882353, 1.3333333333333333, 1.1, null, 1.2, 1.1904761904761905, null, null], "today": [null, null, null, null, null, null, null, null, null, null, null, null, null, null, 1.0, null, null, null, null, null, null, null, null, null]}, "Bagan Serai": {"baseline": [null, 4.0, null, null, null, 1.0, 1.2, 1.105263157894737, 1.1666666666666667, 1.1111111111111112, 1.7222222222222223, 1.2, 1.875, 1.1428571428571428, 1.120879120879121, 1.0, 1.2857142857142858, 1.1666666666666667, 1.0833333333333333, 1.0, 1.0, 1.0, 1.0, null], "baseline_730": [null, 4.0, null, null, null, 1.0, 1.2, 1.105263157894737, 1.1666666666666667, 1.1111111111111112, 1.7222222222222223, 1.2, 1.875, 1.1428571428571428, 1.120879120879121, 1.0, 1.2857142857142858, 1.1666666666666667, 1.0833333333333333, 1.0, 1.0, 1.0, 1.0, null], "today": [null, null, null, null, null, null, null, null, null, null, null, null, null, null, 1.0, null, null, null, null, null, null, null, null, null]}, "Bukit Ketri": {"baseline": [null, null, null, null, 2.0, null, 2.0, 1.0, 1.4285714285714286, 1.0, 1.5, 1.5, 1.1, 1.0, 1.4, 1.0, 1.0588235294117647, 1.0, 1.0, null, 1.0, 1.4, null, null], "baseline_730": [null, null, null, null, 2.0, null, 2.0, 1.0, 1.4285714285714286, 1.0, 1.5, 1.5, 1.1, 1.0, 1.4, 1.0, 1.0588235294117647, 1.0, 1.0, null, 1.0, 1.4, null, null], "today": [null, null, null, null, null, null, null, null, null, null, null, null, null, null, null, null, 1.0, null, null, null, null, null, null, null]}, "Bukit Mertajam": {"baseline": [1.2307692307692308, 1.0, 1.0, 1.0, 1.75, 1.7058823529411764, 1.7065217391304348, 1.4565217391304348, 1.7272727272727273, 1.5121951219512195, 1.7088607594936709, 1.3773584905660377, 1.7377049180327868, 1.875, 1.9634146341463414, 1.5, 1.9390243902439024, 1.869047619047619, 1.85, 1.4444444444444444, 1.3103448275862069, 2.0, 3.0, 1.0], "baseline_730": [1.2307692307692308, 1.0, 1.0, 1.0, 1.75, 1.7058823529411764, 1.7065217391304348, 1.4565217391304348, 1.7272727272727273, 1.5121951219512195, 1.7088607594936709, 1.3773584905660377, 1.7377049180327868, 1.875, 1.9634146341463414, 1.5, 1.9390243902439024, 1.869047619047619, 1.85, 1.4444444444444444, 1.3103448275862069, 2.0, 3.0, 1.0], "today": [null, null, null, null, null, null, 1.0, null, 3.0, null, null, 1.0, null, null, null, null, null, 5.0, null, null, null, null, null, null]}, "Bukit Tengah": {"baseline": [1.0, null, null, null, 1.0, 1.45, 1.5774647887323943, 1.1, 1.3636363636363635, 1.2352941176470589, 1.2571428571428571, 1.15, 1.1, 1.1428571428571428, 1.2, 1.5263157894736843, 1.5833333333333333, 1.2666666666666666, 1.7241379310344827, 1.2222222222222223, 1.0869565217391304, 1.5, 3.0, 1.0], "baseline_730": [1.0, null, null, null, 1.0, 1.45, 1.5774647887323943, 1.1, 1.3636363636363635, 1.2352941176470589, 1.2571428571428571, 1.15, 1.1, 1.1428571428571428, 1.2, 1.5263157894736843, 1.5833333333333333, 1.2666666666666666, 1.7241379310344827, 1.2222222222222223, 1.0869565217391304, 1.5, 3.0, 1.0], "today": [null, null, null, null, null, null, 1.0, null, null, null, null, null, null, null, null, 2.0, null, null, null, null, null, null, null, null]}, "Butterworth": {"baseline": [1.3225806451612903, 1.0625, 1.2857142857142858, 1.1538461538461537, 1.7272727272727273, 1.7538461538461538, 2.977272727272727, 1.8181818181818181, 2.967741935483871, 1.9080459770114941, 2.25531914893617, 1.816326530612245, 2.134831460674157, 1.9672131147540983, 2.21875, 1.4615384615384615, 1.8181818181818181, 1.6666666666666667, 1.8571428571428572, 1.1951219512195121, 1.1666666666666667, null, 3.6, null], "baseline_730": [1.3225806451612903, 1.0625, 1.2857142857142858, 1.1538461538461537, 1.7272727272727273, 1.7538461538461538, 2.977272727272727, 1.8181818181818181, 2.967741935483871, 1.9080459770114941, 2.25531914893617, 1.816326530612245, 2.134831460674157, 1.9672131147540983, 2.21875, 1.4615384615384615, 1.8181818181818181, 1.6666666666666667, 1.8571428571428572, 1.1951219512195121, 1.1666666666666667, null, 3.6, null], "today": [1.0, null, null, null, null, null, 4.0, 2.0, 1.0, 2.0, 2.0, null, 3.0, 2.0, 2.0, null, null, 1.0, null, null, null, null, null, null]}, "Gurun": {"baseline": [1.0, 1.0, null, null, 1.0, 1.0, 1.0588235294117647, 1.0, 1.3333333333333333, 1.0, 1.5454545454545454, 1.0, 1.3636363636363635, 1.25, 1.2727272727272727, 1.0769230769230769, 1.2352941176470589, 1.3478260869565217, 1.3333333333333333, 1.0, 1.0, null, 2.0, null], "baseline_730": [1.0, 1.0, null, null, 1.0, 1.0, 1.0588235294117647, 1.0, 1.3333333333333333, 1.0, 1.5454545454545454, 1.0, 1.3636363636363635, 1.25, 1.2727272727272727, 1.0769230769230769, 1.2352941176470589, 1.3478260869565217, 1.3333333333333333, 1.0, 1.0, null, 2.0, null], "today": [null, null, null, null, null, null, null, null, null, null, null, null, null, null, null, null, 1.0, null, null, null, null, null, null, null]}, "Ipoh": {"baseline": [1.8125, 1.5714285714285714, 1.3333333333333333, 1.0, 1.0, 1.5714285714285714, 6.188311688311688, 8.025316455696203, 7.044025157232705, 2.3805309734513274, 3.8175675675675675, 2.375, 1.7659574468085106, 3.1982758620689653, 1.84375, 2.0434782608695654, 1.6, 1.96875, 1.8584905660377358, 1.709090909090909, 1.2083333333333333, 1.2857142857142858, 8.0, null], "baseline_730": [1.8125, 1.5714285714285714, 1.3333333333333333, 1.0, 1.0, 1.5714285714285714, 6.188311688311688, 8.025316455696203, 7.044025157232705, 2.3805309734513274, 3.8175675675675675, 2.375, 1.7659574468085106, 3.1982758620689653, 1.84375, 2.0434782608695654, 1.6, 1.96875, 1.8584905660377358, 1.709090909090909, 1.2083333333333333, 1.2857142857142858, 8.0, null], "today": [null, null, null, null, null, null, 6.0, 9.0, 6.0, 4.0, null, 1.0, null, 4.0, 5.0, 1.0, 3.0, null, null, null, null, null, null, null]},