{"service": "komuter_utara", "origin": "Sungai Siput", "latest_date": "2026-07-05", "destinations": {"Alor Setar": {"baseline": [1.2, null, 1.0, 1.0, 1.0952380952380953, 1.3, 1.72, 1.25, 1.45, 1.25, 1.3888888888888888, 1.7647058823529411, 1.9545454545454546, 1.2105263157894737, 1.2, 1.1666666666666667, 1.6363636363636365, 1.1612903225806452, 1.5, 1.0, 1.25, null, 2.0, null], "baseline_730": [1.2, null, 1.0, 1.0, 1.0952380952380953, 1.3, 1.72, 1.25, 1.45, 1.25, 1.3888888888888888, 1.7647058823529411, 1.9545454545454546, 1.2105263157894737, 1.2, 1.1666666666666667, 1.6363636363636365, 1.1612903225806452, 1.5, 1.0, 1.25, null, 2.0, null], "today": [2.0, null, null, null, null, null, null, null, null, null, null, 1.0, null, null, null, null, null, null, null, null, null, null, null, null]}, "Anak Bukit": {"baseline": [1.0, 1.0, 1.0, null, 1.1666666666666667, 1.1111111111111112, 1.6111111111111112, 1.0, 1.1764705882352942, 1.3333333333333333, 1.3, 1.1111111111111112, 1.0909090909090908, 1.3333333333333333, 1.6153846153846154, 1.375, 1.275, 1.4285714285714286, 1.3333333333333333, null, 1.0, 1.0, 1.0, null], "baseline_730": [1.0, 1.0, 1.0, null, 1.1666666666666667, 1.1111111111111112, 1.6111111111111112, 1.0, 1.1764705882352942, 1.3333333333333333, 1.3, 1.1111111111111112, 1.0909090909090908, 1.3333333333333333, 1.6153846153846154, 1.375, 1.275, 1.4285714285714286, 1.3333333333333333, null, 1.0, 1.0, 1.0, null], "today": [null, null, null, null, null, null, null, null, null, null, null, null, null, null, null, null, 1.0, null, null, null, null, null, null, null]}, "Arau": {"baseline": [1.8, 1.0, 1.0, 1.0, 1.2105263157894737, 1.2, 1.4558823529411764, 1.3529411764705883, 1.56, 1.3928571428571428, 1.5535714285714286, 1.2777777777777777, 1.3035714285714286, 1.0833333333333333, 1.6984126984126984, 1.0909090909090908, 1.394736842105263, 1.3142857142857143, 1.1, null, 1.5, 1.173913043478261, null, null], "baseline_730": [1.8, 1.0, 1.0, 1.0, 1.2105263157894737, 1.2, 1.4558823529411764, 1.3529411764705883, 1.56, 1.3928571428571428, 1.5535714285714286, 1.2777777777777777, 1.3035714285714286, 1.0833333333333333, 1.6984126984126984, 1.0909090909090908, 1.394736842105263, 1.3142857142857143, 1.1, null, 1.5, 1.173913043478261, null, null], "today": [null, null, null, null, null, null, null, null, null, null, null, 1.0, 1.0, 1.0, 2.0, null, null, 1.0, null, null, null, 1.0, null, null]}, "Bagan Serai": {"baseline": [null, 4.0, null, null, null, 1.0, 1.2608695652173914, 1.105263157894737, 1.1578947368421053, 1.1, 1.894736842105263, 1.2, 1.875, 1.1428571428571428, 1.1414141414141414, 1.0, 1.2608695652173914, 1.1428571428571428, 1.0714285714285714, 1.0, 1.0, 1.0, 1.0, null], "baseline_730": [null, 4.0, null, null, null, 1.0, 1.2608695652173914, 1.105263157894737, 1.1578947368421053, 1.1, 1.894736842105263, 1.2, 1.875, 1.1428571428571428, 1.1414141414141414, 1.0, 1.2608695652173914, 1.1428571428571428, 1.0714285714285714, 1.0, 1.0, 1.0, 1.0, null], "today": [null, null, null, null, null, null, null, null, null, null, null, null, null, null, 1.0, null, null, null, null, null, null, null, null, null]}, "Bukit Ketri": {"baseline": [null, null, null, null, 2.0, null, 2.0, 1.0, 1.4285714285714286, 1.0, 1.5, 1.6, 1.0952380952380953, 1.0, 1.3333333333333333, 1.0, 1.0526315789473684, 1.0, 1.0, null, 1.0, 1.4, null, null], "baseline_730": [null, null, null, null, 2.0, null, 2.0, 1.0, 1.4285714285714286, 1.0, 1.5, 1.6, 1.0952380952380953, 1.0, 1.3333333333333333, 1.0, 1.0526315789473684, 1.0, 1.0, null, 1.0, 1.4, null, null], "today": [null, null, null, null, null, null, null, null, null, null, null, null, null, null, null, null, null, null, null, null, null, null, null, null]}, "Bukit Mertajam": {"baseline": [1.2142857142857142, 1.0, 1.0, 1.0, 1.7692307692307692, 1.8181818181818181, 1.7450980392156863, 1.4285714285714286, 1.7833333333333334, 1.4666666666666666, 1.697674418604651, 1.4098360655737705, 1.7205882352941178, 1.7777777777777777, 2.0, 1.619047619047619, 1.9111111111111112, 1.8804347826086956, 1.803030303030303, 1.45, 1.3142857142857143, 2.0, 2.3333333333333335, 1.0], "baseline_730": [1.2142857142857142, 1.0, 1.0, 1.0, 1.7692307692307692, 1.8181818181818181, 1.7450980392156863, 1.4285714285714286, 1.7833333333333334, 1.4666666666666666, 1.697674418604651, 1.4098360655737705, 1.7205882352941178, 1.7777777777777777, 2.0, 1.619047619047619, 1.9111111111111112, 1.8804347826086956, 1.803030303030303, 1.45, 1.3142857142857143, 2.0, 2.3333333333333335, 1.0], "today": [2.0, null, null, null, 1.0, null, null, 1.0, 1.0, null, null, null, 2.0, null, 2.0, null, 3.0, 3.0, 2.0, null, 1.0, null, null, null]}, "Bukit Tengah": {"baseline": [1.0, null, null, null, 1.0, 1.45, 1.5625, 1.0930232558139534, 1.3478260869565217, 1.2352941176470589, 1.2702702702702702, 1.125, 1.0909090909090908, 1.1428571428571428, 1.1851851851851851, 1.55, 1.7037037037037037, 1.3125, 1.6774193548387097, 1.2, 1.08, 1.5, 3.0, 1.0], "baseline_730": [1.0, null, null, null, 1.0, 1.45, 1.5625, 1.0930232558139534, 1.3478260869565217, 1.2352941176470589, 1.2702702702702702, 1.125, 1.0909090909090908, 1.1428571428571428, 1.1851851851851851, 1.55, 1.7037037037037037, 1.3125, 1.6774193548387097, 1.2, 1.08, 1.5, 3.0, 1.0], "today": [null, null, null, null, null, null, 1.0, null, null, null, null, null, null, null, null, 1.0, 2.0, 3.0, null, null, null, null, null, null]}, "Butterworth": {"baseline": [1.3243243243243243, 1.15, 1.2857142857142858, 1.1538461538461537, 1.7758620689655173, 1.7638888888888888, 2.9655172413793105, 1.7833333333333334, 2.897810218978102, 1.9021739130434783, 2.1714285714285713, 1.7837837837837838, 2.08, 1.9384615384615385, 2.2233009708737863, 1.456140350877193, 1.7857142857142858, 1.6352941176470588, 1.8705882352941177, 1.173913043478261, 1.3103448275862069, 1.0, 3.6, null], "baseline_730": [1.3243243243243243, 1.15, 1.2857142857142858, 1.1538461538461537, 1.7758620689655173, 1.7638888888888888, 2.9655172413793105, 1.7833333333333334, 2.897810218978102, 1.9021739130434783, 2.1714285714285713, 1.7837837837837838, 2.08, 1.9384615384615385, 2.2233009708737863, 1.456140350877193, 1.7857142857142858, 1.6352941176470588, 1.8705882352941177, 1.173913043478261, 1.3103448275862069, 1.0, 3.6, null], "today": [null, null, null, null, 1.0, null, null, 2.0, 3.0, null, 5.0, 4.0, 2.0, 1.0, 2.0, null, null, null, 2.0, null, null, null, null, null]}, "Gurun": {"baseline": [1.0, 1.0, null, null, 1.0, 1.0, 1.105263157894737, 1.0, 1.3, 1.0, 1.5, 1.0, 1.4285714285714286, 1.25, 1.3076923076923077, 1.1176470588235294, 1.2105263157894737, 1.3478260869565217, 1.2, 1.0, 1.0, 2.0, 2.0, null], "baseline_730": [1.0, 1.0, null, null, 1.0, 1.0, 1.105263157894737, 1.0, 1.3, 1.0, 1.5, 1.0, 1.4285714285714286, 1.25, 1.3076923076923077, 1.1176470588235294, 1.2105263157894737, 1.3478260869565217, 1.2, 1.0, 1.0, 2.0, 2.0, null], "today": [null, null, null, null, null, null, null, null, null, null, null, null, null, null, null, null, null, 1.0, null, null, null, null, null, null]}, "Ipoh": {"baseline": [1.7647058823529411, 1.5, 1.3333333333333333, 1.0, 1.0, 1.5714285714285714, 6.25, 8.096590909090908, 7.163841807909605, 2.4645669291338583, 3.75, 2.34640522875817, 1.8113207547169812, 3.201550387596899, 1.8703703703703705, 2.0096153846153846, 1.6164383561643836, 1.944954128440367, 1.8482142857142858, 1.6666666666666667, 1.1785714285714286, 1.2857142857142858, 8.0, null], "baseline_730": [1.7647058823529411, 1.5, 1.3333333333333333, 1.0, 1.0, 1.5714285714285714, 6.25, 8.096590909090908, 7.163841807909605, 2.4645669291338583, 3.75, 2.34640522875817, 1.8113207547169812, 3.201550387596899, 1.8703703703703705, 2.0096153846153846, 1.6164383561643836, 1.944954128440367, 1.8482142857142858, 1.6666666666666667, 1.1785714285714286, 1.2857142857142858, 8.0, null], "today": [null, null, null, null, null, null, 1.0, 2.0, 1.0, 3.0, 3.0, 1.0, null, 3.0, null, 1.0, 1.0, 4.0, 3.0, 1.0, null, null, null, null]},