{"min_lat": 1.663129, "max_lat": 3.376172, "min_lon": 101.41023, "max_lon": 103.600489}